ticket_id,category,text_category,issue,retagged
TK-240001,Account & Login,Account & Login,login,False
TK-240002,Audio Quality,Audio Quality,audio,False
TK-240003,Billing & Payments,Billing & Payments,dup_payment,False
TK-240004,Delivery & Shipping,Billing & Payments,dup_payment,True
TK-240005,Delivery & Shipping,Delivery & Shipping,damaged_wrong,False
TK-240006,Returns & Refunds,Returns & Refunds,refund_status,False
TK-240007,Charging & Battery,Charging & Battery,battery,False
TK-240008,Delivery & Shipping,Delivery & Shipping,not_delivered,False
TK-240009,Delivery & Shipping,Delivery & Shipping,damaged_wrong,False
TK-240010,Billing & Payments,Billing & Payments,dup_payment,False
TK-240011,Connectivity,Connectivity,connectivity,False
TK-240012,Other,Connectivity,connectivity,True
TK-240013,Connectivity,Connectivity,connectivity,False
TK-240014,Delivery & Shipping,Delivery & Shipping,not_delivered,False
TK-240016,Other,Delivery & Shipping,address_change,True
TK-240017,Connectivity,Connectivity,connectivity,False
TK-240018,Returns & Refunds,Returns & Refunds,refund_status,False
TK-240020,Connectivity,Connectivity,connectivity,False
TK-240021,Other,Delivery & Shipping,address_change,True
TK-240023,Product Enquiry,Product Enquiry,enquiry,False
TK-240025,Audio Quality,Audio Quality,audio,False
TK-240026,App & Firmware,App & Firmware,app_firmware,False
TK-240028,Billing & Payments,Billing & Payments,invoice,False
TK-240029,Other,Connectivity,connectivity,True
TK-240030,Billing & Payments,Returns & Refunds,refund_status,True
TK-240032,Warranty & Repair,Other,unclassified,False
TK-240033,Warranty & Repair,Other,unclassified,False
TK-240034,Delivery & Shipping,Delivery & Shipping,not_delivered,False
TK-240036,Delivery & Shipping,Returns & Refunds,refund_generic,True
TK-240037,Delivery & Shipping,Delivery & Shipping,not_delivered,False
TK-240038,Delivery & Shipping,Billing & Payments,dup_payment,True
TK-240039,Warranty & Repair,Warranty & Repair,warranty_repair,False
TK-240040,App & Firmware,App & Firmware,app_firmware,False
TK-240042,Returns & Refunds,Returns & Refunds,refund_status,False
TK-240043,Returns & Refunds,Delivery & Shipping,not_delivered,True
TK-240044,Audio Quality,Audio Quality,mic_issue,False
TK-240045,Billing & Payments,Billing & Payments,invoice,False
TK-240046,Charging & Battery,App & Firmware,app_firmware,True
TK-240047,Other,Product Enquiry,enquiry,True
TK-240048,Account & Login,Account & Login,login,False
TK-240049,Delivery & Shipping,Delivery & Shipping,not_delivered,False
TK-240050,Warranty & Repair,Warranty & Repair,warranty_repair,False
TK-240052,Connectivity,Connectivity,connectivity,False
TK-240053,Delivery & Shipping,Delivery & Shipping,damaged_wrong,False
TK-240054,Product Enquiry,Product Enquiry,enquiry,False
TK-240055,Returns & Refunds,Returns & Refunds,refund_status,False
TK-240056,Billing & Payments,Billing & Payments,coupon,False
TK-240057,Billing & Payments,Billing & Payments,invoice,False
TK-240059,Audio Quality,Audio Quality,audio,False
TK-240061,Delivery & Shipping,Delivery & Shipping,damaged_wrong,False
TK-240062,Other,Account & Login,login,True
TK-240064,Product Enquiry,Product Enquiry,enquiry,False
TK-240065,Delivery & Shipping,Delivery & Shipping,not_delivered,False
TK-240067,Delivery & Shipping,Delivery & Shipping,not_delivered,False
TK-240068,Warranty & Repair,Returns & Refunds,refund_generic,True
TK-240069,Product Enquiry,App & Firmware,app_firmware,True
TK-240071,App & Firmware,Billing & Payments,dup_payment,True
TK-240073,Audio Quality,Audio Quality,audio,False
TK-240074,Other,Warranty & Repair,warranty_repair,True
TK-240075,Account & Login,Account & Login,login,False
TK-240077,Billing & Payments,Billing & Payments,dup_payment,False
TK-240078,Delivery & Shipping,Delivery & Shipping,not_delivered,False
TK-240080,Delivery & Shipping,Delivery & Shipping,address_change,False
TK-240082,Billing & Payments,Connectivity,connectivity,True
TK-240084,Connectivity,Delivery & Shipping,not_delivered,True
TK-240086,Connectivity,Connectivity,connectivity,False
TK-240088,Charging & Battery,Charging & Battery,battery,False
TK-240090,Returns & Refunds,Returns & Refunds,return_pickup,False
TK-240091,Returns & Refunds,Returns & Refunds,refund_status,False
TK-240092,Billing & Payments,Billing & Payments,coupon,False
TK-240093,Charging & Battery,Charging & Battery,battery,False
TK-240095,Billing & Payments,Billing & Payments,invoice,False
TK-240097,Audio Quality,Audio Quality,audio,False
TK-240098,Other,Audio Quality,audio,True
TK-240099,Connectivity,Connectivity,connectivity,False
TK-240100,Billing & Payments,Billing & Payments,coupon,False
TK-240101,Charging & Battery,Charging & Battery,battery,False
TK-240102,Charging & Battery,Charging & Battery,battery,False
TK-240104,Delivery & Shipping,Delivery & Shipping,not_delivered,False
TK-240106,Charging & Battery,Charging & Battery,battery,False
TK-240107,Other,Billing & Payments,coupon,True
TK-240108,Billing & Payments,Billing & Payments,invoice,False
TK-240109,Other,Delivery & Shipping,address_change,True
TK-240110,Other,Delivery & Shipping,not_delivered,True
TK-240112,Product Enquiry,Returns & Refunds,refund_generic,True
TK-240113,Warranty & Repair,Other,unclassified,False
TK-240115,Delivery & Shipping,Delivery & Shipping,not_delivered,False
TK-240116,Audio Quality,Delivery & Shipping,not_delivered,True
TK-240118,Billing & Payments,Billing & Payments,coupon,False
TK-240120,Product Enquiry,Other,unclassified,False
TK-240121,Audio Quality,Audio Quality,audio,False
TK-240122,Billing & Payments,Billing & Payments,coupon,False
TK-240123,App & Firmware,App & Firmware,app_firmware,False
TK-240124,Billing & Payments,Billing & Payments,dup_payment,False
TK-240126,Warranty & Repair,Warranty & Repair,warranty_repair,False
TK-240127,Other,Delivery & Shipping,not_delivered,True
TK-240128,Warranty & Repair,Warranty & Repair,warranty_repair,False
TK-240130,Connectivity,Other,unclassified,False
TK-240132,Returns & Refunds,Returns & Refunds,refund_status,False
TK-240133,Connectivity,Connectivity,connectivity,False
TK-240134,Other,Billing & Payments,cancel,True
TK-240135,Other,Delivery & Shipping,address_change,True
TK-240136,Billing & Payments,Billing & Payments,dup_payment,False
TK-240137,Returns & Refunds,Returns & Refunds,return_pickup,False
TK-240138,Warranty & Repair,Warranty & Repair,warranty_repair,False
TK-240139,App & Firmware,App & Firmware,app_firmware,False
TK-240140,Audio Quality,Audio Quality,audio,False
TK-240142,Connectivity,Connectivity,connectivity,False
TK-240143,Connectivity,Audio Quality,audio,True
TK-240144,Other,Billing & Payments,cancel,True
TK-240145,Billing & Payments,Billing & Payments,dup_payment,False
TK-240146,Delivery & Shipping,Delivery & Shipping,not_delivered,False
TK-240147,Connectivity,Connectivity,connectivity,False
TK-240148,Billing & Payments,Billing & Payments,dup_payment,False
TK-240149,Billing & Payments,Billing & Payments,coupon,False
TK-240150,Product Enquiry,Product Enquiry,enquiry,False
TK-240152,Billing & Payments,Billing & Payments,invoice,False
TK-240153,Delivery & Shipping,Delivery & Shipping,not_delivered,False
TK-240154,Delivery & Shipping,Delivery & Shipping,not_delivered,False
TK-240156,Returns & Refunds,Returns & Refunds,refund_status,False
TK-240158,App & Firmware,Connectivity,connectivity,True
TK-240159,Other,Billing & Payments,cancel,True
TK-240161,App & Firmware,App & Firmware,app_firmware,False
TK-240163,Warranty & Repair,Other,unclassified,False
TK-240165,App & Firmware,App & Firmware,app_firmware,False
TK-240167,Other,Delivery & Shipping,not_delivered,True
TK-240169,Other,Delivery & Shipping,not_delivered,True
TK-240170,Returns & Refunds,Returns & Refunds,refund_status,False
TK-240172,Connectivity,Connectivity,connectivity,False
TK-240173,Warranty & Repair,Warranty & Repair,warranty_repair,False
TK-240174,App & Firmware,App & Firmware,app_firmware,False
TK-240175,Audio Quality,Audio Quality,mic_issue,False
TK-240176,App & Firmware,App & Firmware,app_firmware,False
TK-240178,Delivery & Shipping,Delivery & Shipping,not_delivered,False
TK-240179,Charging & Battery,Charging & Battery,battery,False
TK-240180,Account & Login,Account & Login,login,False
TK-240181,Audio Quality,Audio Quality,mic_issue,False
TK-240182,Charging & Battery,App & Firmware,app_firmware,True
TK-240183,Billing & Payments,Billing & Payments,dup_payment,False
TK-240184,Delivery & Shipping,Delivery & Shipping,not_delivered,False
TK-240185,Other,App & Firmware,app_firmware,True
TK-240186,Billing & Payments,Billing & Payments,dup_payment,False
TK-240187,Returns & Refunds,Returns & Refunds,return_pickup,False
TK-240188,Charging & Battery,Charging & Battery,battery,False
TK-240189,Billing & Payments,Returns & Refunds,refund_generic,True
TK-240190,Product Enquiry,Product Enquiry,enquiry,False
TK-240192,Delivery & Shipping,Delivery & Shipping,not_delivered,False
TK-240193,Delivery & Shipping,Delivery & Shipping,not_delivered,False
TK-240194,Billing & Payments,Billing & Payments,dup_payment,False
TK-240195,Other,App & Firmware,app_firmware,True
TK-240196,Other,Product Enquiry,enquiry,True
TK-240197,Connectivity,Connectivity,connectivity,False
TK-240199,Charging & Battery,App & Firmware,app_firmware,True
TK-240200,Connectivity,Connectivity,connectivity,False
TK-240201,Returns & Refunds,Returns & Refunds,refund_status,False
TK-240203,Returns & Refunds,Returns & Refunds,refund_status,False
TK-240204,Billing & Payments,Billing & Payments,coupon,False
TK-240205,Delivery & Shipping,Delivery & Shipping,damaged_wrong,False
TK-240206,Charging & Battery,Billing & Payments,dup_payment,True
TK-240207,Delivery & Shipping,Billing & Payments,dup_payment,True
TK-240208,Audio Quality,Audio Quality,audio,False
TK-240209,Delivery & Shipping,Delivery & Shipping,damaged_wrong,False
TK-240211,Audio Quality,Audio Quality,audio,False
TK-240212,Other,Returns & Refunds,refund_generic,True
TK-240213,Billing & Payments,Billing & Payments,dup_payment,False
TK-240215,Audio Quality,Audio Quality,audio,False
TK-240216,Billing & Payments,Billing & Payments,invoice,False
TK-240218,Delivery & Shipping,Delivery & Shipping,damaged_wrong,False
TK-240219,Billing & Payments,Billing & Payments,cancel,False
TK-240221,Billing & Payments,Billing & Payments,cancel,False
TK-240222,Billing & Payments,Billing & Payments,dup_payment,False
TK-240223,Delivery & Shipping,Delivery & Shipping,damaged_wrong,False
TK-240224,Billing & Payments,Billing & Payments,dup_payment,False
TK-240225,Returns & Refunds,Delivery & Shipping,not_delivered,True
TK-240227,Returns & Refunds,Returns & Refunds,refund_status,False
TK-240228,Delivery & Shipping,Delivery & Shipping,not_delivered,False
TK-240229,Connectivity,Connectivity,connectivity,False
TK-240231,Returns & Refunds,Returns & Refunds,refund_status,False
TK-240232,Other,Account & Login,login,True
TK-240233,Billing & Payments,Billing & Payments,dup_payment,False
TK-240234,Other,Product Enquiry,enquiry,True
TK-240236,App & Firmware,Charging & Battery,battery,True
TK-240237,Other,Billing & Payments,cancel,True
TK-240238,Charging & Battery,Charging & Battery,battery,False
TK-240239,App & Firmware,Charging & Battery,battery,True
TK-240240,Other,Delivery & Shipping,damaged_wrong,True
TK-240241,Other,Billing & Payments,cancel,True
TK-240242,App & Firmware,App & Firmware,app_firmware,False
TK-240243,Other,Delivery & Shipping,address_change,True
TK-240245,Other,Delivery & Shipping,address_change,True
TK-240246,Billing & Payments,Returns & Refunds,refund_status,True
TK-240248,App & Firmware,App & Firmware,app_firmware,False
TK-240249,Delivery & Shipping,Delivery & Shipping,damaged_wrong,False
TK-240250,Connectivity,Connectivity,connectivity,False
TK-240252,Billing & Payments,Returns & Refunds,refund_status,True
TK-240253,Other,Billing & Payments,dup_payment,True
TK-240255,Delivery & Shipping,Delivery & Shipping,not_delivered,False
TK-240256,Other,Billing & Payments,dup_payment,True
TK-240258,Billing & Payments,Billing & Payments,invoice,False
TK-240260,Account & Login,Account & Login,login,False
TK-240261,App & Firmware,Account & Login,login,True
TK-240262,Delivery & Shipping,Delivery & Shipping,damaged_wrong,False
TK-240263,Other,Charging & Battery,battery,True
TK-240264,Product Enquiry,Product Enquiry,enquiry,False
TK-240266,Connectivity,Connectivity,connectivity,False
TK-240267,Other,Delivery & Shipping,not_delivered,True
TK-240268,Other,Delivery & Shipping,address_change,True
TK-240269,Delivery & Shipping,Delivery & Shipping,not_delivered,False
TK-240270,Delivery & Shipping,Delivery & Shipping,not_delivered,False
TK-240271,Returns & Refunds,Returns & Refunds,return_pickup,False
TK-240272,Other,Delivery & Shipping,address_change,True
TK-240274,Returns & Refunds,Returns & Refunds,refund_generic,False
TK-240275,Delivery & Shipping,Delivery & Shipping,not_delivered,False
TK-240276,Delivery & Shipping,Delivery & Shipping,not_delivered,False
TK-240277,Delivery & Shipping,Delivery & Shipping,not_delivered,False
TK-240278,Connectivity,Connectivity,connectivity,False
TK-240279,Audio Quality,Audio Quality,audio,False
TK-240281,Returns & Refunds,Returns & Refunds,refund_status,False
TK-240282,Other,Billing & Payments,dup_payment,True
TK-240283,Billing & Payments,Billing & Payments,dup_payment,False
TK-240284,Billing & Payments,Billing & Payments,coupon,False
TK-240286,Billing & Payments,Billing & Payments,invoice,False
TK-240287,App & Firmware,Account & Login,login,True
TK-240288,Returns & Refunds,Returns & Refunds,refund_status,False
TK-240289,Warranty & Repair,Delivery & Shipping,damaged_wrong,True
TK-240290,Delivery & Shipping,Delivery & Shipping,not_delivered,False
TK-240291,Delivery & Shipping,Delivery & Shipping,not_delivered,False
TK-240292,Warranty & Repair,Warranty & Repair,warranty_repair,False
TK-240294,Connectivity,Connectivity,connectivity,False
TK-240295,App & Firmware,Connectivity,connectivity,True
TK-240296,Warranty & Repair,Warranty & Repair,warranty_repair,False
TK-240298,Other,Billing & Payments,cancel,True
TK-240299,Charging & Battery,Charging & Battery,battery,False
TK-240300,Connectivity,Connectivity,connectivity,False
TK-240301,Other,Product Enquiry,enquiry,True
TK-240303,Audio Quality,Audio Quality,mic_issue,False
TK-240305,Warranty & Repair,Returns & Refunds,return_pickup,True
TK-240306,Delivery & Shipping,Delivery & Shipping,not_delivered,False
TK-240307,Other,Delivery & Shipping,address_change,True
TK-240309,Billing & Payments,Billing & Payments,dup_payment,False
TK-240310,Returns & Refunds,Returns & Refunds,refund_status,False
TK-240312,Returns & Refunds,Returns & Refunds,refund_status,False
TK-240313,Product Enquiry,Product Enquiry,enquiry,False
TK-240314,Delivery & Shipping,Delivery & Shipping,address_change,False
TK-240316,App & Firmware,App & Firmware,app_firmware,False
TK-240317,Other,Billing & Payments,dup_payment,True
TK-240318,Connectivity,Connectivity,connectivity,False
TK-240320,Returns & Refunds,Delivery & Shipping,not_delivered,True
TK-240321,Other,Product Enquiry,enquiry,True
TK-240322,Product Enquiry,Product Enquiry,enquiry,False
TK-240323,Other,Billing & Payments,cancel,True
TK-240324,Warranty & Repair,Delivery & Shipping,not_delivered,True
TK-240326,Delivery & Shipping,Delivery & Shipping,not_delivered,False
TK-240328,Billing & Payments,Other,unclassified,False
TK-240329,App & Firmware,Account & Login,login,True
TK-240330,Other,Warranty & Repair,warranty_repair,True
TK-240331,Connectivity,Audio Quality,mic_issue,True
TK-240332,Audio Quality,Audio Quality,audio,False
TK-240333,Delivery & Shipping,Delivery & Shipping,not_delivered,False
TK-240334,Connectivity,Connectivity,connectivity,False
TK-240336,Delivery & Shipping,Delivery & Shipping,not_delivered,False
TK-240338,Returns & Refunds,Returns & Refunds,return_pickup,False
TK-240339,Other,Delivery & Shipping,not_delivered,True
TK-240340,Delivery & Shipping,Delivery & Shipping,not_delivered,False
TK-240341,Returns & Refunds,Returns & Refunds,refund_status,False
TK-240343,Returns & Refunds,Returns & Refunds,return_pickup,False
TK-240345,Product Enquiry,Product Enquiry,enquiry,False
TK-240346,Returns & Refunds,Returns & Refunds,return_pickup,False
TK-240347,Audio Quality,Other,unclassified,False
TK-240348,Billing & Payments,Billing & Payments,invoice,False
TK-240350,Returns & Refunds,Delivery & Shipping,not_delivered,True
TK-240351,Delivery & Shipping,Delivery & Shipping,not_delivered,False
TK-240352,Returns & Refunds,Returns & Refunds,refund_status,False
TK-240353,Other,Delivery & Shipping,not_delivered,True
TK-240354,Billing & Payments,Returns & Refunds,refund_status,True
TK-240355,Other,Billing & Payments,cancel,True
TK-240356,Other,Returns & Refunds,refund_generic,True
TK-240358,Other,Billing & Payments,cancel,True
TK-240360,Audio Quality,Delivery & Shipping,damaged_wrong,True
TK-240361,Returns & Refunds,Returns & Refunds,refund_status,False
TK-240363,Delivery & Shipping,Returns & Refunds,return_pickup,True
TK-240364,Billing & Payments,Billing & Payments,dup_payment,False
TK-240365,Other,Audio Quality,audio,True
TK-240366,Billing & Payments,Billing & Payments,dup_payment,False
TK-240368,Delivery & Shipping,Delivery & Shipping,damaged_wrong,False
TK-240369,Product Enquiry,Product Enquiry,enquiry,False
TK-240370,Delivery & Shipping,Delivery & Shipping,not_delivered,False
TK-240371,Connectivity,Connectivity,connectivity,False
TK-240372,Account & Login,Account & Login,login,False
TK-240373,Warranty & Repair,Charging & Battery,battery,True
TK-240375,Account & Login,Account & Login,login,False
TK-240376,Delivery & Shipping,Delivery & Shipping,damaged_wrong,False
TK-240377,Delivery & Shipping,Delivery & Shipping,damaged_wrong,False
TK-240378,Other,Billing & Payments,cancel,True
TK-240380,Charging & Battery,Warranty & Repair,warranty_repair,True
TK-240382,Delivery & Shipping,Delivery & Shipping,damaged_wrong,False
TK-240383,Charging & Battery,Delivery & Shipping,not_delivered,True
TK-240385,Charging & Battery,App & Firmware,app_firmware,True
TK-240386,Billing & Payments,Billing & Payments,cancel,False
TK-240387,Product Enquiry,Product Enquiry,enquiry,False
TK-240388,Returns & Refunds,Returns & Refunds,return_pickup,False
TK-240389,Audio Quality,Audio Quality,audio,False
TK-240390,Account & Login,Account & Login,login,False
TK-240392,Delivery & Shipping,Delivery & Shipping,not_delivered,False
TK-240394,Delivery & Shipping,Delivery & Shipping,not_delivered,False
TK-240395,Warranty & Repair,Audio Quality,audio,True
TK-240396,Connectivity,Connectivity,connectivity,False
TK-240397,Connectivity,Connectivity,connectivity,False
TK-240398,Delivery & Shipping,Delivery & Shipping,damaged_wrong,False
TK-240399,Returns & Refunds,Returns & Refunds,return_pickup,False
TK-240400,Charging & Battery,Delivery & Shipping,not_delivered,True
TK-240401,Delivery & Shipping,Delivery & Shipping,address_change,False
TK-240402,Delivery & Shipping,Delivery & Shipping,not_delivered,False
TK-240403,Delivery & Shipping,Delivery & Shipping,damaged_wrong,False
TK-240404,Other,Delivery & Shipping,not_delivered,True
TK-240405,Billing & Payments,Returns & Refunds,refund_status,True
TK-240406,Charging & Battery,Charging & Battery,battery,False
TK-240408,App & Firmware,Delivery & Shipping,not_delivered,True
TK-240409,Other,Connectivity,connectivity,True
TK-240411,Delivery & Shipping,Delivery & Shipping,not_delivered,False
TK-240412,Delivery & Shipping,Delivery & Shipping,damaged_wrong,False
TK-240413,Audio Quality,Audio Quality,mic_issue,False
TK-240414,Warranty & Repair,Warranty & Repair,warranty_repair,False
TK-240415,Charging & Battery,Billing & Payments,dup_payment,True
TK-240416,Delivery & Shipping,Billing & Payments,cancel,True
TK-240417,Audio Quality,Audio Quality,audio,False
TK-240418,Billing & Payments,Billing & Payments,dup_payment,False
TK-240419,Other,Audio Quality,mic_issue,True
TK-240420,Delivery & Shipping,Delivery & Shipping,not_delivered,False
TK-240422,Delivery & Shipping,Delivery & Shipping,not_delivered,False
TK-240423,Warranty & Repair,Warranty & Repair,warranty_repair,False
TK-240424,Billing & Payments,Returns & Refunds,refund_status,True
TK-240426,Other,Delivery & Shipping,address_change,True
TK-240427,Warranty & Repair,Other,unclassified,False
TK-240429,Delivery & Shipping,Delivery & Shipping,damaged_wrong,False
TK-240430,Delivery & Shipping,Delivery & Shipping,damaged_wrong,False
TK-240431,Delivery & Shipping,Delivery & Shipping,not_delivered,False
TK-240432,Audio Quality,Audio Quality,mic_issue,False
TK-240433,Delivery & Shipping,Returns & Refunds,return_pickup,True
TK-240434,Returns & Refunds,Delivery & Shipping,damaged_wrong,True
TK-240435,Billing & Payments,Billing & Payments,invoice,False
TK-240436,Other,Billing & Payments,cancel,True
TK-240438,Delivery & Shipping,Delivery & Shipping,damaged_wrong,False
TK-240440,Returns & Refunds,Returns & Refunds,refund_status,False
TK-240441,Returns & Refunds,Delivery & Shipping,not_delivered,True
TK-240443,Billing & Payments,Returns & Refunds,refund_generic,True
TK-240444,Audio Quality,Audio Quality,audio,False
TK-240445,Audio Quality,Other,unclassified,False
TK-240447,Returns & Refunds,Returns & Refunds,return_pickup,False
TK-240448,Audio Quality,Audio Quality,audio,False
TK-240450,Other,Warranty & Repair,warranty_repair,True
TK-240451,Product Enquiry,Product Enquiry,enquiry,False
TK-240453,Other,Billing & Payments,cancel,True
TK-240454,Audio Quality,Audio Quality,audio,False
TK-240455,Returns & Refunds,Returns & Refunds,refund_status,False
TK-240456,Other,Product Enquiry,enquiry,True
TK-240457,Other,App & Firmware,app_firmware,True
TK-240458,Audio Quality,Audio Quality,audio,False
TK-240459,Other,Billing & Payments,cancel,True
TK-240461,Billing & Payments,Billing & Payments,coupon,False
TK-240462,App & Firmware,Charging & Battery,battery,True
TK-240464,Connectivity,Audio Quality,audio,True
TK-240465,Connectivity,Connectivity,connectivity,False
TK-240467,Billing & Payments,Returns & Refunds,refund_status,True
TK-240468,Connectivity,Connectivity,connectivity,False
TK-240469,Delivery & Shipping,Delivery & Shipping,not_delivered,False
TK-240470,Connectivity,Connectivity,connectivity,False
TK-240471,Audio Quality,Audio Quality,audio,False
TK-240472,Other,Charging & Battery,battery,True
TK-240473,Audio Quality,Audio Quality,audio,False
TK-240474,App & Firmware,Connectivity,connectivity,True
TK-240475,Connectivity,Connectivity,connectivity,False
TK-240476,Billing & Payments,Billing & Payments,coupon,False
TK-240477,Product Enquiry,Product Enquiry,enquiry,False
TK-240479,Delivery & Shipping,Delivery & Shipping,not_delivered,False
TK-240480,Billing & Payments,Billing & Payments,dup_payment,False
TK-240482,Delivery & Shipping,Billing & Payments,dup_payment,True
TK-240483,Other,Connectivity,connectivity,True
TK-240484,Billing & Payments,Billing & Payments,dup_payment,False
TK-240486,Account & Login,Account & Login,login,False
TK-240487,Connectivity,Connectivity,connectivity,False
TK-240488,App & Firmware,Connectivity,connectivity,True
TK-240489,Account & Login,Billing & Payments,invoice,True
TK-240490,App & Firmware,App & Firmware,app_firmware,False
TK-240492,Warranty & Repair,Warranty & Repair,warranty_repair,False
TK-240494,Charging & Battery,Other,unclassified,False
TK-240496,Returns & Refunds,Returns & Refunds,refund_status,False
TK-240497,Delivery & Shipping,Delivery & Shipping,not_delivered,False
TK-240498,Returns & Refunds,Returns & Refunds,refund_status,False
TK-240499,Warranty & Repair,Warranty & Repair,warranty_repair,False
TK-240500,Billing & Payments,Billing & Payments,dup_payment,False
TK-240501,Returns & Refunds,Returns & Refunds,refund_status,False
TK-240503,Billing & Payments,Billing & Payments,dup_payment,False
TK-240504,App & Firmware,App & Firmware,app_firmware,False
TK-240505,Delivery & Shipping,Delivery & Shipping,not_delivered,False
TK-240507,Billing & Payments,Billing & Payments,dup_payment,False
TK-240508,Billing & Payments,Billing & Payments,cancel,False
TK-240509,Delivery & Shipping,Delivery & Shipping,not_delivered,False
TK-240510,Other,Delivery & Shipping,address_change,True
TK-240512,Other,Delivery & Shipping,not_delivered,True
TK-240513,Billing & Payments,Returns & Refunds,refund_status,True
TK-240515,Product Enquiry,Product Enquiry,enquiry,False
TK-240517,Billing & Payments,Billing & Payments,dup_payment,False
TK-240518,Billing & Payments,Billing & Payments,dup_payment,False
TK-240519,Warranty & Repair,Warranty & Repair,warranty_repair,False
TK-240520,Other,Delivery & Shipping,address_change,True
TK-240521,Other,Billing & Payments,dup_payment,True
TK-240522,Audio Quality,Returns & Refunds,return_pickup,True
TK-240523,Audio Quality,Audio Quality,audio,False
TK-240525,Returns & Refunds,Returns & Refunds,refund_status,False
TK-240526,App & Firmware,App & Firmware,app_firmware,False
TK-240527,Delivery & Shipping,Delivery & Shipping,not_delivered,False
TK-240529,Other,Delivery & Shipping,address_change,True
TK-240531,Delivery & Shipping,Delivery & Shipping,not_delivered,False
TK-240532,Billing & Payments,Billing & Payments,dup_payment,False
TK-240533,Delivery & Shipping,Delivery & Shipping,not_delivered,False
TK-240534,Product Enquiry,Product Enquiry,enquiry,False
TK-240536,Other,Billing & Payments,cancel,True
TK-240537,Delivery & Shipping,Delivery & Shipping,not_delivered,False
TK-240539,Returns & Refunds,Returns & Refunds,refund_status,False
TK-240540,Delivery & Shipping,Delivery & Shipping,damaged_wrong,False
TK-240542,Delivery & Shipping,Delivery & Shipping,damaged_wrong,False
TK-240543,Warranty & Repair,Returns & Refunds,refund_generic,True
TK-240545,App & Firmware,App & Firmware,app_firmware,False
TK-240546,Billing & Payments,Billing & Payments,dup_payment,False
TK-240547,Other,Billing & Payments,dup_payment,True
TK-240548,Connectivity,Connectivity,connectivity,False
TK-240550,Delivery & Shipping,Delivery & Shipping,not_delivered,False
TK-240552,Other,Other,unclassified,False
TK-240553,Delivery & Shipping,Delivery & Shipping,damaged_wrong,False
TK-240554,Billing & Payments,Billing & Payments,coupon,False
TK-240555,Billing & Payments,Billing & Payments,invoice,False
TK-240556,Other,Delivery & Shipping,not_delivered,True
TK-240557,Billing & Payments,Billing & Payments,dup_payment,False
TK-240558,Billing & Payments,Billing & Payments,dup_payment,False
TK-240559,Connectivity,Connectivity,connectivity,False
TK-240560,Returns & Refunds,Returns & Refunds,return_pickup,False
TK-240562,Connectivity,Connectivity,connectivity,False
TK-240563,Delivery & Shipping,Delivery & Shipping,damaged_wrong,False
TK-240564,Account & Login,Account & Login,login,False
TK-240565,Delivery & Shipping,Delivery & Shipping,not_delivered,False
TK-240566,Charging & Battery,Charging & Battery,battery,False
TK-240568,Warranty & Repair,Other,unclassified,False
TK-240569,Connectivity,Connectivity,connectivity,False
TK-240570,Billing & Payments,Billing & Payments,dup_payment,False
TK-240571,App & Firmware,App & Firmware,app_firmware,False
TK-240573,Delivery & Shipping,Delivery & Shipping,not_delivered,False
TK-240574,Product Enquiry,Product Enquiry,enquiry,False
TK-240575,Audio Quality,Audio Quality,audio,False
TK-240576,Other,Connectivity,connectivity,True
TK-240578,Connectivity,Audio Quality,mic_issue,True
TK-240579,Other,Product Enquiry,enquiry,True
TK-240580,Other,Charging & Battery,battery,True
TK-240581,Audio Quality,Audio Quality,audio,False
TK-240582,Billing & Payments,Billing & Payments,dup_payment,False
TK-240584,Delivery & Shipping,Other,unclassified,False
TK-240585,App & Firmware,App & Firmware,app_firmware,False
TK-240586,Other,App & Firmware,app_firmware,True
TK-240587,Audio Quality,Audio Quality,mic_issue,False
TK-240588,Charging & Battery,Billing & Payments,dup_payment,True
TK-240590,Billing & Payments,Billing & Payments,coupon,False
TK-240592,Connectivity,Connectivity,connectivity,False
TK-240593,Other,Warranty & Repair,warranty_repair,True
TK-240594,Returns & Refunds,Delivery & Shipping,not_delivered,True
TK-240595,Billing & Payments,Returns & Refunds,refund_status,True
TK-240596,Charging & Battery,Billing & Payments,dup_payment,True
TK-240598,Returns & Refunds,Warranty & Repair,warranty_repair,True
TK-240600,Account & Login,Billing & Payments,invoice,True
TK-240601,Delivery & Shipping,Delivery & Shipping,not_delivered,False
TK-240602,Product Enquiry,Product Enquiry,enquiry,False
TK-240604,Product Enquiry,Billing & Payments,coupon,True
TK-240605,Other,Product Enquiry,enquiry,True
TK-240607,Billing & Payments,Charging & Battery,battery,True
TK-240608,Account & Login,Account & Login,login,False
TK-240610,Connectivity,Connectivity,connectivity,False
TK-240611,Other,Delivery & Shipping,not_delivered,True
TK-240612,Delivery & Shipping,Delivery & Shipping,not_delivered,False
TK-240613,Other,Billing & Payments,cancel,True
TK-240615,Delivery & Shipping,Billing & Payments,dup_payment,True
TK-240616,Returns & Refunds,Returns & Refunds,refund_status,False
TK-240617,Warranty & Repair,Warranty & Repair,warranty_repair,False
TK-240618,Delivery & Shipping,Delivery & Shipping,not_delivered,False
TK-240619,Billing & Payments,Billing & Payments,dup_payment,False
TK-240621,Returns & Refunds,Returns & Refunds,refund_status,False
TK-240622,Returns & Refunds,Delivery & Shipping,damaged_wrong,True
TK-240623,Warranty & Repair,Warranty & Repair,warranty_repair,False
TK-240624,Charging & Battery,Charging & Battery,battery,False
TK-240626,Delivery & Shipping,Delivery & Shipping,not_delivered,False
TK-240627,Delivery & Shipping,Delivery & Shipping,damaged_wrong,False
TK-240629,Connectivity,Connectivity,connectivity,False
TK-240630,Billing & Payments,Billing & Payments,dup_payment,False
TK-240631,Other,Connectivity,connectivity,True
TK-240632,Other,Delivery & Shipping,not_delivered,True
TK-240633,Delivery & Shipping,Delivery & Shipping,not_delivered,False
TK-240634,Returns & Refunds,Returns & Refunds,return_pickup,False
TK-240635,Delivery & Shipping,Delivery & Shipping,not_delivered,False
TK-240637,Other,Charging & Battery,battery,True
TK-240638,App & Firmware,Other,unclassified,False
TK-240639,Delivery & Shipping,Delivery & Shipping,not_delivered,False
TK-240641,Billing & Payments,Billing & Payments,invoice,False
TK-240642,Delivery & Shipping,Delivery & Shipping,not_delivered,False
TK-240643,Charging & Battery,Charging & Battery,battery,False
TK-240644,Other,Billing & Payments,cancel,True
TK-240645,Other,Audio Quality,mic_issue,True
TK-240646,Billing & Payments,Connectivity,connectivity,True
TK-240648,Other,Billing & Payments,cancel,True
TK-240649,Returns & Refunds,Delivery & Shipping,not_delivered,True
TK-240650,Delivery & Shipping,Delivery & Shipping,not_delivered,False
TK-240651,Connectivity,Connectivity,connectivity,False
TK-240652,Billing & Payments,Billing & Payments,invoice,False
TK-240653,Returns & Refunds,Returns & Refunds,refund_status,False
TK-240655,Other,App & Firmware,app_firmware,True
TK-240656,App & Firmware,App & Firmware,app_firmware,False
TK-240658,Delivery & Shipping,Delivery & Shipping,not_delivered,False
TK-240659,Returns & Refunds,Returns & Refunds,return_pickup,False
TK-240660,Charging & Battery,App & Firmware,app_firmware,True
TK-240661,Delivery & Shipping,Delivery & Shipping,not_delivered,False
TK-240663,Delivery & Shipping,Delivery & Shipping,damaged_wrong,False
TK-240664,Delivery & Shipping,Billing & Payments,dup_payment,True
TK-240665,App & Firmware,App & Firmware,app_firmware,False
TK-240666,Delivery & Shipping,Delivery & Shipping,not_delivered,False
TK-240667,Billing & Payments,Returns & Refunds,refund_status,True
TK-240668,Returns & Refunds,Returns & Refunds,return_pickup,False
TK-240669,Billing & Payments,Billing & Payments,dup_payment,False
TK-240670,Connectivity,Audio Quality,audio,True
TK-240672,Returns & Refunds,Returns & Refunds,refund_status,False
TK-240673,Billing & Payments,Billing & Payments,coupon,False
TK-240674,Charging & Battery,Audio Quality,audio,True
TK-240676,Charging & Battery,Charging & Battery,battery,False
TK-240677,Returns & Refunds,Returns & Refunds,refund_status,False
TK-240678,Billing & Payments,Billing & Payments,dup_payment,False
TK-240679,Billing & Payments,Billing & Payments,invoice,False
TK-240681,Delivery & Shipping,Delivery & Shipping,damaged_wrong,False
TK-240682,Connectivity,Connectivity,connectivity,False
TK-240683,Delivery & Shipping,Delivery & Shipping,not_delivered,False
TK-240684,Billing & Payments,Billing & Payments,dup_payment,False
TK-240686,Billing & Payments,Returns & Refunds,refund_status,True
TK-240687,Connectivity,App & Firmware,app_firmware,True
TK-240688,Warranty & Repair,Warranty & Repair,warranty_repair,False
TK-240689,Billing & Payments,Billing & Payments,dup_payment,False
TK-240690,Delivery & Shipping,Returns & Refunds,return_pickup,True
TK-240691,Billing & Payments,Billing & Payments,dup_payment,False
TK-240692,Other,Product Enquiry,enquiry,True
TK-240693,Product Enquiry,Product Enquiry,enquiry,False
TK-240695,Other,Billing & Payments,cancel,True
TK-240696,Audio Quality,Audio Quality,mic_issue,False
TK-240698,Delivery & Shipping,Delivery & Shipping,damaged_wrong,False
TK-240699,Delivery & Shipping,Delivery & Shipping,damaged_wrong,False
TK-240701,Other,Connectivity,connectivity,True
TK-240702,Returns & Refunds,Returns & Refunds,refund_status,False
TK-240703,Billing & Payments,Returns & Refunds,refund_status,True
TK-240704,Delivery & Shipping,Returns & Refunds,return_pickup,True
TK-240705,Billing & Payments,Returns & Refunds,refund_status,True
TK-240707,Other,Billing & Payments,cancel,True
TK-240708,Charging & Battery,Audio Quality,audio,True
TK-240709,Product Enquiry,Product Enquiry,enquiry,False
TK-240710,Other,Billing & Payments,cancel,True
TK-240711,Connectivity,Connectivity,connectivity,False
TK-240712,Connectivity,Connectivity,connectivity,False
TK-240713,App & Firmware,App & Firmware,app_firmware,False
TK-240715,Warranty & Repair,Warranty & Repair,warranty_repair,False
TK-240717,Warranty & Repair,Audio Quality,audio,True
TK-240718,Product Enquiry,Product Enquiry,enquiry,False
TK-240720,Product Enquiry,Product Enquiry,enquiry,False
TK-240721,Delivery & Shipping,Delivery & Shipping,damaged_wrong,False
TK-240722,Returns & Refunds,Returns & Refunds,return_pickup,False
TK-240723,Other,Delivery & Shipping,not_delivered,True
TK-240724,Delivery & Shipping,Delivery & Shipping,address_change,False
TK-240725,Delivery & Shipping,Delivery & Shipping,not_delivered,False
TK-240726,Delivery & Shipping,Other,unclassified,False
TK-240727,Audio Quality,Other,unclassified,False
TK-240729,Charging & Battery,Charging & Battery,battery,False
TK-240730,Delivery & Shipping,Delivery & Shipping,not_delivered,False
TK-240731,App & Firmware,App & Firmware,app_firmware,False
TK-240732,Other,Billing & Payments,cancel,True
TK-240733,Billing & Payments,Billing & Payments,invoice,False
TK-240734,Other,Delivery & Shipping,not_delivered,True
TK-240735,Product Enquiry,Product Enquiry,enquiry,False
TK-240736,Billing & Payments,Billing & Payments,dup_payment,False
TK-240738,Charging & Battery,Charging & Battery,battery,False
TK-240739,Other,Billing & Payments,cancel,True
TK-240740,Connectivity,App & Firmware,app_firmware,True
TK-240741,Other,Delivery & Shipping,not_delivered,True
TK-240743,Returns & Refunds,Returns & Refunds,refund_status,False
TK-240744,Other,App & Firmware,app_firmware,True
TK-240745,Billing & Payments,Returns & Refunds,refund_status,True
TK-240747,Other,Billing & Payments,cancel,True
TK-240749,Other,Audio Quality,audio,True
TK-240750,Other,Product Enquiry,enquiry,True
TK-240752,Connectivity,Connectivity,connectivity,False
TK-240754,Delivery & Shipping,Delivery & Shipping,not_delivered,False
TK-240755,Billing & Payments,Billing & Payments,cancel,False
TK-240757,Other,Billing & Payments,cancel,True
TK-240758,Product Enquiry,Billing & Payments,coupon,True
TK-240759,Delivery & Shipping,Delivery & Shipping,not_delivered,False
TK-240760,Connectivity,Connectivity,connectivity,False
TK-240761,Delivery & Shipping,Delivery & Shipping,damaged_wrong,False
TK-240762,Audio Quality,Delivery & Shipping,damaged_wrong,True
TK-240763,Other,Delivery & Shipping,not_delivered,True
TK-240764,Other,Delivery & Shipping,address_change,True
TK-240766,Other,Delivery & Shipping,not_delivered,True
TK-240768,Other,Billing & Payments,cancel,True
TK-240769,Delivery & Shipping,Delivery & Shipping,not_delivered,False
TK-240770,Billing & Payments,Billing & Payments,coupon,False
TK-240772,Delivery & Shipping,Delivery & Shipping,not_delivered,False
TK-240774,Billing & Payments,Billing & Payments,invoice,False
TK-240775,Delivery & Shipping,Billing & Payments,dup_payment,True
TK-240776,Returns & Refunds,Returns & Refunds,refund_generic,False
TK-240777,Delivery & Shipping,Delivery & Shipping,not_delivered,False
TK-240779,Other,Billing & Payments,coupon,True
TK-240780,Audio Quality,Audio Quality,audio,False
TK-240781,Charging & Battery,Charging & Battery,battery,False
TK-240782,Product Enquiry,Connectivity,connectivity,True
TK-240783,Charging & Battery,Charging & Battery,battery,False
TK-240785,Delivery & Shipping,Delivery & Shipping,damaged_wrong,False
TK-240786,Charging & Battery,Billing & Payments,dup_payment,True
TK-240787,Billing & Payments,Billing & Payments,dup_payment,False
TK-240788,Charging & Battery,Warranty & Repair,warranty_repair,True
TK-240789,Delivery & Shipping,Delivery & Shipping,damaged_wrong,False
TK-240790,Returns & Refunds,Returns & Refunds,return_pickup,False
TK-240791,Charging & Battery,Audio Quality,audio,True
TK-240792,Product Enquiry,Product Enquiry,enquiry,False
TK-240793,Connectivity,App & Firmware,app_firmware,True
TK-240794,Delivery & Shipping,Delivery & Shipping,not_delivered,False
TK-240795,Connectivity,Connectivity,connectivity,False
TK-240797,Charging & Battery,App & Firmware,app_firmware,True
TK-240798,Other,Returns & Refunds,return_pickup,True
TK-240799,Connectivity,Connectivity,connectivity,False
TK-240800,Delivery & Shipping,Delivery & Shipping,damaged_wrong,False
TK-240802,Audio Quality,Audio Quality,audio,False
TK-240803,Delivery & Shipping,Delivery & Shipping,damaged_wrong,False
TK-240804,Other,App & Firmware,app_firmware,True
TK-240805,Charging & Battery,Charging & Battery,battery,False
TK-240807,Billing & Payments,Billing & Payments,invoice,False
TK-240809,Product Enquiry,Product Enquiry,enquiry,False
TK-240811,Connectivity,App & Firmware,app_firmware,True
TK-240812,Returns & Refunds,Returns & Refunds,refund_status,False
TK-240813,Connectivity,App & Firmware,app_firmware,True
TK-240814,Returns & Refunds,Warranty & Repair,warranty_repair,True
TK-240816,Delivery & Shipping,Delivery & Shipping,damaged_wrong,False
TK-240817,Other,Billing & Payments,coupon,True
TK-240818,Other,Delivery & Shipping,address_change,True
TK-240820,Billing & Payments,Billing & Payments,invoice,False
TK-240821,App & Firmware,App & Firmware,app_firmware,False
TK-240822,Connectivity,Connectivity,connectivity,False
TK-240823,Returns & Refunds,Returns & Refunds,return_pickup,False
TK-240824,Billing & Payments,Billing & Payments,dup_payment,False
TK-240825,Charging & Battery,Charging & Battery,battery,False
TK-240826,Other,Billing & Payments,cancel,True
TK-240827,Returns & Refunds,Returns & Refunds,refund_status,False
TK-240828,Delivery & Shipping,Delivery & Shipping,not_delivered,False
TK-240829,Connectivity,Connectivity,connectivity,False
TK-240831,Product Enquiry,Product Enquiry,enquiry,False
TK-240832,Billing & Payments,Billing & Payments,dup_payment,False
TK-240833,Delivery & Shipping,Returns & Refunds,return_pickup,True
TK-240835,App & Firmware,App & Firmware,app_firmware,False
TK-240836,Charging & Battery,App & Firmware,app_firmware,True
TK-240838,Other,Billing & Payments,dup_payment,True
TK-240839,Product Enquiry,Product Enquiry,enquiry,False
TK-240840,Charging & Battery,Charging & Battery,battery,False
TK-240841,Returns & Refunds,Returns & Refunds,refund_status,False
TK-240842,Charging & Battery,Audio Quality,audio,True
TK-240844,Billing & Payments,Billing & Payments,invoice,False
TK-240846,Warranty & Repair,Charging & Battery,battery,True
TK-240848,Connectivity,Connectivity,connectivity,False
TK-240849,App & Firmware,App & Firmware,app_firmware,False
TK-240851,Other,Delivery & Shipping,address_change,True
TK-240852,Product Enquiry,Product Enquiry,enquiry,False
TK-240853,Returns & Refunds,Delivery & Shipping,not_delivered,True
TK-240854,Billing & Payments,Billing & Payments,invoice,False
TK-240855,Account & Login,Account & Login,login,False
TK-240856,Charging & Battery,Charging & Battery,battery,False
TK-240857,Other,Billing & Payments,cancel,True
TK-240859,Delivery & Shipping,Delivery & Shipping,not_delivered,False
TK-240860,Charging & Battery,Delivery & Shipping,not_delivered,True
TK-240861,Warranty & Repair,Returns & Refunds,refund_generic,True
TK-240863,App & Firmware,App & Firmware,app_firmware,False
TK-240865,Connectivity,App & Firmware,app_firmware,True
TK-240867,Warranty & Repair,Audio Quality,audio,True
TK-240868,Other,Other,unclassified,False
TK-240869,Returns & Refunds,Returns & Refunds,refund_status,False
TK-240870,Billing & Payments,Billing & Payments,dup_payment,False
TK-240871,Charging & Battery,Charging & Battery,battery,False
TK-240872,Account & Login,Account & Login,login,False
TK-240873,Billing & Payments,Charging & Battery,battery,True
TK-240874,Other,Billing & Payments,dup_payment,True
TK-240875,Connectivity,Connectivity,connectivity,False
TK-240877,Returns & Refunds,Returns & Refunds,refund_status,False
TK-240878,Account & Login,Account & Login,login,False
TK-240879,Billing & Payments,Billing & Payments,dup_payment,False
TK-240880,Charging & Battery,App & Firmware,app_firmware,True
TK-240881,Other,Product Enquiry,enquiry,True
TK-240883,Billing & Payments,Billing & Payments,dup_payment,False
TK-240884,Audio Quality,Audio Quality,audio,False
TK-240885,Delivery & Shipping,Delivery & Shipping,damaged_wrong,False
TK-240886,Audio Quality,Audio Quality,audio,False
TK-240887,Other,Billing & Payments,invoice,True
TK-240888,Returns & Refunds,Returns & Refunds,refund_generic,False
TK-240889,Delivery & Shipping,Delivery & Shipping,not_delivered,False
TK-240891,Delivery & Shipping,Billing & Payments,dup_payment,True
TK-240893,Delivery & Shipping,Delivery & Shipping,not_delivered,False
TK-240894,Delivery & Shipping,Delivery & Shipping,not_delivered,False
TK-240895,Other,Connectivity,connectivity,True
TK-240896,App & Firmware,App & Firmware,app_firmware,False
TK-240897,Delivery & Shipping,Delivery & Shipping,not_delivered,False
TK-240898,Other,Connectivity,connectivity,True
TK-240899,Delivery & Shipping,Delivery & Shipping,not_delivered,False
TK-240900,Other,Delivery & Shipping,not_delivered,True
TK-240901,Warranty & Repair,Warranty & Repair,warranty_repair,False
TK-240902,Delivery & Shipping,Delivery & Shipping,not_delivered,False
TK-240903,Billing & Payments,Billing & Payments,dup_payment,False
TK-240905,App & Firmware,App & Firmware,app_firmware,False
TK-240906,Other,Billing & Payments,cancel,True
TK-240908,App & Firmware,App & Firmware,app_firmware,False
TK-240909,Other,Delivery & Shipping,address_change,True
TK-240910,Other,Billing & Payments,dup_payment,True
TK-240912,App & Firmware,App & Firmware,app_firmware,False
TK-240913,Charging & Battery,Charging & Battery,battery,False
TK-240914,Product Enquiry,Product Enquiry,enquiry,False
TK-240916,Other,Connectivity,connectivity,True
TK-240917,Delivery & Shipping,Delivery & Shipping,not_delivered,False
TK-240919,App & Firmware,App & Firmware,app_firmware,False
TK-240920,Returns & Refunds,Returns & Refunds,refund_status,False
TK-240921,Charging & Battery,Charging & Battery,battery,False
TK-240923,Billing & Payments,Returns & Refunds,refund_status,True
TK-240924,Charging & Battery,Charging & Battery,battery,False
TK-240925,Connectivity,Connectivity,connectivity,False
TK-240926,Billing & Payments,Billing & Payments,invoice,False
TK-240928,Product Enquiry,Product Enquiry,enquiry,False
TK-240929,Billing & Payments,Billing & Payments,dup_payment,False
TK-240930,Other,Delivery & Shipping,not_delivered,True
TK-240931,Other,Delivery & Shipping,not_delivered,True
TK-240932,Delivery & Shipping,Delivery & Shipping,not_delivered,False
TK-240934,Audio Quality,Audio Quality,audio,False
TK-240935,Returns & Refunds,Returns & Refunds,refund_status,False
TK-240936,Billing & Payments,Billing & Payments,coupon,False
TK-240937,Delivery & Shipping,Delivery & Shipping,not_delivered,False
TK-240939,Other,Delivery & Shipping,not_delivered,True
TK-240940,Charging & Battery,Charging & Battery,battery,False
TK-240941,Other,Billing & Payments,dup_payment,True
TK-240942,Delivery & Shipping,Delivery & Shipping,damaged_wrong,False
TK-240943,Returns & Refunds,Returns & Refunds,refund_status,False
TK-240944,App & Firmware,App & Firmware,app_firmware,False
TK-240945,Other,Delivery & Shipping,not_delivered,True
TK-240947,Charging & Battery,Charging & Battery,battery,False
TK-240948,Billing & Payments,Billing & Payments,invoice,False
TK-240950,Returns & Refunds,Returns & Refunds,return_pickup,False
TK-240951,Billing & Payments,Billing & Payments,dup_payment,False
TK-240952,Warranty & Repair,Warranty & Repair,warranty_repair,False
TK-240953,Connectivity,Connectivity,connectivity,False
TK-240954,App & Firmware,App & Firmware,app_firmware,False
TK-240955,Product Enquiry,Product Enquiry,enquiry,False
TK-240956,Returns & Refunds,Returns & Refunds,return_pickup,False
TK-240958,Billing & Payments,Billing & Payments,dup_payment,False
TK-240959,App & Firmware,Connectivity,connectivity,True
TK-240960,Account & Login,Account & Login,login,False
TK-240961,Delivery & Shipping,Delivery & Shipping,not_delivered,False
TK-240962,Billing & Payments,Billing & Payments,dup_payment,False
TK-240964,Other,Audio Quality,mic_issue,True
TK-240965,Product Enquiry,Product Enquiry,enquiry,False
TK-240966,Other,Delivery & Shipping,not_delivered,True
TK-240967,Connectivity,Connectivity,connectivity,False
TK-240968,Other,Billing & Payments,cancel,True
TK-240970,Account & Login,Account & Login,login,False
TK-240971,Billing & Payments,Billing & Payments,dup_payment,False
TK-240972,Delivery & Shipping,Delivery & Shipping,not_delivered,False
TK-240973,Returns & Refunds,Returns & Refunds,return_pickup,False
TK-240974,Other,Billing & Payments,dup_payment,True
TK-240975,Delivery & Shipping,Delivery & Shipping,not_delivered,False
TK-240976,Product Enquiry,Product Enquiry,enquiry,False
TK-240978,Delivery & Shipping,Delivery & Shipping,not_delivered,False
TK-240979,Delivery & Shipping,Returns & Refunds,return_pickup,True
TK-240981,Delivery & Shipping,Delivery & Shipping,not_delivered,False
TK-240982,Delivery & Shipping,Delivery & Shipping,damaged_wrong,False
TK-240983,Returns & Refunds,Returns & Refunds,refund_generic,False
TK-240984,Delivery & Shipping,Delivery & Shipping,not_delivered,False
TK-240985,Other,Connectivity,connectivity,True
TK-240986,Connectivity,Connectivity,connectivity,False
TK-240987,App & Firmware,App & Firmware,app_firmware,False
TK-240989,App & Firmware,App & Firmware,app_firmware,False
TK-240990,Other,Charging & Battery,battery,True
TK-240992,Billing & Payments,Billing & Payments,dup_payment,False
TK-240993,Other,Billing & Payments,cancel,True
TK-240994,Connectivity,Connectivity,connectivity,False
TK-240995,Other,Delivery & Shipping,not_delivered,True
TK-240996,Returns & Refunds,Delivery & Shipping,damaged_wrong,True
TK-240998,Audio Quality,Audio Quality,audio,False
TK-240999,Audio Quality,Audio Quality,audio,False
TK-241000,Audio Quality,Audio Quality,audio,False
TK-241001,Delivery & Shipping,Delivery & Shipping,not_delivered,False
TK-241002,Warranty & Repair,Other,unclassified,False
TK-241003,Delivery & Shipping,Delivery & Shipping,damaged_wrong,False
TK-241004,Other,Delivery & Shipping,not_delivered,True
TK-241005,Other,Billing & Payments,cancel,True
TK-241007,Connectivity,Connectivity,connectivity,False
TK-241008,Billing & Payments,Billing & Payments,coupon,False
TK-241009,Returns & Refunds,Returns & Refunds,return_pickup,False
TK-241010,Warranty & Repair,Warranty & Repair,warranty_repair,False
TK-241011,Audio Quality,Audio Quality,audio,False
TK-241012,Other,Delivery & Shipping,not_delivered,True
TK-241013,Billing & Payments,Billing & Payments,dup_payment,False
TK-241014,Returns & Refunds,Returns & Refunds,refund_status,False
TK-241015,Audio Quality,Audio Quality,mic_issue,False
TK-241017,Other,Billing & Payments,dup_payment,True
TK-241018,Billing & Payments,Billing & Payments,dup_payment,False
TK-241020,Delivery & Shipping,Delivery & Shipping,not_delivered,False
TK-241021,Returns & Refunds,Returns & Refunds,refund_status,False
TK-241022,Billing & Payments,Billing & Payments,dup_payment,False
TK-241023,Audio Quality,Audio Quality,audio,False
TK-241024,Billing & Payments,Billing & Payments,dup_payment,False
TK-241025,App & Firmware,App & Firmware,app_firmware,False
TK-241027,Delivery & Shipping,Delivery & Shipping,not_delivered,False
TK-241029,Audio Quality,Audio Quality,audio,False
TK-241030,Returns & Refunds,Returns & Refunds,refund_status,False
TK-241031,Returns & Refunds,Returns & Refunds,return_pickup,False
TK-241032,Billing & Payments,Billing & Payments,cancel,False
TK-241033,Billing & Payments,Billing & Payments,invoice,False
TK-241034,Other,Delivery & Shipping,not_delivered,True
TK-241035,Billing & Payments,Billing & Payments,dup_payment,False
TK-241036,Delivery & Shipping,Delivery & Shipping,damaged_wrong,False
TK-241038,Billing & Payments,Billing & Payments,coupon,False
TK-241040,Delivery & Shipping,Delivery & Shipping,not_delivered,False
TK-241041,App & Firmware,App & Firmware,app_firmware,False
TK-241042,Product Enquiry,Product Enquiry,enquiry,False
TK-241044,Warranty & Repair,Warranty & Repair,warranty_repair,False
TK-241045,Delivery & Shipping,Delivery & Shipping,not_delivered,False
TK-241046,Audio Quality,Audio Quality,audio,False
TK-241047,Other,Delivery & Shipping,not_delivered,True
TK-241049,Connectivity,Connectivity,connectivity,False
TK-241051,Other,Billing & Payments,cancel,True
TK-241053,Delivery & Shipping,Delivery & Shipping,not_delivered,False
TK-241055,Other,Product Enquiry,enquiry,True
TK-241056,Other,Billing & Payments,cancel,True
TK-241057,Billing & Payments,Billing & Payments,dup_payment,False
TK-241058,Delivery & Shipping,Returns & Refunds,return_pickup,True
TK-241059,Delivery & Shipping,Delivery & Shipping,not_delivered,False
TK-241060,Billing & Payments,Billing & Payments,invoice,False
TK-241061,Other,Delivery & Shipping,address_change,True
TK-241062,Delivery & Shipping,Delivery & Shipping,not_delivered,False
TK-241063,Billing & Payments,Billing & Payments,invoice,False
TK-241064,Delivery & Shipping,Delivery & Shipping,not_delivered,False
TK-241065,Connectivity,Connectivity,connectivity,False
TK-241066,Product Enquiry,Product Enquiry,enquiry,False
TK-241067,Returns & Refunds,Delivery & Shipping,not_delivered,True
TK-241068,Billing & Payments,Billing & Payments,dup_payment,False
TK-241069,Product Enquiry,Product Enquiry,enquiry,False
TK-241070,Connectivity,Connectivity,connectivity,False
TK-241071,Billing & Payments,Billing & Payments,coupon,False
TK-241073,Billing & Payments,Billing & Payments,invoice,False
TK-241074,Connectivity,Connectivity,connectivity,False
TK-241076,Delivery & Shipping,Delivery & Shipping,not_delivered,False
TK-241078,Charging & Battery,Charging & Battery,battery,False
TK-241079,App & Firmware,App & Firmware,app_firmware,False
TK-241080,Product Enquiry,Product Enquiry,enquiry,False
TK-241081,Delivery & Shipping,Delivery & Shipping,damaged_wrong,False
TK-241083,Warranty & Repair,Warranty & Repair,warranty_repair,False
TK-241084,Billing & Payments,Returns & Refunds,refund_status,True
TK-241086,Other,Billing & Payments,cancel,True
TK-241087,Billing & Payments,Billing & Payments,coupon,False
TK-241088,Billing & Payments,Returns & Refunds,refund_status,True
TK-241089,Audio Quality,Audio Quality,audio,False
TK-241090,Charging & Battery,Charging & Battery,battery,False
TK-241091,Delivery & Shipping,Delivery & Shipping,not_delivered,False
TK-241093,Delivery & Shipping,Delivery & Shipping,not_delivered,False
TK-241095,Billing & Payments,Billing & Payments,coupon,False
TK-241096,Billing & Payments,Billing & Payments,dup_payment,False
TK-241097,Delivery & Shipping,Delivery & Shipping,damaged_wrong,False
TK-241098,Other,Delivery & Shipping,address_change,True
TK-241099,Delivery & Shipping,Delivery & Shipping,damaged_wrong,False
TK-241100,Billing & Payments,Billing & Payments,invoice,False
TK-241101,Other,App & Firmware,app_firmware,True
TK-241102,Returns & Refunds,Returns & Refunds,refund_status,False
TK-241103,Returns & Refunds,Returns & Refunds,return_pickup,False
TK-241105,Other,Warranty & Repair,warranty_repair,True
TK-241106,Billing & Payments,Billing & Payments,dup_payment,False
TK-241107,App & Firmware,App & Firmware,app_firmware,False
TK-241108,Delivery & Shipping,Delivery & Shipping,not_delivered,False
TK-241109,Billing & Payments,Billing & Payments,coupon,False
TK-241111,Delivery & Shipping,Delivery & Shipping,not_delivered,False
TK-241112,Returns & Refunds,Returns & Refunds,refund_status,False
TK-241114,Other,Billing & Payments,cancel,True
TK-241115,Delivery & Shipping,Delivery & Shipping,damaged_wrong,False
TK-241117,Billing & Payments,Billing & Payments,dup_payment,False
TK-241118,Delivery & Shipping,Delivery & Shipping,damaged_wrong,False
TK-241119,Other,Delivery & Shipping,address_change,True
TK-241120,Returns & Refunds,Returns & Refunds,refund_status,False
TK-241121,Connectivity,Connectivity,connectivity,False
TK-241122,Delivery & Shipping,Delivery & Shipping,damaged_wrong,False
TK-241123,Account & Login,Account & Login,login,False
TK-241124,Warranty & Repair,App & Firmware,app_firmware,True
TK-241125,Billing & Payments,Returns & Refunds,refund_status,True
TK-241127,Product Enquiry,Billing & Payments,coupon,True
TK-241129,Delivery & Shipping,Delivery & Shipping,not_delivered,False
TK-241130,Other,Billing & Payments,cancel,True
TK-241132,Connectivity,Connectivity,connectivity,False
TK-241133,Delivery & Shipping,Delivery & Shipping,not_delivered,False
TK-241135,Returns & Refunds,Returns & Refunds,return_pickup,False
TK-241137,Warranty & Repair,Other,unclassified,False
TK-241138,Delivery & Shipping,Billing & Payments,dup_payment,True
TK-241139,Charging & Battery,Charging & Battery,battery,False
TK-241140,Returns & Refunds,Warranty & Repair,warranty_repair,True
TK-241141,Billing & Payments,Billing & Payments,dup_payment,False
TK-241142,Delivery & Shipping,Delivery & Shipping,not_delivered,False
TK-241144,Warranty & Repair,Charging & Battery,battery,True
TK-241145,Billing & Payments,Billing & Payments,dup_payment,False
TK-241146,Connectivity,Connectivity,connectivity,False
TK-241147,Delivery & Shipping,Delivery & Shipping,not_delivered,False
TK-241148,Billing & Payments,Returns & Refunds,refund_status,True
TK-241149,Other,Billing & Payments,cancel,True
TK-241150,Warranty & Repair,Warranty & Repair,warranty_repair,False
TK-241152,Product Enquiry,Product Enquiry,enquiry,False
TK-241153,Charging & Battery,Charging & Battery,battery,False
TK-241154,Billing & Payments,Billing & Payments,dup_payment,False
TK-241155,Connectivity,Connectivity,connectivity,False
TK-241156,Other,Billing & Payments,dup_payment,True
TK-241157,Delivery & Shipping,Delivery & Shipping,not_delivered,False
TK-241158,Billing & Payments,Billing & Payments,dup_payment,False
TK-241160,Charging & Battery,Charging & Battery,battery,False
TK-241161,App & Firmware,App & Firmware,app_firmware,False
TK-241162,Delivery & Shipping,Delivery & Shipping,not_delivered,False
TK-241163,Connectivity,Charging & Battery,battery,True
TK-241165,Warranty & Repair,Other,unclassified,False
TK-241166,Delivery & Shipping,Delivery & Shipping,not_delivered,False
TK-241167,Billing & Payments,Billing & Payments,dup_payment,False
TK-241168,Delivery & Shipping,Delivery & Shipping,not_delivered,False
TK-241170,Returns & Refunds,Returns & Refunds,refund_generic,False
TK-241171,Billing & Payments,Billing & Payments,invoice,False
TK-241172,Other,App & Firmware,app_firmware,True
TK-241173,Charging & Battery,Charging & Battery,battery,False
TK-241174,Audio Quality,Audio Quality,audio,False
TK-241175,Billing & Payments,Billing & Payments,invoice,False
TK-241176,Product Enquiry,Product Enquiry,enquiry,False
TK-241178,Connectivity,Connectivity,connectivity,False
TK-241179,Product Enquiry,Product Enquiry,enquiry,False
TK-241180,Other,Product Enquiry,enquiry,True
TK-241181,Warranty & Repair,Charging & Battery,battery,True
TK-241183,Delivery & Shipping,Delivery & Shipping,not_delivered,False
TK-241184,Delivery & Shipping,Delivery & Shipping,not_delivered,False
TK-241185,Delivery & Shipping,Billing & Payments,dup_payment,True
TK-241187,Charging & Battery,App & Firmware,app_firmware,True
TK-241188,Returns & Refunds,Returns & Refunds,refund_status,False
TK-241190,Delivery & Shipping,Delivery & Shipping,not_delivered,False
TK-241192,Connectivity,Connectivity,connectivity,False
TK-241193,Billing & Payments,Returns & Refunds,refund_status,True
TK-241195,App & Firmware,Charging & Battery,battery,True
TK-241196,Delivery & Shipping,Delivery & Shipping,not_delivered,False
TK-241198,Billing & Payments,Billing & Payments,dup_payment,False
TK-241199,Other,Delivery & Shipping,address_change,True
TK-241200,Other,Connectivity,connectivity,True
TK-241201,Billing & Payments,Billing & Payments,coupon,False
TK-241202,Account & Login,Account & Login,login,False
TK-241204,Returns & Refunds,Returns & Refunds,refund_status,False
TK-241205,Warranty & Repair,Warranty & Repair,warranty_repair,False
TK-241206,App & Firmware,App & Firmware,app_firmware,False
TK-241207,Billing & Payments,Returns & Refunds,refund_status,True
TK-241209,Charging & Battery,Charging & Battery,battery,False
TK-241210,Connectivity,Connectivity,connectivity,False
TK-241211,Delivery & Shipping,Delivery & Shipping,not_delivered,False
TK-241212,Audio Quality,Audio Quality,audio,False
TK-241214,Billing & Payments,Billing & Payments,coupon,False
TK-241215,Returns & Refunds,Returns & Refunds,refund_status,False
TK-241216,Audio Quality,Audio Quality,audio,False
TK-241217,Connectivity,Connectivity,connectivity,False
TK-241218,Billing & Payments,Billing & Payments,coupon,False
TK-241219,Other,Audio Quality,audio,True
TK-241221,Other,Warranty & Repair,warranty_repair,True
TK-241223,Warranty & Repair,Warranty & Repair,warranty_repair,False
TK-241225,Returns & Refunds,Returns & Refunds,return_pickup,False
TK-241227,Returns & Refunds,Returns & Refunds,return_pickup,False
TK-241228,Delivery & Shipping,Delivery & Shipping,not_delivered,False
TK-241230,Audio Quality,Delivery & Shipping,damaged_wrong,True
TK-241231,Billing & Payments,Billing & Payments,dup_payment,False
TK-241232,Warranty & Repair,Other,unclassified,False
TK-241234,Delivery & Shipping,Delivery & Shipping,not_delivered,False
TK-241235,Product Enquiry,Product Enquiry,enquiry,False
TK-241236,Returns & Refunds,Delivery & Shipping,damaged_wrong,True
TK-241237,Connectivity,Connectivity,connectivity,False
TK-241238,Delivery & Shipping,Delivery & Shipping,not_delivered,False
TK-241240,Warranty & Repair,Other,unclassified,False
TK-241241,App & Firmware,Account & Login,login,True
TK-241242,Billing & Payments,Billing & Payments,invoice,False
TK-241243,Audio Quality,Audio Quality,audio,False
TK-241244,Connectivity,Connectivity,connectivity,False
TK-241245,Returns & Refunds,Returns & Refunds,refund_status,False
TK-241246,Audio Quality,Audio Quality,audio,False
TK-241247,Delivery & Shipping,Delivery & Shipping,not_delivered,False
TK-241249,Delivery & Shipping,Billing & Payments,dup_payment,True
TK-241250,Delivery & Shipping,Delivery & Shipping,not_delivered,False
TK-241251,Other,Billing & Payments,cancel,True
TK-241252,Other,Billing & Payments,cancel,True
TK-241254,Delivery & Shipping,Delivery & Shipping,damaged_wrong,False
TK-241256,Delivery & Shipping,Delivery & Shipping,damaged_wrong,False
TK-241257,Connectivity,Connectivity,connectivity,False
TK-241258,Billing & Payments,Billing & Payments,coupon,False
TK-241259,App & Firmware,App & Firmware,app_firmware,False
TK-241260,Other,Delivery & Shipping,not_delivered,True
TK-241262,Returns & Refunds,Returns & Refunds,refund_status,False
TK-241263,Other,Connectivity,connectivity,True
TK-241264,Delivery & Shipping,Delivery & Shipping,not_delivered,False
TK-241265,Delivery & Shipping,Delivery & Shipping,damaged_wrong,False
TK-241267,Connectivity,Connectivity,connectivity,False
TK-241268,Charging & Battery,App & Firmware,app_firmware,True
TK-241269,Other,Delivery & Shipping,not_delivered,True
TK-241271,Product Enquiry,Product Enquiry,enquiry,False
TK-241272,Other,Delivery & Shipping,not_delivered,True
TK-241273,Warranty & Repair,Warranty & Repair,warranty_repair,False
TK-241274,Warranty & Repair,Charging & Battery,battery,True
TK-241275,Charging & Battery,Billing & Payments,dup_payment,True
TK-241276,Connectivity,Connectivity,connectivity,False
TK-241277,Connectivity,App & Firmware,app_firmware,True
TK-241279,Charging & Battery,Audio Quality,audio,True
TK-241281,Audio Quality,Audio Quality,mic_issue,False
TK-241282,Delivery & Shipping,Delivery & Shipping,not_delivered,False
TK-241284,Other,Billing & Payments,dup_payment,True
TK-241285,Other,Billing & Payments,invoice,True
TK-241286,Audio Quality,Audio Quality,audio,False
TK-241288,Billing & Payments,Billing & Payments,dup_payment,False
TK-241289,Connectivity,Connectivity,connectivity,False
TK-241290,Other,Audio Quality,audio,True
TK-241291,Returns & Refunds,Returns & Refunds,return_pickup,False
TK-241292,Charging & Battery,App & Firmware,app_firmware,True
TK-241293,Delivery & Shipping,Returns & Refunds,return_pickup,True
TK-241294,Audio Quality,Audio Quality,audio,False
TK-241296,Delivery & Shipping,Delivery & Shipping,not_delivered,False
TK-241297,Audio Quality,Audio Quality,mic_issue,False
TK-241298,Connectivity,Connectivity,connectivity,False
TK-241299,Delivery & Shipping,Delivery & Shipping,not_delivered,False
TK-241301,App & Firmware,App & Firmware,app_firmware,False
TK-241302,Product Enquiry,Product Enquiry,enquiry,False
TK-241303,Returns & Refunds,Returns & Refunds,refund_status,False
TK-241304,Account & Login,Account & Login,login,False
TK-241305,Billing & Payments,Billing & Payments,coupon,False
TK-241306,Returns & Refunds,Returns & Refunds,refund_status,False
TK-241307,Delivery & Shipping,Delivery & Shipping,not_delivered,False
TK-241308,Warranty & Repair,Warranty & Repair,warranty_repair,False
TK-241309,Billing & Payments,Billing & Payments,invoice,False
TK-241311,Connectivity,Audio Quality,audio,True
TK-241312,Connectivity,Connectivity,connectivity,False
TK-241313,App & Firmware,App & Firmware,app_firmware,False
TK-241315,Returns & Refunds,Returns & Refunds,refund_status,False
TK-241316,Connectivity,Connectivity,connectivity,False
TK-241317,Billing & Payments,Billing & Payments,dup_payment,False
TK-241319,App & Firmware,App & Firmware,app_firmware,False
TK-241320,Delivery & Shipping,Delivery & Shipping,damaged_wrong,False
TK-241321,Returns & Refunds,Returns & Refunds,return_pickup,False
TK-241322,Audio Quality,Audio Quality,mic_issue,False
TK-241323,Billing & Payments,Billing & Payments,dup_payment,False
TK-241324,Warranty & Repair,Warranty & Repair,warranty_repair,False
TK-241326,Audio Quality,Other,unclassified,False
TK-241327,Product Enquiry,Product Enquiry,enquiry,False
TK-241328,App & Firmware,Charging & Battery,battery,True
TK-241329,Billing & Payments,Billing & Payments,dup_payment,False
TK-241330,Product Enquiry,Product Enquiry,enquiry,False
TK-241331,Delivery & Shipping,Delivery & Shipping,not_delivered,False
TK-241332,Billing & Payments,Billing & Payments,dup_payment,False
TK-241333,Delivery & Shipping,Returns & Refunds,return_pickup,True
TK-241335,Connectivity,Connectivity,connectivity,False
TK-241337,Connectivity,Audio Quality,audio,True
TK-241339,App & Firmware,App & Firmware,app_firmware,False
TK-241341,Returns & Refunds,Delivery & Shipping,not_delivered,True
TK-241343,Billing & Payments,Billing & Payments,dup_payment,False
TK-241345,Account & Login,Account & Login,login,False
TK-241347,Delivery & Shipping,Delivery & Shipping,not_delivered,False
TK-241348,Delivery & Shipping,Delivery & Shipping,not_delivered,False
TK-241349,App & Firmware,App & Firmware,app_firmware,False
TK-241350,Charging & Battery,Charging & Battery,battery,False
TK-241351,Other,App & Firmware,app_firmware,True
TK-241353,Other,Warranty & Repair,warranty_repair,True
TK-241355,Delivery & Shipping,Delivery & Shipping,not_delivered,False
TK-241357,Account & Login,Account & Login,login,False
TK-241359,Billing & Payments,Billing & Payments,dup_payment,False
TK-241360,Product Enquiry,Product Enquiry,enquiry,False
TK-241361,Other,Delivery & Shipping,not_delivered,True
TK-241362,Other,Billing & Payments,dup_payment,True
TK-241364,Product Enquiry,Billing & Payments,coupon,True
TK-241365,Other,Billing & Payments,cancel,True
TK-241366,Other,Delivery & Shipping,not_delivered,True
TK-241367,Charging & Battery,Charging & Battery,battery,False
TK-241368,Other,Billing & Payments,dup_payment,True
TK-241369,Delivery & Shipping,Delivery & Shipping,not_delivered,False
TK-241370,Other,Billing & Payments,cancel,True
TK-241371,Billing & Payments,Billing & Payments,dup_payment,False
TK-241372,Billing & Payments,Billing & Payments,invoice,False
TK-241373,App & Firmware,App & Firmware,app_firmware,False
TK-241374,Product Enquiry,Product Enquiry,enquiry,False
TK-241375,Returns & Refunds,Returns & Refunds,refund_status,False
TK-241377,Billing & Payments,Billing & Payments,dup_payment,False
TK-241379,Billing & Payments,Billing & Payments,dup_payment,False
TK-241380,Returns & Refunds,Returns & Refunds,return_pickup,False
TK-241382,Billing & Payments,Billing & Payments,invoice,False
TK-241383,Delivery & Shipping,Delivery & Shipping,damaged_wrong,False
TK-241385,Audio Quality,Audio Quality,audio,False
TK-241387,Billing & Payments,Billing & Payments,dup_payment,False
TK-241389,Connectivity,Connectivity,connectivity,False
TK-241390,Audio Quality,Audio Quality,audio,False
TK-241392,Delivery & Shipping,Delivery & Shipping,not_delivered,False
TK-241393,Warranty & Repair,Other,unclassified,False
TK-241394,Delivery & Shipping,Delivery & Shipping,not_delivered,False
TK-241396,Warranty & Repair,Delivery & Shipping,damaged_wrong,True
TK-241398,Connectivity,Connectivity,connectivity,False
TK-241399,Other,Delivery & Shipping,not_delivered,True
TK-241400,Connectivity,App & Firmware,app_firmware,True
TK-241401,Billing & Payments,Billing & Payments,dup_payment,False
TK-241403,Audio Quality,Audio Quality,audio,False
TK-241404,Account & Login,Account & Login,login,False
TK-241405,Delivery & Shipping,Delivery & Shipping,damaged_wrong,False
TK-241406,Delivery & Shipping,Delivery & Shipping,not_delivered,False
TK-241407,Delivery & Shipping,Delivery & Shipping,not_delivered,False
TK-241408,Other,Billing & Payments,cancel,True
TK-241409,Other,Delivery & Shipping,not_delivered,True
TK-241410,Charging & Battery,Charging & Battery,battery,False
TK-241411,Connectivity,Connectivity,connectivity,False
TK-241412,Connectivity,Connectivity,connectivity,False
TK-241413,Connectivity,Connectivity,connectivity,False
TK-241414,Delivery & Shipping,Delivery & Shipping,damaged_wrong,False
TK-241415,Delivery & Shipping,Billing & Payments,cancel,True
TK-241416,Charging & Battery,Charging & Battery,battery,False
TK-241417,Other,Warranty & Repair,warranty_repair,True
TK-241418,Connectivity,Connectivity,connectivity,False
TK-241419,Other,Other,unclassified,False
TK-241421,Delivery & Shipping,Delivery & Shipping,damaged_wrong,False
TK-241423,Delivery & Shipping,Delivery & Shipping,damaged_wrong,False
TK-241424,Other,Billing & Payments,cancel,True
TK-241426,Product Enquiry,Product Enquiry,enquiry,False
TK-241427,App & Firmware,App & Firmware,app_firmware,False
TK-241428,Other,Audio Quality,mic_issue,True
TK-241429,Other,Delivery & Shipping,not_delivered,True
TK-241431,App & Firmware,Charging & Battery,battery,True
TK-241432,Connectivity,Connectivity,connectivity,False
TK-241433,Warranty & Repair,Audio Quality,audio,True
TK-241435,Returns & Refunds,Delivery & Shipping,not_delivered,True
TK-241436,Other,Billing & Payments,coupon,True
TK-241437,Delivery & Shipping,Delivery & Shipping,not_delivered,False
TK-241438,Returns & Refunds,Returns & Refunds,refund_status,False
TK-241440,Charging & Battery,Billing & Payments,dup_payment,True
TK-241441,Returns & Refunds,Returns & Refunds,refund_status,False
TK-241442,App & Firmware,App & Firmware,app_firmware,False
TK-241443,Delivery & Shipping,Delivery & Shipping,not_delivered,False
TK-241444,Charging & Battery,Charging & Battery,battery,False
TK-241446,Returns & Refunds,Returns & Refunds,refund_status,False
TK-241447,Billing & Payments,Billing & Payments,dup_payment,False
TK-241448,Delivery & Shipping,Delivery & Shipping,damaged_wrong,False
TK-241449,Delivery & Shipping,Delivery & Shipping,not_delivered,False
TK-241450,App & Firmware,App & Firmware,app_firmware,False
TK-241452,Delivery & Shipping,Delivery & Shipping,not_delivered,False
TK-241453,Account & Login,Account & Login,login,False
TK-241454,Delivery & Shipping,Delivery & Shipping,not_delivered,False
TK-241455,Delivery & Shipping,Delivery & Shipping,not_delivered,False
TK-241457,Other,Billing & Payments,cancel,True
TK-241458,Other,Delivery & Shipping,not_delivered,True
TK-241460,Billing & Payments,Returns & Refunds,refund_status,True
TK-241461,Audio Quality,Audio Quality,audio,False
TK-241463,Returns & Refunds,Returns & Refunds,refund_status,False
TK-241464,Account & Login,Account & Login,login,False
TK-241465,Delivery & Shipping,Delivery & Shipping,not_delivered,False
TK-241466,Returns & Refunds,Returns & Refunds,refund_status,False
TK-241468,Product Enquiry,Product Enquiry,enquiry,False
TK-241469,Charging & Battery,Charging & Battery,battery,False
TK-241470,Billing & Payments,Billing & Payments,dup_payment,False
TK-241471,Other,Delivery & Shipping,not_delivered,True
TK-241472,Product Enquiry,Charging & Battery,battery,True
TK-241474,Charging & Battery,Charging & Battery,battery,False
TK-241475,Audio Quality,Audio Quality,audio,False
TK-241476,Product Enquiry,Product Enquiry,enquiry,False
TK-241477,Delivery & Shipping,Delivery & Shipping,not_delivered,False
TK-241479,Delivery & Shipping,Delivery & Shipping,damaged_wrong,False
TK-241480,Billing & Payments,Billing & Payments,coupon,False
TK-241481,Delivery & Shipping,Delivery & Shipping,not_delivered,False
TK-241483,Charging & Battery,Charging & Battery,battery,False
TK-241485,Delivery & Shipping,Delivery & Shipping,damaged_wrong,False
TK-241486,Billing & Payments,Billing & Payments,coupon,False
TK-241487,Product Enquiry,Product Enquiry,enquiry,False
TK-241489,Account & Login,Account & Login,login,False
TK-241491,Delivery & Shipping,Delivery & Shipping,not_delivered,False
TK-241492,Billing & Payments,Billing & Payments,coupon,False
TK-241493,Returns & Refunds,Charging & Battery,battery,True
TK-241494,Billing & Payments,Returns & Refunds,refund_status,True
TK-241495,Audio Quality,Audio Quality,audio,False
TK-241496,Billing & Payments,Billing & Payments,dup_payment,False
TK-241498,Other,Delivery & Shipping,not_delivered,True
TK-241499,Connectivity,Connectivity,connectivity,False
TK-241501,Product Enquiry,Product Enquiry,enquiry,False
TK-241502,Delivery & Shipping,Delivery & Shipping,not_delivered,False
TK-241504,App & Firmware,App & Firmware,app_firmware,False
TK-241505,Audio Quality,Audio Quality,mic_issue,False
TK-241506,Delivery & Shipping,Delivery & Shipping,damaged_wrong,False
TK-241508,Returns & Refunds,Returns & Refunds,refund_status,False
TK-241509,Billing & Payments,Billing & Payments,dup_payment,False
TK-241510,Other,Delivery & Shipping,not_delivered,True
TK-241512,Other,Connectivity,connectivity,True
TK-241513,Charging & Battery,Billing & Payments,dup_payment,True
TK-241514,Charging & Battery,Charging & Battery,battery,False
TK-241515,Returns & Refunds,Returns & Refunds,refund_status,False
TK-241516,Audio Quality,Warranty & Repair,warranty_repair,True
TK-241517,Returns & Refunds,Returns & Refunds,refund_status,False
TK-241519,Billing & Payments,Delivery & Shipping,not_delivered,True
TK-241520,Connectivity,Connectivity,connectivity,False
TK-241521,Delivery & Shipping,Delivery & Shipping,not_delivered,False
TK-241522,Returns & Refunds,Returns & Refunds,refund_status,False
TK-241524,Returns & Refunds,Returns & Refunds,return_pickup,False
TK-241526,App & Firmware,App & Firmware,app_firmware,False
TK-241528,Other,Billing & Payments,cancel,True
TK-241530,Charging & Battery,App & Firmware,app_firmware,True
TK-241531,Other,Delivery & Shipping,not_delivered,True
TK-241532,Delivery & Shipping,Delivery & Shipping,not_delivered,False
TK-241533,Delivery & Shipping,Delivery & Shipping,not_delivered,False
TK-241535,Connectivity,Delivery & Shipping,not_delivered,True
TK-241536,Billing & Payments,Billing & Payments,dup_payment,False
TK-241537,Connectivity,Connectivity,connectivity,False
TK-241538,Delivery & Shipping,Delivery & Shipping,not_delivered,False
TK-241539,Delivery & Shipping,Delivery & Shipping,not_delivered,False
TK-241541,App & Firmware,App & Firmware,app_firmware,False
TK-241543,Audio Quality,Delivery & Shipping,damaged_wrong,True
TK-241544,Delivery & Shipping,Delivery & Shipping,damaged_wrong,False
TK-241545,Returns & Refunds,Returns & Refunds,refund_status,False
TK-241547,Product Enquiry,Product Enquiry,enquiry,False
TK-241549,Connectivity,Connectivity,connectivity,False
TK-241551,Audio Quality,Audio Quality,audio,False
TK-241552,Billing & Payments,Delivery & Shipping,not_delivered,True
TK-241553,Warranty & Repair,Charging & Battery,battery,True
TK-241555,Billing & Payments,Billing & Payments,dup_payment,False
TK-241556,Product Enquiry,Other,unclassified,False
TK-241558,Returns & Refunds,Returns & Refunds,refund_status,False
TK-241560,Returns & Refunds,Returns & Refunds,refund_status,False
TK-241562,App & Firmware,App & Firmware,app_firmware,False
TK-241563,Billing & Payments,Billing & Payments,dup_payment,False
TK-241564,Product Enquiry,Product Enquiry,enquiry,False
TK-241565,Returns & Refunds,Delivery & Shipping,not_delivered,True
TK-241567,Delivery & Shipping,Delivery & Shipping,not_delivered,False
TK-241568,Charging & Battery,Charging & Battery,battery,False
TK-241569,App & Firmware,App & Firmware,app_firmware,False
TK-241570,Billing & Payments,Connectivity,connectivity,True
TK-241571,Delivery & Shipping,Delivery & Shipping,not_delivered,False
TK-241573,Returns & Refunds,Returns & Refunds,refund_status,False
TK-241574,Billing & Payments,Billing & Payments,dup_payment,False
TK-241575,App & Firmware,App & Firmware,app_firmware,False
TK-241576,Other,Connectivity,connectivity,True
TK-241577,Delivery & Shipping,Delivery & Shipping,not_delivered,False
TK-241578,Warranty & Repair,Other,unclassified,False
TK-241579,Connectivity,Connectivity,connectivity,False
TK-241581,Delivery & Shipping,Delivery & Shipping,damaged_wrong,False
TK-241583,Billing & Payments,Billing & Payments,coupon,False
TK-241585,Charging & Battery,Charging & Battery,battery,False
TK-241586,Returns & Refunds,Delivery & Shipping,not_delivered,True
TK-241587,Billing & Payments,Billing & Payments,dup_payment,False
TK-241588,Warranty & Repair,Warranty & Repair,warranty_repair,False
TK-241590,Billing & Payments,Returns & Refunds,refund_status,True
TK-241591,Returns & Refunds,Returns & Refunds,refund_status,False
TK-241593,Billing & Payments,Billing & Payments,dup_payment,False
TK-241594,Delivery & Shipping,Delivery & Shipping,damaged_wrong,False
TK-241595,Returns & Refunds,Returns & Refunds,refund_status,False
TK-241596,Charging & Battery,Charging & Battery,battery,False
TK-241598,Audio Quality,Other,unclassified,False
TK-241599,Product Enquiry,Product Enquiry,enquiry,False
TK-241600,Delivery & Shipping,Delivery & Shipping,not_delivered,False
TK-241602,Returns & Refunds,Returns & Refunds,return_pickup,False
TK-241603,App & Firmware,App & Firmware,app_firmware,False
TK-241604,Delivery & Shipping,Delivery & Shipping,not_delivered,False
TK-241606,Warranty & Repair,App & Firmware,app_firmware,True
TK-241608,Product Enquiry,Product Enquiry,enquiry,False
TK-241609,Charging & Battery,Charging & Battery,battery,False
TK-241610,Product Enquiry,Product Enquiry,enquiry,False
TK-241611,Audio Quality,Audio Quality,audio,False
TK-241613,Delivery & Shipping,Delivery & Shipping,not_delivered,False
TK-241614,Charging & Battery,Charging & Battery,battery,False
TK-241616,Delivery & Shipping,Delivery & Shipping,not_delivered,False
TK-241617,Account & Login,Billing & Payments,invoice,True
TK-241618,Billing & Payments,Billing & Payments,coupon,False
TK-241619,App & Firmware,App & Firmware,app_firmware,False
TK-241621,Billing & Payments,Billing & Payments,dup_payment,False
TK-241622,App & Firmware,Charging & Battery,battery,True
TK-241623,Delivery & Shipping,Delivery & Shipping,not_delivered,False
TK-241625,Charging & Battery,Charging & Battery,battery,False
TK-241627,App & Firmware,Charging & Battery,battery,True
TK-241629,Billing & Payments,Billing & Payments,invoice,False
TK-241631,Other,Product Enquiry,enquiry,True
TK-241633,Connectivity,Connectivity,connectivity,False
TK-241634,Delivery & Shipping,Delivery & Shipping,not_delivered,False
TK-241635,Other,Billing & Payments,cancel,True
TK-241636,Delivery & Shipping,Delivery & Shipping,not_delivered,False
TK-241637,Connectivity,Connectivity,connectivity,False
TK-241638,Billing & Payments,Billing & Payments,invoice,False
TK-241640,Billing & Payments,Billing & Payments,dup_payment,False
TK-241642,Delivery & Shipping,Delivery & Shipping,damaged_wrong,False
TK-241643,Other,App & Firmware,app_firmware,True
TK-241644,Other,Audio Quality,audio,True
TK-241645,Audio Quality,Audio Quality,audio,False
TK-241646,App & Firmware,Connectivity,connectivity,True
TK-241647,Charging & Battery,Charging & Battery,battery,False
TK-241648,Product Enquiry,Product Enquiry,enquiry,False
TK-241649,Delivery & Shipping,Delivery & Shipping,damaged_wrong,False
TK-241651,App & Firmware,App & Firmware,app_firmware,False
TK-241652,Billing & Payments,Billing & Payments,coupon,False
TK-241654,Connectivity,Connectivity,connectivity,False
TK-241655,Delivery & Shipping,Delivery & Shipping,not_delivered,False
TK-241657,App & Firmware,App & Firmware,app_firmware,False
TK-241658,Connectivity,Connectivity,connectivity,False
TK-241659,Connectivity,Connectivity,connectivity,False
TK-241661,Product Enquiry,Product Enquiry,enquiry,False
TK-241662,Billing & Payments,Billing & Payments,dup_payment,False
TK-241663,Other,Product Enquiry,enquiry,True
TK-241664,Delivery & Shipping,Delivery & Shipping,not_delivered,False
TK-241665,Warranty & Repair,Warranty & Repair,warranty_repair,False
TK-241666,Audio Quality,Audio Quality,mic_issue,False
TK-241667,Charging & Battery,App & Firmware,app_firmware,True
TK-241669,Delivery & Shipping,Delivery & Shipping,not_delivered,False
TK-241671,Warranty & Repair,Audio Quality,audio,True
TK-241673,App & Firmware,App & Firmware,app_firmware,False
TK-241674,Delivery & Shipping,Delivery & Shipping,not_delivered,False
TK-241676,Billing & Payments,Returns & Refunds,refund_status,True
TK-241677,Other,Delivery & Shipping,address_change,True
TK-241678,Delivery & Shipping,Delivery & Shipping,damaged_wrong,False
TK-241679,Charging & Battery,App & Firmware,app_firmware,True
TK-241680,Delivery & Shipping,Returns & Refunds,return_pickup,True
TK-241681,Warranty & Repair,Warranty & Repair,warranty_repair,False
TK-241682,Connectivity,Connectivity,connectivity,False
TK-241684,Connectivity,Connectivity,connectivity,False
TK-241685,Returns & Refunds,Returns & Refunds,refund_status,False
TK-241686,Billing & Payments,Billing & Payments,invoice,False
TK-241687,Returns & Refunds,Returns & Refunds,return_pickup,False
TK-241688,Connectivity,Connectivity,connectivity,False
TK-241689,Other,Delivery & Shipping,not_delivered,True
TK-241690,App & Firmware,App & Firmware,app_firmware,False
TK-241691,Other,Charging & Battery,battery,True
TK-241692,Connectivity,Delivery & Shipping,not_delivered,True
TK-241693,App & Firmware,App & Firmware,app_firmware,False
TK-241694,Billing & Payments,Other,unclassified,False
TK-241695,Delivery & Shipping,Delivery & Shipping,not_delivered,False
TK-241697,Delivery & Shipping,Delivery & Shipping,not_delivered,False
TK-241699,Other,Delivery & Shipping,not_delivered,True
TK-241701,Charging & Battery,Charging & Battery,battery,False
TK-241702,Audio Quality,Audio Quality,audio,False
TK-241703,App & Firmware,App & Firmware,app_firmware,False
TK-241704,Charging & Battery,Charging & Battery,battery,False
TK-241705,Charging & Battery,Charging & Battery,battery,False
TK-241706,Product Enquiry,Product Enquiry,enquiry,False
TK-241707,Warranty & Repair,Other,unclassified,False
TK-241709,Audio Quality,Audio Quality,audio,False
TK-241710,Billing & Payments,Billing & Payments,invoice,False
TK-241711,Delivery & Shipping,Delivery & Shipping,not_delivered,False
TK-241712,Charging & Battery,Charging & Battery,battery,False
TK-241713,Warranty & Repair,Warranty & Repair,warranty_repair,False
TK-241715,Delivery & Shipping,Delivery & Shipping,not_delivered,False
TK-241716,Delivery & Shipping,Delivery & Shipping,not_delivered,False
TK-241718,Delivery & Shipping,Delivery & Shipping,not_delivered,False
TK-241719,App & Firmware,App & Firmware,app_firmware,False
TK-241720,Connectivity,Connectivity,connectivity,False
TK-241721,Returns & Refunds,Returns & Refunds,refund_status,False
TK-241723,Billing & Payments,Billing & Payments,dup_payment,False
TK-241724,Connectivity,Connectivity,connectivity,False
TK-241725,Audio Quality,Audio Quality,mic_issue,False
TK-241727,Delivery & Shipping,Billing & Payments,cancel,True
TK-241728,Delivery & Shipping,Delivery & Shipping,not_delivered,False
TK-241730,Warranty & Repair,Warranty & Repair,warranty_repair,False
TK-241731,Other,Billing & Payments,cancel,True
TK-241733,Connectivity,Connectivity,connectivity,False
TK-241734,Other,Delivery & Shipping,not_delivered,True
TK-241735,Charging & Battery,Charging & Battery,battery,False
TK-241737,Connectivity,Audio Quality,audio,True
TK-241738,Delivery & Shipping,Delivery & Shipping,damaged_wrong,False
TK-241739,Delivery & Shipping,Delivery & Shipping,not_delivered,False
TK-241740,Other,Delivery & Shipping,not_delivered,True
TK-241741,Warranty & Repair,Charging & Battery,battery,True
TK-241742,Audio Quality,Audio Quality,audio,False
TK-241743,Warranty & Repair,App & Firmware,app_firmware,True
TK-241745,Returns & Refunds,Delivery & Shipping,not_delivered,True
TK-241746,Connectivity,Connectivity,connectivity,False
TK-241747,Returns & Refunds,Returns & Refunds,return_pickup,False
TK-241748,App & Firmware,Account & Login,login,True
TK-241749,Other,Delivery & Shipping,not_delivered,True
TK-241750,Delivery & Shipping,Delivery & Shipping,damaged_wrong,False
TK-241751,Billing & Payments,Billing & Payments,coupon,False
TK-241752,Returns & Refunds,Returns & Refunds,return_pickup,False
TK-241753,Other,Audio Quality,audio,True
TK-241754,Audio Quality,Delivery & Shipping,damaged_wrong,True
TK-241756,Product Enquiry,Product Enquiry,enquiry,False
TK-241757,Other,Connectivity,connectivity,True
TK-241758,Other,Delivery & Shipping,not_delivered,True
TK-241759,App & Firmware,App & Firmware,app_firmware,False
TK-241760,App & Firmware,Delivery & Shipping,not_delivered,True
TK-241761,Connectivity,App & Firmware,app_firmware,True
TK-241762,Returns & Refunds,Returns & Refunds,refund_status,False
TK-241764,Other,Billing & Payments,dup_payment,True
TK-241765,Delivery & Shipping,Billing & Payments,dup_payment,True
TK-241767,Charging & Battery,Charging & Battery,battery,False
TK-241769,Product Enquiry,Product Enquiry,enquiry,False
TK-241770,Connectivity,Connectivity,connectivity,False
TK-241771,Delivery & Shipping,Delivery & Shipping,damaged_wrong,False
TK-241772,Charging & Battery,Charging & Battery,battery,False
TK-241774,Charging & Battery,Charging & Battery,battery,False
TK-241775,Billing & Payments,Returns & Refunds,refund_status,True
TK-241776,Delivery & Shipping,Delivery & Shipping,not_delivered,False
TK-241777,Billing & Payments,Delivery & Shipping,not_delivered,True
TK-241778,Other,Warranty & Repair,warranty_repair,True
TK-241779,Connectivity,Connectivity,connectivity,False
TK-241780,Other,Warranty & Repair,warranty_repair,True
TK-241781,Delivery & Shipping,Delivery & Shipping,not_delivered,False
TK-241782,Delivery & Shipping,Delivery & Shipping,not_delivered,False
TK-241783,Warranty & Repair,Warranty & Repair,warranty_repair,False
TK-241784,Audio Quality,Audio Quality,audio,False
TK-241785,Delivery & Shipping,Delivery & Shipping,not_delivered,False
TK-241787,Delivery & Shipping,Delivery & Shipping,not_delivered,False
TK-241788,Account & Login,Account & Login,login,False
TK-241789,Connectivity,Connectivity,connectivity,False
TK-241790,Other,Billing & Payments,cancel,True
TK-241791,Delivery & Shipping,Returns & Refunds,return_pickup,True
TK-241792,Other,Other,unclassified,False
TK-241794,Returns & Refunds,Returns & Refunds,return_pickup,False
TK-241795,Other,Connectivity,connectivity,True
TK-241797,Billing & Payments,Returns & Refunds,refund_status,True
TK-241798,Other,Billing & Payments,cancel,True
TK-241799,Other,Product Enquiry,enquiry,True
TK-241801,Other,Audio Quality,audio,True
TK-241802,Other,Delivery & Shipping,not_delivered,True
TK-241803,Billing & Payments,Connectivity,connectivity,True
TK-241804,Returns & Refunds,Returns & Refunds,refund_status,False
TK-241805,Returns & Refunds,Warranty & Repair,warranty_repair,True
TK-241806,Returns & Refunds,Returns & Refunds,refund_generic,False
TK-241807,Warranty & Repair,Warranty & Repair,warranty_repair,False
TK-241808,Delivery & Shipping,Delivery & Shipping,not_delivered,False
TK-241809,Returns & Refunds,Delivery & Shipping,damaged_wrong,True
TK-241811,Connectivity,Connectivity,connectivity,False
TK-241812,Billing & Payments,Billing & Payments,invoice,False
TK-241813,Delivery & Shipping,Billing & Payments,cancel,True
TK-241814,Billing & Payments,Billing & Payments,invoice,False
TK-241815,Charging & Battery,Charging & Battery,battery,False
TK-241816,Other,Delivery & Shipping,not_delivered,True
TK-241817,Delivery & Shipping,Delivery & Shipping,not_delivered,False
TK-241819,Warranty & Repair,Warranty & Repair,warranty_repair,False
TK-241820,App & Firmware,App & Firmware,app_firmware,False
TK-241822,App & Firmware,App & Firmware,app_firmware,False
TK-241824,Connectivity,Connectivity,connectivity,False
TK-241825,Other,Product Enquiry,enquiry,True
TK-241826,Warranty & Repair,Warranty & Repair,warranty_repair,False
TK-241827,Product Enquiry,Product Enquiry,enquiry,False
TK-241829,Charging & Battery,Charging & Battery,battery,False
TK-241830,Delivery & Shipping,Delivery & Shipping,not_delivered,False
TK-241831,Billing & Payments,Billing & Payments,invoice,False
TK-241833,Account & Login,Billing & Payments,invoice,True
TK-241834,Account & Login,Account & Login,login,False
TK-241835,Billing & Payments,Billing & Payments,dup_payment,False
TK-241836,Warranty & Repair,Other,unclassified,False
TK-241838,Delivery & Shipping,Delivery & Shipping,not_delivered,False
TK-241840,Charging & Battery,App & Firmware,app_firmware,True
TK-241841,Account & Login,Account & Login,login,False
TK-241842,Returns & Refunds,Delivery & Shipping,damaged_wrong,True
TK-241843,Billing & Payments,Billing & Payments,dup_payment,False
TK-241844,Warranty & Repair,Other,unclassified,False
TK-241845,Other,App & Firmware,app_firmware,True
TK-241846,Returns & Refunds,Returns & Refunds,return_pickup,False
TK-241847,Charging & Battery,Charging & Battery,battery,False
TK-241848,Connectivity,Connectivity,connectivity,False
TK-241849,Returns & Refunds,Returns & Refunds,return_pickup,False
TK-241850,Delivery & Shipping,Billing & Payments,dup_payment,True
TK-241851,Other,Delivery & Shipping,not_delivered,True
TK-241852,Delivery & Shipping,Delivery & Shipping,not_delivered,False
TK-241854,Billing & Payments,Returns & Refunds,refund_status,True
TK-241855,Other,Connectivity,connectivity,True
TK-241857,Returns & Refunds,Returns & Refunds,refund_status,False
TK-241858,Returns & Refunds,Other,unclassified,False
TK-241859,Connectivity,Connectivity,connectivity,False
TK-241860,Other,Product Enquiry,enquiry,True
TK-241862,Charging & Battery,Charging & Battery,battery,False
TK-241864,Connectivity,Connectivity,connectivity,False
TK-241865,Product Enquiry,Product Enquiry,enquiry,False
TK-241866,Other,Billing & Payments,cancel,True
TK-241867,Billing & Payments,Billing & Payments,dup_payment,False
TK-241868,Delivery & Shipping,Delivery & Shipping,not_delivered,False
TK-241869,Returns & Refunds,Delivery & Shipping,not_delivered,True
TK-241870,Delivery & Shipping,Delivery & Shipping,damaged_wrong,False
TK-241871,Other,Billing & Payments,cancel,True
TK-241872,Delivery & Shipping,Delivery & Shipping,damaged_wrong,False
TK-241873,Delivery & Shipping,Delivery & Shipping,not_delivered,False
TK-241874,Returns & Refunds,Returns & Refunds,return_pickup,False
TK-241875,Delivery & Shipping,Delivery & Shipping,damaged_wrong,False
TK-241876,Other,Audio Quality,audio,True
TK-241877,Billing & Payments,Billing & Payments,dup_payment,False
TK-241878,Charging & Battery,Charging & Battery,battery,False
TK-241880,Other,Billing & Payments,coupon,True
TK-241881,Billing & Payments,Billing & Payments,dup_payment,False
TK-241882,Delivery & Shipping,Delivery & Shipping,not_delivered,False
TK-241884,Delivery & Shipping,Delivery & Shipping,not_delivered,False
TK-241885,Audio Quality,Returns & Refunds,return_pickup,True
TK-241886,Product Enquiry,Product Enquiry,enquiry,False
TK-241888,Billing & Payments,Returns & Refunds,refund_generic,True
TK-241889,Delivery & Shipping,Delivery & Shipping,damaged_wrong,False
TK-241890,Charging & Battery,Charging & Battery,battery,False
TK-241891,Connectivity,Connectivity,connectivity,False
TK-241892,Warranty & Repair,Warranty & Repair,warranty_repair,False
TK-241893,Billing & Payments,Billing & Payments,dup_payment,False
TK-241894,Warranty & Repair,Warranty & Repair,warranty_repair,False
TK-241895,Delivery & Shipping,Delivery & Shipping,not_delivered,False
TK-241896,Delivery & Shipping,Delivery & Shipping,not_delivered,False
TK-241898,Billing & Payments,Billing & Payments,coupon,False
TK-241899,Other,Other,unclassified,False
TK-241900,Returns & Refunds,Delivery & Shipping,not_delivered,True
TK-241902,App & Firmware,Delivery & Shipping,not_delivered,True
TK-241903,Other,Delivery & Shipping,address_change,True
TK-241904,Product Enquiry,Product Enquiry,enquiry,False
TK-241905,Delivery & Shipping,Delivery & Shipping,not_delivered,False
TK-241906,Delivery & Shipping,Delivery & Shipping,not_delivered,False
TK-241907,Returns & Refunds,Returns & Refunds,refund_status,False
TK-241908,Warranty & Repair,Charging & Battery,battery,True
TK-241909,Other,Other,unclassified,False
TK-241910,Billing & Payments,Billing & Payments,cancel,False
TK-241911,Connectivity,Connectivity,connectivity,False
TK-241912,Delivery & Shipping,Billing & Payments,cancel,True
TK-241913,Product Enquiry,Product Enquiry,enquiry,False
TK-241915,Charging & Battery,Other,unclassified,False
TK-241916,App & Firmware,App & Firmware,app_firmware,False
TK-241918,Connectivity,Connectivity,connectivity,False
TK-241919,Other,Billing & Payments,cancel,True
TK-241920,Returns & Refunds,Returns & Refunds,return_pickup,False
TK-241921,Delivery & Shipping,Delivery & Shipping,damaged_wrong,False
TK-241922,Other,Billing & Payments,dup_payment,True
TK-241923,Connectivity,App & Firmware,app_firmware,True
TK-241924,Returns & Refunds,Returns & Refunds,refund_status,False
TK-241926,Returns & Refunds,Returns & Refunds,refund_status,False
TK-241927,Charging & Battery,Billing & Payments,dup_payment,True
TK-241928,Delivery & Shipping,Delivery & Shipping,not_delivered,False
TK-241929,App & Firmware,App & Firmware,app_firmware,False
TK-241930,Billing & Payments,Billing & Payments,coupon,False
TK-241931,Delivery & Shipping,Delivery & Shipping,not_delivered,False
TK-241933,Delivery & Shipping,Delivery & Shipping,not_delivered,False
TK-241934,Returns & Refunds,Returns & Refunds,refund_status,False
TK-241935,Billing & Payments,Billing & Payments,dup_payment,False
TK-241936,Warranty & Repair,Other,unclassified,False
TK-241937,Delivery & Shipping,Returns & Refunds,return_pickup,True
TK-241939,Delivery & Shipping,Delivery & Shipping,not_delivered,False
TK-241940,Warranty & Repair,Warranty & Repair,warranty_repair,False
TK-241941,Other,Connectivity,connectivity,True
TK-241942,Audio Quality,Audio Quality,audio,False
TK-241944,App & Firmware,App & Firmware,app_firmware,False
TK-241945,Billing & Payments,Billing & Payments,coupon,False
TK-241946,Delivery & Shipping,Delivery & Shipping,damaged_wrong,False
TK-241948,App & Firmware,Charging & Battery,battery,True
TK-241949,Billing & Payments,Other,unclassified,False
TK-241951,Billing & Payments,Billing & Payments,dup_payment,False
TK-241952,Returns & Refunds,Delivery & Shipping,not_delivered,True
TK-241954,Other,Billing & Payments,cancel,True
TK-241955,Other,Warranty & Repair,warranty_repair,True
TK-241957,Audio Quality,Audio Quality,audio,False
TK-241958,Returns & Refunds,Returns & Refunds,return_pickup,False
TK-241960,Audio Quality,Audio Quality,audio,False
TK-241962,Other,Billing & Payments,dup_payment,True
TK-241963,Billing & Payments,Billing & Payments,dup_payment,False
TK-241965,Returns & Refunds,Returns & Refunds,return_pickup,False
TK-241966,Delivery & Shipping,Delivery & Shipping,not_delivered,False
TK-241968,Returns & Refunds,Returns & Refunds,return_pickup,False
TK-241969,Billing & Payments,Billing & Payments,dup_payment,False
TK-241971,Audio Quality,Audio Quality,audio,False
TK-241973,Charging & Battery,Charging & Battery,battery,False
TK-241974,Delivery & Shipping,Delivery & Shipping,damaged_wrong,False
TK-241975,Audio Quality,Audio Quality,audio,False
TK-241976,Charging & Battery,Charging & Battery,battery,False
TK-241977,Delivery & Shipping,Delivery & Shipping,not_delivered,False
TK-241978,Billing & Payments,Billing & Payments,invoice,False
TK-241980,Warranty & Repair,Warranty & Repair,warranty_repair,False
TK-241981,Billing & Payments,Billing & Payments,dup_payment,False
TK-241983,Delivery & Shipping,Delivery & Shipping,not_delivered,False
TK-241984,Billing & Payments,Billing & Payments,invoice,False
TK-241985,Warranty & Repair,Audio Quality,audio,True
TK-241986,Returns & Refunds,Delivery & Shipping,damaged_wrong,True
TK-241987,App & Firmware,App & Firmware,app_firmware,False
TK-241988,Audio Quality,Audio Quality,mic_issue,False
TK-241989,Warranty & Repair,Warranty & Repair,warranty_repair,False
TK-241990,Delivery & Shipping,Delivery & Shipping,not_delivered,False
TK-241992,Billing & Payments,Billing & Payments,invoice,False
TK-241993,App & Firmware,Charging & Battery,battery,True
TK-241994,Delivery & Shipping,Returns & Refunds,return_pickup,True
TK-241995,Connectivity,Connectivity,connectivity,False
TK-241996,Charging & Battery,Charging & Battery,battery,False
TK-241997,Other,Other,unclassified,False
TK-241998,Connectivity,Connectivity,connectivity,False
TK-241999,Connectivity,Connectivity,connectivity,False
TK-242001,Other,Billing & Payments,coupon,True
TK-242002,App & Firmware,App & Firmware,app_firmware,False
TK-242003,Connectivity,Connectivity,connectivity,False
TK-242005,Billing & Payments,Billing & Payments,coupon,False
TK-242006,Delivery & Shipping,Delivery & Shipping,not_delivered,False
TK-242008,Billing & Payments,Connectivity,connectivity,True
TK-242009,Connectivity,Connectivity,connectivity,False
TK-242011,Product Enquiry,App & Firmware,app_firmware,True
TK-242012,Connectivity,Connectivity,connectivity,False
TK-242014,Other,Delivery & Shipping,not_delivered,True
TK-242015,Billing & Payments,Other,unclassified,False
TK-242016,Delivery & Shipping,Delivery & Shipping,not_delivered,False
TK-242017,Other,Product Enquiry,enquiry,True
TK-242019,Charging & Battery,Billing & Payments,dup_payment,True
TK-242021,Billing & Payments,Billing & Payments,dup_payment,False
TK-242022,Returns & Refunds,Returns & Refunds,return_pickup,False
TK-242023,Delivery & Shipping,Delivery & Shipping,damaged_wrong,False
TK-242024,Other,Delivery & Shipping,not_delivered,True
TK-242025,Other,Other,unclassified,False
TK-242026,Charging & Battery,App & Firmware,app_firmware,True
TK-242027,Delivery & Shipping,Delivery & Shipping,not_delivered,False
TK-242028,Returns & Refunds,Returns & Refunds,return_pickup,False
TK-242029,Other,Delivery & Shipping,address_change,True
TK-242030,Warranty & Repair,Warranty & Repair,warranty_repair,False
TK-242031,Delivery & Shipping,Delivery & Shipping,not_delivered,False
TK-242032,Billing & Payments,Billing & Payments,coupon,False
TK-242033,App & Firmware,App & Firmware,app_firmware,False
TK-242034,Delivery & Shipping,Delivery & Shipping,damaged_wrong,False
TK-242035,Charging & Battery,Charging & Battery,battery,False
TK-242036,App & Firmware,App & Firmware,app_firmware,False
TK-242037,Other,Other,unclassified,False
TK-242038,App & Firmware,App & Firmware,app_firmware,False
TK-242039,Connectivity,Connectivity,connectivity,False
TK-242040,Charging & Battery,Charging & Battery,battery,False
TK-242042,Delivery & Shipping,Delivery & Shipping,not_delivered,False
TK-242043,Returns & Refunds,Other,unclassified,False
TK-242044,Other,Connectivity,connectivity,True
TK-242045,Billing & Payments,Billing & Payments,coupon,False
TK-242046,Other,Delivery & Shipping,damaged_wrong,True
TK-242047,Other,Billing & Payments,cancel,True
TK-242048,Delivery & Shipping,Delivery & Shipping,not_delivered,False
TK-242050,Charging & Battery,Charging & Battery,battery,False
TK-242051,Audio Quality,Audio Quality,audio,False
TK-242052,Connectivity,Connectivity,connectivity,False
TK-242053,Charging & Battery,Charging & Battery,battery,False
TK-242054,App & Firmware,App & Firmware,app_firmware,False
TK-242055,Billing & Payments,Billing & Payments,dup_payment,False
TK-242056,Delivery & Shipping,Delivery & Shipping,damaged_wrong,False
TK-242057,Delivery & Shipping,Delivery & Shipping,not_delivered,False
TK-242058,Billing & Payments,Billing & Payments,dup_payment,False
TK-242059,Delivery & Shipping,Delivery & Shipping,not_delivered,False
TK-242060,Account & Login,Account & Login,login,False
TK-242061,Connectivity,App & Firmware,app_firmware,True
TK-242063,Warranty & Repair,Warranty & Repair,warranty_repair,False
TK-242064,Billing & Payments,Billing & Payments,dup_payment,False
TK-242065,Delivery & Shipping,Delivery & Shipping,damaged_wrong,False
TK-242066,Delivery & Shipping,Delivery & Shipping,not_delivered,False
TK-242067,Delivery & Shipping,Delivery & Shipping,not_delivered,False
TK-242069,Audio Quality,Audio Quality,audio,False
TK-242070,Delivery & Shipping,Delivery & Shipping,address_change,False
TK-242071,Delivery & Shipping,Delivery & Shipping,damaged_wrong,False
TK-242072,Audio Quality,Audio Quality,audio,False
TK-242073,Other,Billing & Payments,cancel,True
TK-242074,Billing & Payments,Billing & Payments,invoice,False
TK-242075,Product Enquiry,Billing & Payments,coupon,True
TK-242076,Billing & Payments,Billing & Payments,coupon,False
TK-242078,Connectivity,Connectivity,connectivity,False
TK-242079,Delivery & Shipping,Delivery & Shipping,damaged_wrong,False
TK-242080,Delivery & Shipping,Delivery & Shipping,damaged_wrong,False
TK-242081,Other,Delivery & Shipping,not_delivered,True
TK-242082,App & Firmware,Account & Login,login,True
TK-242083,Delivery & Shipping,Delivery & Shipping,not_delivered,False
TK-242084,Returns & Refunds,Returns & Refunds,refund_status,False
TK-242085,Returns & Refunds,Returns & Refunds,return_pickup,False
TK-242086,Delivery & Shipping,Delivery & Shipping,not_delivered,False
TK-242087,App & Firmware,App & Firmware,app_firmware,False
TK-242088,Warranty & Repair,Warranty & Repair,warranty_repair,False
TK-242089,Connectivity,Connectivity,connectivity,False
TK-242090,Other,App & Firmware,app_firmware,True
TK-242091,Connectivity,Connectivity,connectivity,False
TK-242092,Delivery & Shipping,Delivery & Shipping,not_delivered,False
TK-242093,Returns & Refunds,Returns & Refunds,return_pickup,False
TK-242094,App & Firmware,App & Firmware,app_firmware,False
TK-242096,Charging & Battery,Charging & Battery,battery,False
TK-242097,Returns & Refunds,Returns & Refunds,refund_status,False
TK-242098,Connectivity,App & Firmware,app_firmware,True
TK-242099,Delivery & Shipping,Delivery & Shipping,damaged_wrong,False
TK-242100,Returns & Refunds,Returns & Refunds,return_pickup,False
TK-242101,Charging & Battery,Charging & Battery,battery,False
TK-242103,Billing & Payments,Returns & Refunds,refund_status,True
TK-242104,Audio Quality,Audio Quality,audio,False
TK-242105,Charging & Battery,App & Firmware,app_firmware,True
TK-242106,Connectivity,Connectivity,connectivity,False
TK-242107,Connectivity,Connectivity,connectivity,False
TK-242108,Billing & Payments,Billing & Payments,coupon,False
TK-242109,App & Firmware,Delivery & Shipping,not_delivered,True
TK-242110,Delivery & Shipping,Delivery & Shipping,damaged_wrong,False
TK-242111,Product Enquiry,Product Enquiry,enquiry,False
TK-242112,Warranty & Repair,Warranty & Repair,warranty_repair,False
TK-242113,Returns & Refunds,Returns & Refunds,return_pickup,False
TK-242114,Account & Login,Account & Login,login,False
TK-242115,App & Firmware,App & Firmware,app_firmware,False
TK-242116,Delivery & Shipping,Delivery & Shipping,not_delivered,False
TK-242118,Product Enquiry,Product Enquiry,enquiry,False
TK-242120,Returns & Refunds,Returns & Refunds,refund_status,False
TK-242121,Connectivity,Connectivity,connectivity,False
TK-242123,Returns & Refunds,Returns & Refunds,refund_status,False
TK-242124,Returns & Refunds,Returns & Refunds,refund_status,False
TK-242125,Audio Quality,Audio Quality,audio,False
TK-242126,Billing & Payments,Billing & Payments,dup_payment,False
TK-242128,Warranty & Repair,Warranty & Repair,warranty_repair,False
TK-242129,App & Firmware,App & Firmware,app_firmware,False
TK-242130,App & Firmware,App & Firmware,app_firmware,False
TK-242131,Delivery & Shipping,Delivery & Shipping,damaged_wrong,False
TK-242132,Other,App & Firmware,app_firmware,True
TK-242134,Connectivity,Connectivity,connectivity,False
TK-242135,Billing & Payments,Billing & Payments,dup_payment,False
TK-242136,Billing & Payments,Connectivity,connectivity,True
TK-242137,Other,Billing & Payments,dup_payment,True
TK-242138,Other,Billing & Payments,cancel,True
TK-242139,Returns & Refunds,Returns & Refunds,refund_status,False
TK-242140,Connectivity,Delivery & Shipping,not_delivered,True
TK-242141,Other,Billing & Payments,dup_payment,True
TK-242142,Warranty & Repair,App & Firmware,app_firmware,True
TK-242143,Delivery & Shipping,Delivery & Shipping,not_delivered,False
TK-242144,Delivery & Shipping,Delivery & Shipping,damaged_wrong,False
TK-242145,Returns & Refunds,Delivery & Shipping,not_delivered,True
TK-242146,Other,Billing & Payments,coupon,True
TK-242148,Other,Billing & Payments,coupon,True
TK-242150,Billing & Payments,Billing & Payments,dup_payment,False
TK-242151,Delivery & Shipping,Delivery & Shipping,not_delivered,False
TK-242152,Other,Billing & Payments,cancel,True
TK-242153,Other,Delivery & Shipping,not_delivered,True
TK-242154,Delivery & Shipping,Delivery & Shipping,not_delivered,False
TK-242155,Returns & Refunds,Delivery & Shipping,not_delivered,True
TK-242157,App & Firmware,App & Firmware,app_firmware,False
TK-242158,Connectivity,Connectivity,connectivity,False
TK-242160,Delivery & Shipping,Delivery & Shipping,not_delivered,False
TK-242162,Other,Product Enquiry,enquiry,True
TK-242164,Billing & Payments,Returns & Refunds,refund_status,True
TK-242165,Audio Quality,Audio Quality,audio,False
TK-242166,App & Firmware,Account & Login,login,True
TK-242167,Product Enquiry,Product Enquiry,enquiry,False
TK-242169,Product Enquiry,Product Enquiry,enquiry,False
TK-242170,Audio Quality,Audio Quality,mic_issue,False
TK-242171,Audio Quality,Audio Quality,audio,False
TK-242172,Delivery & Shipping,Delivery & Shipping,damaged_wrong,False
TK-242173,Returns & Refunds,Returns & Refunds,refund_status,False
TK-242175,Audio Quality,Audio Quality,mic_issue,False
TK-242177,Billing & Payments,Billing & Payments,dup_payment,False
TK-242178,Other,Delivery & Shipping,address_change,True
TK-242179,Connectivity,Connectivity,connectivity,False
TK-242180,Connectivity,Connectivity,connectivity,False
TK-242182,Returns & Refunds,Returns & Refunds,refund_status,False
TK-242184,Returns & Refunds,Returns & Refunds,return_pickup,False
TK-242185,Billing & Payments,Billing & Payments,coupon,False
TK-242187,Delivery & Shipping,Delivery & Shipping,damaged_wrong,False
TK-242188,Delivery & Shipping,Delivery & Shipping,not_delivered,False
TK-242189,Charging & Battery,Billing & Payments,dup_payment,True
TK-242190,App & Firmware,App & Firmware,app_firmware,False
TK-242191,Billing & Payments,Billing & Payments,dup_payment,False
TK-242192,Delivery & Shipping,Delivery & Shipping,not_delivered,False
TK-242193,Returns & Refunds,Warranty & Repair,warranty_repair,True
TK-242195,Charging & Battery,Billing & Payments,dup_payment,True
TK-242196,Delivery & Shipping,Delivery & Shipping,damaged_wrong,False
TK-242197,Charging & Battery,Returns & Refunds,return_pickup,True
TK-242198,App & Firmware,App & Firmware,app_firmware,False
TK-242199,Account & Login,Account & Login,login,False
TK-242200,Audio Quality,Audio Quality,mic_issue,False
TK-242201,Other,App & Firmware,app_firmware,True
TK-242202,Delivery & Shipping,Delivery & Shipping,damaged_wrong,False
TK-242204,Delivery & Shipping,Delivery & Shipping,address_change,False
TK-242205,Other,Delivery & Shipping,address_change,True
TK-242206,Other,Warranty & Repair,warranty_repair,True
TK-242207,Audio Quality,Audio Quality,audio,False
TK-242209,App & Firmware,App & Firmware,app_firmware,False
TK-242211,Charging & Battery,Charging & Battery,battery,False
TK-242212,Product Enquiry,Product Enquiry,enquiry,False
TK-242214,Delivery & Shipping,Delivery & Shipping,damaged_wrong,False
TK-242215,Delivery & Shipping,Delivery & Shipping,not_delivered,False
TK-242216,Charging & Battery,Charging & Battery,battery,False
TK-242217,Delivery & Shipping,Delivery & Shipping,not_delivered,False
TK-242219,Returns & Refunds,Delivery & Shipping,damaged_wrong,True
TK-242220,Other,Delivery & Shipping,address_change,True
TK-242222,Product Enquiry,Product Enquiry,enquiry,False
TK-242224,Delivery & Shipping,Delivery & Shipping,not_delivered,False
TK-242225,App & Firmware,App & Firmware,app_firmware,False
TK-242226,Audio Quality,Audio Quality,mic_issue,False
TK-242227,Returns & Refunds,Returns & Refunds,return_pickup,False
TK-242228,Audio Quality,Audio Quality,audio,False
TK-242229,Delivery & Shipping,Delivery & Shipping,address_change,False
TK-242230,Delivery & Shipping,Delivery & Shipping,damaged_wrong,False
TK-242231,Delivery & Shipping,Delivery & Shipping,not_delivered,False
TK-242233,Other,Delivery & Shipping,not_delivered,True
TK-242234,Product Enquiry,Product Enquiry,enquiry,False
TK-242235,Warranty & Repair,Warranty & Repair,warranty_repair,False
TK-242237,Delivery & Shipping,Delivery & Shipping,not_delivered,False
TK-242238,Connectivity,Connectivity,connectivity,False
TK-242239,Returns & Refunds,Returns & Refunds,return_pickup,False
TK-242240,Delivery & Shipping,Delivery & Shipping,not_delivered,False
TK-242241,App & Firmware,App & Firmware,app_firmware,False
TK-242242,Delivery & Shipping,Delivery & Shipping,not_delivered,False
TK-242244,Billing & Payments,Billing & Payments,dup_payment,False
TK-242245,Other,Billing & Payments,dup_payment,True
TK-242247,Connectivity,Connectivity,connectivity,False
TK-242249,Delivery & Shipping,Delivery & Shipping,address_change,False
TK-242250,Other,Billing & Payments,cancel,True
TK-242252,Audio Quality,Audio Quality,audio,False
TK-242253,Connectivity,Connectivity,connectivity,False
TK-242254,Charging & Battery,App & Firmware,app_firmware,True
TK-242255,Other,Product Enquiry,enquiry,True
TK-242256,Other,Warranty & Repair,warranty_repair,True
TK-242257,Billing & Payments,Billing & Payments,invoice,False
TK-242259,Other,Billing & Payments,cancel,True
TK-242261,Delivery & Shipping,Delivery & Shipping,not_delivered,False
TK-242263,Delivery & Shipping,Delivery & Shipping,damaged_wrong,False
TK-242264,Delivery & Shipping,Delivery & Shipping,damaged_wrong,False
TK-242265,Delivery & Shipping,Delivery & Shipping,not_delivered,False
TK-242266,Charging & Battery,Charging & Battery,battery,False
TK-242267,Delivery & Shipping,Delivery & Shipping,not_delivered,False
TK-242268,Billing & Payments,Billing & Payments,invoice,False
TK-242270,Billing & Payments,Billing & Payments,dup_payment,False
TK-242271,App & Firmware,Other,unclassified,False
TK-242272,Delivery & Shipping,Delivery & Shipping,not_delivered,False
TK-242274,Charging & Battery,App & Firmware,app_firmware,True
TK-242275,Account & Login,Account & Login,login,False
TK-242277,Delivery & Shipping,Delivery & Shipping,not_delivered,False
TK-242278,App & Firmware,App & Firmware,app_firmware,False
TK-242279,Returns & Refunds,Returns & Refunds,return_pickup,False
TK-242280,Billing & Payments,Billing & Payments,dup_payment,False
TK-242281,Warranty & Repair,Other,unclassified,False
TK-242282,Product Enquiry,Product Enquiry,enquiry,False
TK-242283,Connectivity,Connectivity,connectivity,False
TK-242284,Product Enquiry,Product Enquiry,enquiry,False
TK-242286,Other,Billing & Payments,dup_payment,True
TK-242288,Connectivity,Connectivity,connectivity,False
TK-242289,App & Firmware,Other,unclassified,False
TK-242290,Billing & Payments,Billing & Payments,invoice,False
TK-242291,Delivery & Shipping,Delivery & Shipping,not_delivered,False
TK-242293,Other,Billing & Payments,dup_payment,True
TK-242294,App & Firmware,Connectivity,connectivity,True
TK-242296,Delivery & Shipping,Delivery & Shipping,damaged_wrong,False
TK-242297,Returns & Refunds,Returns & Refunds,refund_status,False
TK-242298,Connectivity,Connectivity,connectivity,False
TK-242300,Returns & Refunds,Delivery & Shipping,not_delivered,True
TK-242301,Billing & Payments,Billing & Payments,dup_payment,False
TK-242302,Other,Connectivity,connectivity,True
TK-242303,Delivery & Shipping,Delivery & Shipping,not_delivered,False
TK-242304,Delivery & Shipping,Delivery & Shipping,damaged_wrong,False
TK-242305,Account & Login,Account & Login,login,False
TK-242306,Connectivity,Connectivity,connectivity,False
TK-242307,Connectivity,Connectivity,connectivity,False
TK-242308,App & Firmware,App & Firmware,app_firmware,False
TK-242309,App & Firmware,App & Firmware,app_firmware,False
TK-242310,Billing & Payments,Billing & Payments,dup_payment,False
TK-242312,Connectivity,Connectivity,connectivity,False
TK-242313,Delivery & Shipping,Delivery & Shipping,damaged_wrong,False
TK-242314,Account & Login,Account & Login,login,False
TK-242315,Billing & Payments,Billing & Payments,dup_payment,False
TK-242316,Product Enquiry,Product Enquiry,enquiry,False
TK-242317,Billing & Payments,Billing & Payments,dup_payment,False
TK-242318,Other,Warranty & Repair,warranty_repair,True
TK-242319,Delivery & Shipping,Delivery & Shipping,damaged_wrong,False
TK-242320,Connectivity,App & Firmware,app_firmware,True
TK-242321,Warranty & Repair,Warranty & Repair,warranty_repair,False
TK-242323,Audio Quality,Audio Quality,audio,False
TK-242324,Other,Delivery & Shipping,not_delivered,True
TK-242325,Billing & Payments,Billing & Payments,coupon,False
TK-242326,Charging & Battery,Charging & Battery,battery,False
TK-242327,Billing & Payments,Billing & Payments,dup_payment,False
TK-242328,Connectivity,Connectivity,connectivity,False
TK-242329,Audio Quality,Audio Quality,mic_issue,False
TK-242331,Connectivity,Connectivity,connectivity,False
TK-242332,Other,Billing & Payments,cancel,True
TK-242333,Billing & Payments,Billing & Payments,coupon,False
TK-242334,Delivery & Shipping,Delivery & Shipping,not_delivered,False
TK-242335,Delivery & Shipping,Delivery & Shipping,not_delivered,False
TK-242336,Delivery & Shipping,Delivery & Shipping,not_delivered,False
TK-242337,Returns & Refunds,Delivery & Shipping,damaged_wrong,True
TK-242338,Audio Quality,Audio Quality,audio,False
TK-242340,Billing & Payments,Billing & Payments,invoice,False
TK-242341,Delivery & Shipping,Returns & Refunds,return_pickup,True
TK-242343,Returns & Refunds,Returns & Refunds,return_pickup,False
TK-242344,Other,Connectivity,connectivity,True
TK-242345,Delivery & Shipping,Delivery & Shipping,not_delivered,False
TK-242347,Billing & Payments,Billing & Payments,dup_payment,False
TK-242349,Billing & Payments,Billing & Payments,cancel,False
TK-242350,Warranty & Repair,Other,unclassified,False
TK-242351,Warranty & Repair,Warranty & Repair,warranty_repair,False
TK-242352,Product Enquiry,Product Enquiry,enquiry,False
TK-242353,Other,Delivery & Shipping,address_change,True
TK-242354,Billing & Payments,Delivery & Shipping,not_delivered,True
TK-242355,Audio Quality,Other,unclassified,False
TK-242356,Warranty & Repair,Other,unclassified,False
TK-242357,App & Firmware,Other,unclassified,False
TK-242358,Delivery & Shipping,Delivery & Shipping,not_delivered,False
TK-242359,Connectivity,Connectivity,connectivity,False
TK-242360,Delivery & Shipping,Delivery & Shipping,not_delivered,False
TK-242361,Returns & Refunds,Returns & Refunds,return_pickup,False
TK-242362,App & Firmware,App & Firmware,app_firmware,False
TK-242363,Billing & Payments,Billing & Payments,dup_payment,False
TK-242364,Returns & Refunds,Returns & Refunds,return_pickup,False
TK-242366,Delivery & Shipping,Delivery & Shipping,not_delivered,False
TK-242368,Billing & Payments,Billing & Payments,dup_payment,False
TK-242369,App & Firmware,App & Firmware,app_firmware,False
TK-242371,Connectivity,Connectivity,connectivity,False
TK-242372,Billing & Payments,Billing & Payments,dup_payment,False
TK-242373,Billing & Payments,Billing & Payments,dup_payment,False
TK-242374,Delivery & Shipping,Delivery & Shipping,not_delivered,False
TK-242376,Other,App & Firmware,app_firmware,True
TK-242377,Delivery & Shipping,Delivery & Shipping,not_delivered,False
TK-242378,Returns & Refunds,Returns & Refunds,return_pickup,False
TK-242379,App & Firmware,App & Firmware,app_firmware,False
TK-242380,Connectivity,Connectivity,connectivity,False
TK-242381,Returns & Refunds,Returns & Refunds,refund_status,False
TK-242382,Audio Quality,Audio Quality,audio,False
TK-242383,Billing & Payments,Billing & Payments,dup_payment,False
TK-242385,Charging & Battery,Charging & Battery,battery,False
TK-242386,Other,Billing & Payments,cancel,True
TK-242387,Billing & Payments,Other,unclassified,False
TK-242389,Billing & Payments,Billing & Payments,dup_payment,False
TK-242391,App & Firmware,Other,unclassified,False
TK-242392,Warranty & Repair,Warranty & Repair,warranty_repair,False
TK-242393,Returns & Refunds,Returns & Refunds,refund_status,False
TK-242395,Delivery & Shipping,Delivery & Shipping,damaged_wrong,False
TK-242396,Charging & Battery,Charging & Battery,battery,False
TK-242397,Returns & Refunds,Returns & Refunds,refund_status,False
TK-242398,Delivery & Shipping,Delivery & Shipping,damaged_wrong,False
TK-242399,Billing & Payments,Billing & Payments,coupon,False
TK-242401,Connectivity,Audio Quality,audio,True
TK-242402,Audio Quality,Audio Quality,audio,False
TK-242403,Other,Billing & Payments,dup_payment,True
TK-242404,Billing & Payments,Connectivity,connectivity,True
TK-242405,Delivery & Shipping,Delivery & Shipping,not_delivered,False
TK-242406,Product Enquiry,Product Enquiry,enquiry,False
TK-242407,Returns & Refunds,Returns & Refunds,return_pickup,False
TK-242409,Billing & Payments,Other,unclassified,False
TK-242410,Charging & Battery,Charging & Battery,battery,False
TK-242411,Billing & Payments,Billing & Payments,invoice,False
TK-242412,Delivery & Shipping,Delivery & Shipping,damaged_wrong,False
TK-242413,Returns & Refunds,Returns & Refunds,refund_status,False
TK-242415,Connectivity,Connectivity,connectivity,False
TK-242416,Delivery & Shipping,Delivery & Shipping,damaged_wrong,False
TK-242418,Delivery & Shipping,Delivery & Shipping,not_delivered,False
TK-242419,Returns & Refunds,Returns & Refunds,refund_status,False
TK-242420,Charging & Battery,Charging & Battery,battery,False
TK-242422,Charging & Battery,Charging & Battery,battery,False
TK-242424,Billing & Payments,Billing & Payments,invoice,False
TK-242425,Audio Quality,Audio Quality,mic_issue,False
TK-242426,Product Enquiry,Product Enquiry,enquiry,False
TK-242427,Product Enquiry,Billing & Payments,coupon,True
TK-242428,Charging & Battery,App & Firmware,app_firmware,True
TK-242430,Other,Billing & Payments,cancel,True
TK-242432,Connectivity,Connectivity,connectivity,False
TK-242433,Delivery & Shipping,Returns & Refunds,return_pickup,True
TK-242434,Billing & Payments,Billing & Payments,coupon,False
TK-242435,Audio Quality,Audio Quality,audio,False
TK-242437,Delivery & Shipping,Delivery & Shipping,not_delivered,False
TK-242438,Charging & Battery,Charging & Battery,battery,False
TK-242440,Connectivity,Connectivity,connectivity,False
TK-242441,Delivery & Shipping,Billing & Payments,dup_payment,True
TK-242442,Billing & Payments,Returns & Refunds,refund_status,True
TK-242443,Charging & Battery,Returns & Refunds,refund_generic,True
TK-242444,Audio Quality,Audio Quality,mic_issue,False
TK-242445,Audio Quality,Audio Quality,audio,False
TK-242446,Delivery & Shipping,Delivery & Shipping,not_delivered,False
TK-242447,Product Enquiry,Product Enquiry,enquiry,False
TK-242448,Charging & Battery,Charging & Battery,battery,False
TK-242450,Delivery & Shipping,Delivery & Shipping,not_delivered,False
TK-242452,Billing & Payments,Billing & Payments,dup_payment,False
TK-242453,Warranty & Repair,Other,unclassified,False
TK-242454,Connectivity,Connectivity,connectivity,False
TK-242455,Other,Product Enquiry,enquiry,True
TK-242456,Other,Billing & Payments,cancel,True
TK-242457,Warranty & Repair,Warranty & Repair,warranty_repair,False
TK-242458,Delivery & Shipping,Delivery & Shipping,not_delivered,False
TK-242460,Audio Quality,Audio Quality,audio,False
TK-242461,Warranty & Repair,Warranty & Repair,warranty_repair,False
TK-242463,Returns & Refunds,Delivery & Shipping,damaged_wrong,True
TK-242464,Connectivity,Connectivity,connectivity,False
TK-242465,Delivery & Shipping,Billing & Payments,cancel,True
TK-242466,Billing & Payments,Billing & Payments,coupon,False
TK-242467,Product Enquiry,Product Enquiry,enquiry,False
TK-242468,Charging & Battery,Charging & Battery,battery,False
TK-242470,Other,Delivery & Shipping,not_delivered,True
TK-242471,Returns & Refunds,Returns & Refunds,refund_status,False
TK-242472,Billing & Payments,Billing & Payments,coupon,False
TK-242473,Charging & Battery,Charging & Battery,battery,False
TK-242474,Other,Billing & Payments,cancel,True
TK-242476,Delivery & Shipping,Delivery & Shipping,damaged_wrong,False
TK-242478,Other,Warranty & Repair,warranty_repair,True
TK-242479,Billing & Payments,Returns & Refunds,refund_status,True
TK-242480,Billing & Payments,Billing & Payments,coupon,False
TK-242481,Connectivity,Connectivity,connectivity,False
TK-242482,Delivery & Shipping,Returns & Refunds,return_pickup,True
TK-242483,Returns & Refunds,Returns & Refunds,return_pickup,False
TK-242484,Audio Quality,Audio Quality,audio,False
TK-242485,Other,Billing & Payments,invoice,True
TK-242486,Other,Billing & Payments,dup_payment,True
TK-242487,Product Enquiry,Product Enquiry,enquiry,False
TK-242488,Delivery & Shipping,Delivery & Shipping,damaged_wrong,False
TK-242489,Other,Delivery & Shipping,not_delivered,True
TK-242490,Account & Login,Account & Login,login,False
TK-242491,Product Enquiry,Product Enquiry,enquiry,False
TK-242492,Connectivity,Connectivity,connectivity,False
TK-242493,Returns & Refunds,Returns & Refunds,return_pickup,False
TK-242495,Audio Quality,Audio Quality,audio,False
TK-242497,Billing & Payments,Billing & Payments,dup_payment,False
TK-242498,App & Firmware,App & Firmware,app_firmware,False
TK-242500,Returns & Refunds,Returns & Refunds,return_pickup,False
TK-242501,Delivery & Shipping,Delivery & Shipping,not_delivered,False
TK-242502,Delivery & Shipping,Delivery & Shipping,damaged_wrong,False
TK-242503,Delivery & Shipping,Delivery & Shipping,not_delivered,False
TK-242505,Other,Connectivity,connectivity,True
TK-242506,Billing & Payments,Billing & Payments,coupon,False
TK-242508,Delivery & Shipping,Delivery & Shipping,not_delivered,False
TK-242509,Other,Billing & Payments,cancel,True
TK-242510,Account & Login,Returns & Refunds,refund_generic,True
TK-242512,Delivery & Shipping,Billing & Payments,dup_payment,True
TK-242514,Returns & Refunds,Returns & Refunds,refund_status,False
TK-242516,Charging & Battery,Charging & Battery,battery,False
TK-242517,Delivery & Shipping,Delivery & Shipping,not_delivered,False
TK-242518,Delivery & Shipping,Delivery & Shipping,not_delivered,False
TK-242519,Charging & Battery,Charging & Battery,battery,False
TK-242521,Warranty & Repair,Warranty & Repair,warranty_repair,False
TK-242522,Audio Quality,Audio Quality,audio,False
TK-242523,Audio Quality,Audio Quality,audio,False
TK-242524,Billing & Payments,Billing & Payments,coupon,False
TK-242526,Delivery & Shipping,Delivery & Shipping,not_delivered,False
TK-242527,Other,Audio Quality,audio,True
TK-242528,Delivery & Shipping,Delivery & Shipping,not_delivered,False
TK-242529,Charging & Battery,Billing & Payments,dup_payment,True
TK-242531,Charging & Battery,Warranty & Repair,warranty_repair,True
TK-242532,Account & Login,Account & Login,login,False
TK-242533,Account & Login,Account & Login,login,False
TK-242534,Delivery & Shipping,Delivery & Shipping,not_delivered,False
TK-242535,Audio Quality,Audio Quality,mic_issue,False
TK-242536,App & Firmware,App & Firmware,app_firmware,False
TK-242537,App & Firmware,Charging & Battery,battery,True
TK-242538,Charging & Battery,Charging & Battery,battery,False
TK-242539,Other,Delivery & Shipping,not_delivered,True
TK-242540,Warranty & Repair,Warranty & Repair,warranty_repair,False
TK-242541,Other,Billing & Payments,cancel,True
TK-242543,Product Enquiry,Product Enquiry,enquiry,False
TK-242544,Delivery & Shipping,Delivery & Shipping,not_delivered,False
TK-242545,Delivery & Shipping,Delivery & Shipping,not_delivered,False
TK-242546,Connectivity,Connectivity,connectivity,False
TK-242548,Audio Quality,Audio Quality,audio,False
TK-242549,Product Enquiry,Other,unclassified,False
TK-242550,App & Firmware,App & Firmware,app_firmware,False
TK-242551,App & Firmware,Delivery & Shipping,not_delivered,True
TK-242552,Delivery & Shipping,Delivery & Shipping,damaged_wrong,False
TK-242553,Audio Quality,Audio Quality,mic_issue,False
TK-242554,Charging & Battery,Other,unclassified,False
TK-242556,Warranty & Repair,Delivery & Shipping,not_delivered,True
TK-242557,Delivery & Shipping,Delivery & Shipping,damaged_wrong,False
TK-242558,Billing & Payments,Billing & Payments,dup_payment,False
TK-242560,Delivery & Shipping,Delivery & Shipping,damaged_wrong,False
TK-242561,Audio Quality,Audio Quality,audio,False
TK-242562,Product Enquiry,Product Enquiry,enquiry,False
TK-242563,Audio Quality,Audio Quality,mic_issue,False
TK-242564,Delivery & Shipping,Delivery & Shipping,not_delivered,False
TK-242566,Charging & Battery,App & Firmware,app_firmware,True
TK-242567,Warranty & Repair,Charging & Battery,battery,True
TK-242569,Connectivity,Connectivity,connectivity,False
TK-242570,Billing & Payments,Billing & Payments,invoice,False
TK-242572,Billing & Payments,Billing & Payments,invoice,False
TK-242573,Charging & Battery,Charging & Battery,battery,False
TK-242574,Delivery & Shipping,Delivery & Shipping,damaged_wrong,False
TK-242575,Billing & Payments,Billing & Payments,cancel,False
TK-242576,Returns & Refunds,Returns & Refunds,refund_status,False
TK-242577,Product Enquiry,Product Enquiry,enquiry,False
TK-242579,Billing & Payments,Billing & Payments,dup_payment,False
TK-242580,Other,App & Firmware,app_firmware,True
TK-242582,Connectivity,Connectivity,connectivity,False
TK-242584,Delivery & Shipping,Delivery & Shipping,not_delivered,False
TK-242585,Connectivity,Connectivity,connectivity,False
TK-242586,Billing & Payments,Billing & Payments,dup_payment,False
TK-242588,Audio Quality,Audio Quality,audio,False
TK-242589,App & Firmware,App & Firmware,app_firmware,False
TK-242590,Billing & Payments,Billing & Payments,invoice,False
TK-242591,Audio Quality,Audio Quality,audio,False
TK-242592,Billing & Payments,Billing & Payments,invoice,False
TK-242593,Other,Billing & Payments,invoice,True
TK-242594,Delivery & Shipping,Returns & Refunds,return_pickup,True
TK-242595,Delivery & Shipping,Delivery & Shipping,not_delivered,False
TK-242597,Other,Delivery & Shipping,not_delivered,True
TK-242598,Other,Delivery & Shipping,address_change,True
TK-242599,Delivery & Shipping,Delivery & Shipping,damaged_wrong,False
TK-242601,Billing & Payments,Billing & Payments,dup_payment,False
TK-242602,Product Enquiry,Product Enquiry,enquiry,False
TK-242604,Charging & Battery,Charging & Battery,battery,False
TK-242605,Connectivity,Connectivity,connectivity,False
TK-242606,Account & Login,Account & Login,login,False
TK-242607,Connectivity,Connectivity,connectivity,False
TK-242608,Connectivity,Connectivity,connectivity,False
TK-242609,Account & Login,Account & Login,login,False
TK-242610,Billing & Payments,Billing & Payments,dup_payment,False
TK-242611,Delivery & Shipping,Billing & Payments,cancel,True
TK-242612,Returns & Refunds,Delivery & Shipping,damaged_wrong,True
TK-242613,Returns & Refunds,Returns & Refunds,refund_generic,False
TK-242614,Charging & Battery,Charging & Battery,battery,False
TK-242616,Audio Quality,Connectivity,connectivity,True
TK-242617,Returns & Refunds,Returns & Refunds,return_pickup,False
TK-242619,Charging & Battery,Charging & Battery,battery,False
TK-242621,Account & Login,Account & Login,login,False
TK-242622,Account & Login,Account & Login,login,False
TK-242623,App & Firmware,Connectivity,connectivity,True
TK-242624,Returns & Refunds,Returns & Refunds,return_pickup,False
TK-242625,Billing & Payments,Billing & Payments,invoice,False
TK-242627,Delivery & Shipping,Delivery & Shipping,not_delivered,False
TK-242628,Account & Login,Account & Login,login,False
TK-242630,Charging & Battery,Charging & Battery,battery,False
TK-242631,Delivery & Shipping,Delivery & Shipping,not_delivered,False
TK-242632,App & Firmware,Connectivity,connectivity,True
TK-242633,Product Enquiry,Product Enquiry,enquiry,False
TK-242634,Charging & Battery,App & Firmware,app_firmware,True
TK-242635,Returns & Refunds,Returns & Refunds,refund_status,False
TK-242636,Returns & Refunds,Returns & Refunds,refund_status,False
TK-242637,App & Firmware,Delivery & Shipping,not_delivered,True
TK-242638,Charging & Battery,Charging & Battery,battery,False
TK-242639,Other,Delivery & Shipping,not_delivered,True
TK-242640,Audio Quality,Audio Quality,audio,False
TK-242641,Other,Delivery & Shipping,not_delivered,True
TK-242642,Delivery & Shipping,Delivery & Shipping,not_delivered,False
TK-242643,Warranty & Repair,Warranty & Repair,warranty_repair,False
TK-242644,Charging & Battery,Charging & Battery,battery,False
TK-242645,Other,Charging & Battery,battery,True
TK-242646,Delivery & Shipping,Other,unclassified,False
TK-242647,Audio Quality,Audio Quality,audio,False
TK-242648,Other,Billing & Payments,dup_payment,True
TK-242649,Connectivity,Connectivity,connectivity,False
TK-242650,Delivery & Shipping,Billing & Payments,cancel,True
TK-242652,Returns & Refunds,Returns & Refunds,refund_status,False
TK-242654,Connectivity,Connectivity,connectivity,False
TK-242656,Returns & Refunds,Returns & Refunds,return_pickup,False
TK-242657,Other,Delivery & Shipping,address_change,True
TK-242658,Other,Billing & Payments,cancel,True
TK-242659,Connectivity,Connectivity,connectivity,False
TK-242661,Delivery & Shipping,Delivery & Shipping,not_delivered,False
TK-242662,Billing & Payments,Billing & Payments,coupon,False
TK-242663,Connectivity,Connectivity,connectivity,False
TK-242664,Other,Delivery & Shipping,not_delivered,True
TK-242666,Delivery & Shipping,Billing & Payments,invoice,True
TK-242667,Warranty & Repair,Warranty & Repair,warranty_repair,False
TK-242669,Delivery & Shipping,Delivery & Shipping,damaged_wrong,False
TK-242670,App & Firmware,App & Firmware,app_firmware,False
TK-242671,Warranty & Repair,Warranty & Repair,warranty_repair,False
TK-242673,Billing & Payments,Other,unclassified,False
TK-242675,Charging & Battery,Charging & Battery,battery,False
TK-242676,Delivery & Shipping,Delivery & Shipping,damaged_wrong,False
TK-242677,Audio Quality,Delivery & Shipping,damaged_wrong,True
TK-242678,Charging & Battery,Charging & Battery,battery,False
TK-242680,Delivery & Shipping,Delivery & Shipping,not_delivered,False
TK-242681,Warranty & Repair,Warranty & Repair,warranty_repair,False
TK-242682,Other,Delivery & Shipping,address_change,True
TK-242683,Delivery & Shipping,Delivery & Shipping,damaged_wrong,False
TK-242684,Charging & Battery,Charging & Battery,battery,False
TK-242685,Delivery & Shipping,Delivery & Shipping,damaged_wrong,False
TK-242686,Delivery & Shipping,Delivery & Shipping,not_delivered,False
TK-242687,Delivery & Shipping,Delivery & Shipping,damaged_wrong,False
TK-242688,Delivery & Shipping,Delivery & Shipping,not_delivered,False
TK-242689,Other,Delivery & Shipping,not_delivered,True
TK-242690,Audio Quality,Audio Quality,mic_issue,False
TK-242691,Connectivity,Connectivity,connectivity,False
TK-242693,Returns & Refunds,Warranty & Repair,warranty_repair,True
TK-242694,Returns & Refunds,Returns & Refunds,refund_status,False
TK-242695,Other,Billing & Payments,dup_payment,True
TK-242697,Connectivity,Connectivity,connectivity,False
TK-242698,Returns & Refunds,Returns & Refunds,refund_status,False
TK-242700,Connectivity,Connectivity,connectivity,False
TK-242701,Other,Delivery & Shipping,not_delivered,True
TK-242702,Returns & Refunds,Returns & Refunds,refund_status,False
TK-242703,Other,Billing & Payments,invoice,True
TK-242704,Returns & Refunds,Returns & Refunds,refund_status,False
TK-242705,Other,Delivery & Shipping,address_change,True
TK-242706,Delivery & Shipping,Delivery & Shipping,not_delivered,False
TK-242707,Returns & Refunds,Delivery & Shipping,not_delivered,True
TK-242708,Product Enquiry,Product Enquiry,enquiry,False
TK-242709,Other,Billing & Payments,cancel,True
TK-242710,Other,Billing & Payments,cancel,True
TK-242711,Returns & Refunds,Returns & Refunds,return_pickup,False
TK-242712,App & Firmware,App & Firmware,app_firmware,False
TK-242714,Charging & Battery,Delivery & Shipping,not_delivered,True
TK-242715,Billing & Payments,App & Firmware,app_firmware,True
TK-242717,Other,Billing & Payments,cancel,True
TK-242719,Billing & Payments,Billing & Payments,dup_payment,False
TK-242720,Audio Quality,Delivery & Shipping,damaged_wrong,True
TK-242722,Billing & Payments,Billing & Payments,dup_payment,False
TK-242724,Billing & Payments,Billing & Payments,invoice,False
TK-242725,Billing & Payments,Returns & Refunds,refund_status,True
TK-242726,Account & Login,Account & Login,login,False
TK-242728,Charging & Battery,Other,unclassified,False
TK-242730,App & Firmware,App & Firmware,app_firmware,False
TK-242732,Charging & Battery,Charging & Battery,battery,False
TK-242733,Connectivity,Audio Quality,audio,True
TK-242735,Warranty & Repair,Warranty & Repair,warranty_repair,False
TK-242736,Delivery & Shipping,Delivery & Shipping,not_delivered,False
TK-242738,Other,Connectivity,connectivity,True
TK-242739,Delivery & Shipping,Delivery & Shipping,not_delivered,False
TK-242740,Delivery & Shipping,Delivery & Shipping,not_delivered,False
TK-242742,Charging & Battery,App & Firmware,app_firmware,True
TK-242743,Audio Quality,Delivery & Shipping,damaged_wrong,True
TK-242744,Charging & Battery,Billing & Payments,dup_payment,True
TK-242745,Billing & Payments,Billing & Payments,dup_payment,False
TK-242746,Delivery & Shipping,Delivery & Shipping,not_delivered,False
TK-242748,Other,Billing & Payments,dup_payment,True
TK-242749,Other,Warranty & Repair,warranty_repair,True
TK-242751,Returns & Refunds,Returns & Refunds,return_pickup,False
TK-242752,Warranty & Repair,Warranty & Repair,warranty_repair,False
TK-242753,Audio Quality,Audio Quality,audio,False
TK-242754,Audio Quality,Audio Quality,mic_issue,False
TK-242755,Charging & Battery,Charging & Battery,battery,False
TK-242756,App & Firmware,App & Firmware,app_firmware,False
TK-242757,App & Firmware,Charging & Battery,battery,True
TK-242758,Delivery & Shipping,Delivery & Shipping,not_delivered,False
TK-242759,Billing & Payments,Billing & Payments,dup_payment,False
TK-242760,Warranty & Repair,Warranty & Repair,warranty_repair,False
TK-242761,Returns & Refunds,Returns & Refunds,return_pickup,False
TK-242762,Account & Login,Account & Login,login,False
TK-242763,Other,Billing & Payments,cancel,True
TK-242765,Other,Delivery & Shipping,not_delivered,True
TK-242766,Billing & Payments,Billing & Payments,coupon,False
TK-242768,Delivery & Shipping,Delivery & Shipping,not_delivered,False
TK-242769,Other,Delivery & Shipping,not_delivered,True
TK-242770,Audio Quality,Connectivity,connectivity,True
TK-242772,Charging & Battery,Charging & Battery,battery,False
TK-242774,Billing & Payments,Billing & Payments,invoice,False
TK-242775,Other,Audio Quality,audio,True
TK-242776,Other,Delivery & Shipping,not_delivered,True
TK-242777,Other,Billing & Payments,cancel,True
TK-242779,App & Firmware,App & Firmware,app_firmware,False
TK-242781,Audio Quality,Audio Quality,mic_issue,False
TK-242782,Connectivity,App & Firmware,app_firmware,True
TK-242783,Connectivity,Connectivity,connectivity,False
TK-242784,Warranty & Repair,Warranty & Repair,warranty_repair,False
TK-242785,Other,Billing & Payments,cancel,True
TK-242787,Returns & Refunds,Delivery & Shipping,not_delivered,True
TK-242788,App & Firmware,Connectivity,connectivity,True
TK-242789,Other,App & Firmware,app_firmware,True
TK-242790,App & Firmware,App & Firmware,app_firmware,False
TK-242792,Warranty & Repair,Charging & Battery,battery,True
TK-242794,Delivery & Shipping,Delivery & Shipping,not_delivered,False
TK-242795,Other,Audio Quality,audio,True
TK-242796,Returns & Refunds,Returns & Refunds,refund_status,False
TK-242797,Connectivity,Connectivity,connectivity,False
TK-242799,Charging & Battery,Billing & Payments,dup_payment,True
TK-242800,Billing & Payments,Billing & Payments,invoice,False
TK-242801,Other,Billing & Payments,dup_payment,True
TK-242802,Delivery & Shipping,Delivery & Shipping,damaged_wrong,False
TK-242803,Warranty & Repair,Warranty & Repair,warranty_repair,False
TK-242804,Returns & Refunds,Returns & Refunds,refund_status,False
TK-242805,Charging & Battery,Returns & Refunds,refund_generic,True
TK-242806,Product Enquiry,Product Enquiry,enquiry,False
TK-242807,Charging & Battery,Returns & Refunds,return_pickup,True
TK-242809,Warranty & Repair,Delivery & Shipping,damaged_wrong,True
TK-242811,Product Enquiry,Product Enquiry,enquiry,False
TK-242813,Delivery & Shipping,Delivery & Shipping,damaged_wrong,False
TK-242814,Product Enquiry,Product Enquiry,enquiry,False
TK-242816,Billing & Payments,Billing & Payments,invoice,False
TK-242817,Other,Connectivity,connectivity,True
TK-242819,Account & Login,Billing & Payments,invoice,True
TK-242820,Delivery & Shipping,Delivery & Shipping,not_delivered,False
TK-242822,Other,Delivery & Shipping,address_change,True
TK-242823,App & Firmware,App & Firmware,app_firmware,False
TK-242824,Billing & Payments,Billing & Payments,coupon,False
TK-242826,Delivery & Shipping,Delivery & Shipping,damaged_wrong,False
TK-242827,Billing & Payments,Billing & Payments,dup_payment,False
TK-242828,Account & Login,Account & Login,login,False
TK-242829,Account & Login,Account & Login,login,False
TK-242830,Returns & Refunds,Returns & Refunds,refund_status,False
TK-242831,Other,Delivery & Shipping,not_delivered,True
TK-242832,Other,App & Firmware,app_firmware,True
TK-242834,Delivery & Shipping,Delivery & Shipping,not_delivered,False
TK-242836,Delivery & Shipping,Delivery & Shipping,not_delivered,False
TK-242838,Audio Quality,Audio Quality,audio,False
TK-242839,Delivery & Shipping,Delivery & Shipping,not_delivered,False
TK-242840,Returns & Refunds,Returns & Refunds,refund_status,False
TK-242841,Connectivity,Connectivity,connectivity,False
TK-242843,Returns & Refunds,Returns & Refunds,return_pickup,False
TK-242844,Other,Billing & Payments,cancel,True
TK-242846,Delivery & Shipping,Delivery & Shipping,not_delivered,False
TK-242848,Other,Billing & Payments,cancel,True
TK-242849,Returns & Refunds,Returns & Refunds,refund_status,False
TK-242850,Delivery & Shipping,Delivery & Shipping,not_delivered,False
TK-242851,Charging & Battery,Charging & Battery,battery,False
TK-242852,Warranty & Repair,Returns & Refunds,return_pickup,True
TK-242854,Delivery & Shipping,Delivery & Shipping,not_delivered,False
TK-242855,Returns & Refunds,Returns & Refunds,refund_status,False
TK-242856,Delivery & Shipping,Other,unclassified,False
TK-242857,Charging & Battery,App & Firmware,app_firmware,True
TK-242858,Connectivity,Connectivity,connectivity,False
TK-242860,Delivery & Shipping,Delivery & Shipping,not_delivered,False
TK-242861,Product Enquiry,Product Enquiry,enquiry,False
TK-242863,Charging & Battery,Charging & Battery,battery,False
TK-242864,Audio Quality,Audio Quality,audio,False
TK-242865,Product Enquiry,Product Enquiry,enquiry,False
TK-242866,Billing & Payments,Billing & Payments,dup_payment,False
TK-242867,Product Enquiry,Product Enquiry,enquiry,False
TK-242868,Warranty & Repair,Other,unclassified,False
TK-242869,Other,Warranty & Repair,warranty_repair,True
TK-242870,App & Firmware,App & Firmware,app_firmware,False
TK-242871,Product Enquiry,Product Enquiry,enquiry,False
TK-242872,Other,Connectivity,connectivity,True
TK-242874,App & Firmware,App & Firmware,app_firmware,False
TK-242875,Other,Billing & Payments,cancel,True
TK-242876,Warranty & Repair,Warranty & Repair,warranty_repair,False
TK-242877,Account & Login,Account & Login,login,False
TK-242879,Other,Billing & Payments,dup_payment,True
TK-242880,Connectivity,Connectivity,connectivity,False
TK-242881,App & Firmware,App & Firmware,app_firmware,False
TK-242882,Product Enquiry,Product Enquiry,enquiry,False
TK-242883,App & Firmware,App & Firmware,app_firmware,False
TK-242884,Delivery & Shipping,Delivery & Shipping,damaged_wrong,False
TK-242885,Connectivity,Connectivity,connectivity,False
TK-242886,Account & Login,Account & Login,login,False
TK-242887,Billing & Payments,Billing & Payments,dup_payment,False
TK-242889,Other,Connectivity,connectivity,True
TK-242890,App & Firmware,App & Firmware,app_firmware,False
TK-242891,Connectivity,Connectivity,connectivity,False
TK-242892,Account & Login,Account & Login,login,False
TK-242893,Product Enquiry,Product Enquiry,enquiry,False
TK-242895,Audio Quality,Audio Quality,audio,False
TK-242897,Other,Connectivity,connectivity,True
TK-242899,Account & Login,Billing & Payments,invoice,True
TK-242900,Warranty & Repair,Delivery & Shipping,damaged_wrong,True
TK-242901,Charging & Battery,Charging & Battery,battery,False
TK-242902,Product Enquiry,Product Enquiry,enquiry,False
TK-242903,Audio Quality,Audio Quality,mic_issue,False
TK-242904,Warranty & Repair,Delivery & Shipping,damaged_wrong,True
TK-242905,Connectivity,Connectivity,connectivity,False
TK-242906,Charging & Battery,Charging & Battery,battery,False
TK-242907,Product Enquiry,Product Enquiry,enquiry,False
TK-242909,Connectivity,Connectivity,connectivity,False
TK-242910,Other,Delivery & Shipping,not_delivered,True
TK-242911,Warranty & Repair,Warranty & Repair,warranty_repair,False
TK-242912,Delivery & Shipping,Delivery & Shipping,not_delivered,False
TK-242913,Returns & Refunds,Delivery & Shipping,damaged_wrong,True
TK-242914,Audio Quality,Delivery & Shipping,damaged_wrong,True
TK-242915,Delivery & Shipping,Delivery & Shipping,damaged_wrong,False
TK-242917,Returns & Refunds,Delivery & Shipping,not_delivered,True
TK-242918,Other,Billing & Payments,dup_payment,True
TK-242919,App & Firmware,Charging & Battery,battery,True
TK-242920,Billing & Payments,Billing & Payments,dup_payment,False
TK-242921,Returns & Refunds,Returns & Refunds,return_pickup,False
TK-242922,Audio Quality,Audio Quality,audio,False
TK-242923,Product Enquiry,Product Enquiry,enquiry,False
TK-242924,Audio Quality,Audio Quality,mic_issue,False
TK-242925,Audio Quality,Audio Quality,mic_issue,False
TK-242927,Other,Delivery & Shipping,address_change,True
TK-242929,Audio Quality,Audio Quality,mic_issue,False
TK-242930,Billing & Payments,Billing & Payments,dup_payment,False
TK-242931,Other,Billing & Payments,dup_payment,True
TK-242932,Warranty & Repair,Warranty & Repair,warranty_repair,False
TK-242933,Connectivity,Delivery & Shipping,not_delivered,True
TK-242935,Delivery & Shipping,Delivery & Shipping,damaged_wrong,False
TK-242937,Product Enquiry,Product Enquiry,enquiry,False
TK-242938,Connectivity,Connectivity,connectivity,False
TK-242939,Delivery & Shipping,Delivery & Shipping,not_delivered,False
TK-242940,App & Firmware,App & Firmware,app_firmware,False
TK-242942,Delivery & Shipping,Delivery & Shipping,not_delivered,False
TK-242943,Connectivity,Connectivity,connectivity,False
TK-242945,Billing & Payments,Billing & Payments,coupon,False
TK-242946,Billing & Payments,Billing & Payments,dup_payment,False
TK-242947,Other,Billing & Payments,cancel,True
TK-242948,Product Enquiry,Product Enquiry,enquiry,False
TK-242950,Connectivity,Connectivity,connectivity,False
TK-242951,Delivery & Shipping,Delivery & Shipping,not_delivered,False
TK-242953,Delivery & Shipping,Billing & Payments,cancel,True
TK-242955,Other,Product Enquiry,enquiry,True
TK-242956,Product Enquiry,Product Enquiry,enquiry,False
TK-242957,Returns & Refunds,Returns & Refunds,refund_status,False
TK-242958,Billing & Payments,Billing & Payments,dup_payment,False
TK-242959,Account & Login,Account & Login,login,False
TK-242961,Delivery & Shipping,Delivery & Shipping,not_delivered,False
TK-242963,Other,Delivery & Shipping,not_delivered,True
TK-242964,Delivery & Shipping,Delivery & Shipping,not_delivered,False
TK-242965,Charging & Battery,Charging & Battery,battery,False
TK-242966,Product Enquiry,Product Enquiry,enquiry,False
TK-242967,Charging & Battery,Billing & Payments,dup_payment,True
TK-242968,Billing & Payments,Billing & Payments,invoice,False
TK-242969,Other,Delivery & Shipping,address_change,True
TK-242970,Delivery & Shipping,Delivery & Shipping,damaged_wrong,False
TK-242971,Delivery & Shipping,Delivery & Shipping,not_delivered,False
TK-242972,Audio Quality,Audio Quality,mic_issue,False
TK-242973,App & Firmware,App & Firmware,app_firmware,False
TK-242974,Warranty & Repair,Delivery & Shipping,damaged_wrong,True
TK-242975,Connectivity,Connectivity,connectivity,False
TK-242976,Product Enquiry,Billing & Payments,coupon,True
TK-242977,Other,Warranty & Repair,warranty_repair,True
TK-242978,Connectivity,Connectivity,connectivity,False
TK-242979,Billing & Payments,Billing & Payments,coupon,False
TK-242980,Other,Audio Quality,audio,True
TK-242982,Delivery & Shipping,Delivery & Shipping,not_delivered,False
TK-242983,Other,Billing & Payments,dup_payment,True
TK-242984,Connectivity,Connectivity,connectivity,False
TK-242985,Delivery & Shipping,Delivery & Shipping,not_delivered,False
TK-242987,Connectivity,Connectivity,connectivity,False
TK-242988,Connectivity,Connectivity,connectivity,False
TK-242990,Product Enquiry,Product Enquiry,enquiry,False
TK-242991,Delivery & Shipping,Delivery & Shipping,not_delivered,False
TK-242993,Connectivity,Connectivity,connectivity,False
TK-242994,Charging & Battery,Charging & Battery,battery,False
TK-242995,Billing & Payments,Billing & Payments,dup_payment,False
TK-242996,App & Firmware,App & Firmware,app_firmware,False
TK-242997,Delivery & Shipping,Delivery & Shipping,not_delivered,False
TK-242998,Other,Billing & Payments,cancel,True
TK-242999,Other,Delivery & Shipping,not_delivered,True
TK-243000,App & Firmware,App & Firmware,app_firmware,False
TK-243001,Charging & Battery,App & Firmware,app_firmware,True
TK-243002,Delivery & Shipping,Delivery & Shipping,not_delivered,False
TK-243003,App & Firmware,Connectivity,connectivity,True
TK-243004,Audio Quality,Audio Quality,audio,False
TK-243006,Delivery & Shipping,Delivery & Shipping,damaged_wrong,False
TK-243007,App & Firmware,App & Firmware,app_firmware,False
TK-243008,Other,Billing & Payments,dup_payment,True
TK-243009,Delivery & Shipping,Delivery & Shipping,not_delivered,False
TK-243010,Connectivity,Connectivity,connectivity,False
TK-243012,Billing & Payments,Billing & Payments,coupon,False
TK-243013,Connectivity,Connectivity,connectivity,False
TK-243014,Account & Login,Account & Login,login,False
TK-243016,Returns & Refunds,Returns & Refunds,return_pickup,False
TK-243017,Returns & Refunds,Returns & Refunds,refund_status,False
TK-243018,Other,Billing & Payments,dup_payment,True
TK-243019,Delivery & Shipping,Delivery & Shipping,not_delivered,False
TK-243020,Other,Billing & Payments,cancel,True
TK-243021,Delivery & Shipping,Delivery & Shipping,damaged_wrong,False
TK-243022,Connectivity,Connectivity,connectivity,False
TK-243023,Charging & Battery,Charging & Battery,battery,False
TK-243024,Billing & Payments,Billing & Payments,invoice,False
TK-243026,Returns & Refunds,Returns & Refunds,refund_status,False
TK-243027,Audio Quality,Audio Quality,mic_issue,False
TK-243029,Delivery & Shipping,Delivery & Shipping,damaged_wrong,False
TK-243030,Charging & Battery,Charging & Battery,battery,False
TK-243031,Billing & Payments,Billing & Payments,dup_payment,False
TK-243033,Charging & Battery,App & Firmware,app_firmware,True
TK-243034,Returns & Refunds,Other,unclassified,False
TK-243036,Billing & Payments,Billing & Payments,dup_payment,False
TK-243037,Product Enquiry,Product Enquiry,enquiry,False
TK-243038,Warranty & Repair,Warranty & Repair,warranty_repair,False
TK-243040,Billing & Payments,Billing & Payments,invoice,False
TK-243042,Delivery & Shipping,Delivery & Shipping,damaged_wrong,False
TK-243043,Connectivity,Connectivity,connectivity,False
TK-243045,Charging & Battery,Charging & Battery,battery,False
TK-243047,Other,Delivery & Shipping,address_change,True
TK-243049,Connectivity,Connectivity,connectivity,False
TK-243051,App & Firmware,App & Firmware,app_firmware,False
TK-243052,Charging & Battery,Charging & Battery,battery,False
TK-243053,Billing & Payments,Billing & Payments,coupon,False
TK-243054,Product Enquiry,Product Enquiry,enquiry,False
TK-243055,Audio Quality,Audio Quality,mic_issue,False
TK-243056,Audio Quality,Audio Quality,audio,False
TK-243057,Charging & Battery,Charging & Battery,battery,False
TK-243058,Billing & Payments,Returns & Refunds,refund_status,True
TK-243059,Account & Login,Account & Login,login,False
TK-243061,Returns & Refunds,Returns & Refunds,refund_status,False
TK-243062,Delivery & Shipping,Delivery & Shipping,not_delivered,False
TK-243063,Audio Quality,Audio Quality,audio,False
TK-243064,Other,Billing & Payments,cancel,True
TK-243065,App & Firmware,Charging & Battery,battery,True
TK-243067,Other,Delivery & Shipping,address_change,True
TK-243068,Warranty & Repair,Warranty & Repair,warranty_repair,False
TK-243069,Billing & Payments,Billing & Payments,invoice,False
TK-243070,Delivery & Shipping,Delivery & Shipping,not_delivered,False
TK-243071,Charging & Battery,Billing & Payments,dup_payment,True
TK-243072,Other,Delivery & Shipping,address_change,True
TK-243073,Returns & Refunds,Returns & Refunds,refund_status,False
TK-243074,Delivery & Shipping,Delivery & Shipping,not_delivered,False
TK-243075,Other,Audio Quality,mic_issue,True
TK-243076,Delivery & Shipping,Billing & Payments,dup_payment,True
TK-243077,Billing & Payments,Billing & Payments,dup_payment,False
TK-243078,Charging & Battery,Billing & Payments,dup_payment,True
TK-243079,Delivery & Shipping,Delivery & Shipping,not_delivered,False
TK-243080,Billing & Payments,Billing & Payments,coupon,False
TK-243081,Billing & Payments,Returns & Refunds,refund_status,True
TK-243082,Warranty & Repair,Other,unclassified,False
TK-243083,Delivery & Shipping,Delivery & Shipping,not_delivered,False
TK-243085,Warranty & Repair,Warranty & Repair,warranty_repair,False
TK-243087,Audio Quality,Audio Quality,audio,False
TK-243089,Charging & Battery,Charging & Battery,battery,False
TK-243090,Charging & Battery,Charging & Battery,battery,False
TK-243092,Billing & Payments,Billing & Payments,dup_payment,False
TK-243093,Delivery & Shipping,Delivery & Shipping,damaged_wrong,False
TK-243095,Billing & Payments,Billing & Payments,dup_payment,False
TK-243096,Billing & Payments,Billing & Payments,dup_payment,False
TK-243097,App & Firmware,App & Firmware,app_firmware,False
TK-243098,Returns & Refunds,Delivery & Shipping,not_delivered,True
TK-243099,Charging & Battery,Charging & Battery,battery,False
TK-243100,Charging & Battery,Charging & Battery,battery,False
TK-243102,Billing & Payments,Billing & Payments,invoice,False
TK-243103,Other,Charging & Battery,battery,True
TK-243104,Delivery & Shipping,Delivery & Shipping,not_delivered,False
TK-243106,Other,Delivery & Shipping,address_change,True
TK-243107,Warranty & Repair,Other,unclassified,False
TK-243108,Billing & Payments,Billing & Payments,dup_payment,False
TK-243110,Billing & Payments,Connectivity,connectivity,True
TK-243111,Billing & Payments,Billing & Payments,invoice,False
TK-243112,App & Firmware,App & Firmware,app_firmware,False
TK-243113,Delivery & Shipping,Delivery & Shipping,not_delivered,False
TK-243114,Delivery & Shipping,Delivery & Shipping,not_delivered,False
TK-243115,Other,Billing & Payments,cancel,True
TK-243116,Returns & Refunds,Returns & Refunds,refund_status,False
TK-243117,Other,Billing & Payments,cancel,True
TK-243119,Audio Quality,Returns & Refunds,return_pickup,True
TK-243120,Other,Billing & Payments,cancel,True
TK-243121,Returns & Refunds,Delivery & Shipping,not_delivered,True
TK-243122,Charging & Battery,App & Firmware,app_firmware,True
TK-243123,App & Firmware,Connectivity,connectivity,True
TK-243125,Audio Quality,Other,unclassified,False
TK-243126,Other,Billing & Payments,coupon,True
TK-243128,Product Enquiry,Billing & Payments,coupon,True
TK-243130,Other,Delivery & Shipping,not_delivered,True
TK-243132,Connectivity,Connectivity,connectivity,False
TK-243133,Account & Login,Account & Login,login,False
TK-243134,Connectivity,Connectivity,connectivity,False
TK-243136,Connectivity,Connectivity,connectivity,False
TK-243138,Other,Connectivity,connectivity,True
TK-243140,Delivery & Shipping,Delivery & Shipping,not_delivered,False
TK-243141,Audio Quality,Audio Quality,audio,False
TK-243143,Billing & Payments,Returns & Refunds,refund_status,True
TK-243144,Connectivity,Connectivity,connectivity,False
TK-243145,Charging & Battery,Charging & Battery,battery,False
TK-243146,Billing & Payments,Billing & Payments,dup_payment,False
TK-243147,Charging & Battery,Charging & Battery,battery,False
TK-243148,Audio Quality,Audio Quality,audio,False
TK-243149,App & Firmware,App & Firmware,app_firmware,False
TK-243150,Delivery & Shipping,Delivery & Shipping,not_delivered,False
TK-243151,Product Enquiry,Product Enquiry,enquiry,False
TK-243152,Billing & Payments,Billing & Payments,dup_payment,False
TK-243154,Delivery & Shipping,Delivery & Shipping,not_delivered,False
TK-243155,Warranty & Repair,Warranty & Repair,warranty_repair,False
TK-243156,Product Enquiry,Product Enquiry,enquiry,False
TK-243157,Product Enquiry,Product Enquiry,enquiry,False
TK-243158,Returns & Refunds,Returns & Refunds,refund_status,False
TK-243159,Warranty & Repair,Delivery & Shipping,damaged_wrong,True
TK-243161,App & Firmware,App & Firmware,app_firmware,False
TK-243162,Charging & Battery,Billing & Payments,dup_payment,True
TK-243163,Product Enquiry,Product Enquiry,enquiry,False
TK-243164,Delivery & Shipping,Delivery & Shipping,not_delivered,False
TK-243165,Delivery & Shipping,Delivery & Shipping,damaged_wrong,False
TK-243167,Connectivity,Connectivity,connectivity,False
TK-243169,Account & Login,Account & Login,login,False
TK-243170,Warranty & Repair,Audio Quality,audio,True
TK-243171,Connectivity,Connectivity,connectivity,False
TK-243172,Product Enquiry,Product Enquiry,enquiry,False
TK-243174,Charging & Battery,Audio Quality,audio,True
TK-243175,App & Firmware,App & Firmware,app_firmware,False
TK-243177,Audio Quality,Audio Quality,audio,False
TK-243179,Returns & Refunds,Returns & Refunds,refund_status,False
TK-243180,Product Enquiry,Product Enquiry,enquiry,False
TK-243182,Returns & Refunds,Returns & Refunds,refund_status,False
TK-243183,Other,Product Enquiry,enquiry,True
TK-243185,App & Firmware,App & Firmware,app_firmware,False
TK-243187,Connectivity,Connectivity,connectivity,False
TK-243188,App & Firmware,App & Firmware,app_firmware,False
TK-243189,App & Firmware,Connectivity,connectivity,True
TK-243191,Returns & Refunds,Returns & Refunds,refund_status,False
TK-243193,Billing & Payments,Billing & Payments,dup_payment,False
TK-243194,Billing & Payments,Billing & Payments,dup_payment,False
TK-243195,Billing & Payments,Billing & Payments,dup_payment,False
TK-243196,Billing & Payments,Billing & Payments,dup_payment,False
TK-243197,Billing & Payments,Billing & Payments,invoice,False
TK-243198,Audio Quality,Audio Quality,audio,False
TK-243199,Connectivity,Connectivity,connectivity,False
TK-243200,Warranty & Repair,Warranty & Repair,warranty_repair,False
TK-243202,App & Firmware,App & Firmware,app_firmware,False
TK-243203,Audio Quality,Audio Quality,mic_issue,False
TK-243205,Warranty & Repair,Warranty & Repair,warranty_repair,False
TK-243206,Billing & Payments,Billing & Payments,dup_payment,False
TK-243207,Delivery & Shipping,Delivery & Shipping,not_delivered,False
TK-243208,Account & Login,Billing & Payments,invoice,True
TK-243210,Other,Billing & Payments,cancel,True
TK-243211,Returns & Refunds,Delivery & Shipping,damaged_wrong,True
TK-243213,Other,Product Enquiry,enquiry,True
TK-243214,Billing & Payments,Billing & Payments,invoice,False
TK-243215,Connectivity,Connectivity,connectivity,False
TK-243216,Account & Login,Account & Login,login,False
TK-243218,Delivery & Shipping,Delivery & Shipping,not_delivered,False
TK-243219,Delivery & Shipping,Delivery & Shipping,damaged_wrong,False
TK-243221,Delivery & Shipping,Delivery & Shipping,not_delivered,False
TK-243222,Connectivity,Connectivity,connectivity,False
TK-243223,Warranty & Repair,Charging & Battery,battery,True
TK-243224,Connectivity,Connectivity,connectivity,False
TK-243225,Delivery & Shipping,Delivery & Shipping,not_delivered,False
TK-243227,Delivery & Shipping,Delivery & Shipping,damaged_wrong,False
TK-243228,Account & Login,Account & Login,login,False
TK-243229,Billing & Payments,Billing & Payments,coupon,False
TK-243231,Other,App & Firmware,app_firmware,True
TK-243232,Connectivity,Connectivity,connectivity,False
TK-243233,Product Enquiry,Billing & Payments,coupon,True
TK-243234,Billing & Payments,Billing & Payments,dup_payment,False
TK-243235,Delivery & Shipping,Billing & Payments,dup_payment,True
TK-243237,Returns & Refunds,Returns & Refunds,return_pickup,False
TK-243238,App & Firmware,App & Firmware,app_firmware,False
TK-243239,Warranty & Repair,Other,unclassified,False
TK-243240,Warranty & Repair,Warranty & Repair,warranty_repair,False
TK-243241,Returns & Refunds,Delivery & Shipping,damaged_wrong,True
TK-243243,Other,Delivery & Shipping,address_change,True
TK-243244,Charging & Battery,Charging & Battery,battery,False
TK-243246,Warranty & Repair,Warranty & Repair,warranty_repair,False
TK-243247,Connectivity,App & Firmware,app_firmware,True
TK-243248,Audio Quality,Connectivity,connectivity,True
TK-243249,Charging & Battery,Charging & Battery,battery,False
TK-243250,Product Enquiry,Product Enquiry,enquiry,False
TK-243252,Connectivity,Connectivity,connectivity,False
TK-243254,Charging & Battery,Charging & Battery,battery,False
TK-243255,Audio Quality,Audio Quality,audio,False
TK-243256,Delivery & Shipping,Delivery & Shipping,damaged_wrong,False
TK-243258,Warranty & Repair,Warranty & Repair,warranty_repair,False
TK-243260,Other,Billing & Payments,cancel,True
TK-243261,Charging & Battery,App & Firmware,app_firmware,True
TK-243262,Delivery & Shipping,Delivery & Shipping,not_delivered,False
TK-243263,Delivery & Shipping,Returns & Refunds,return_pickup,True
TK-243264,Delivery & Shipping,Billing & Payments,cancel,True
TK-243265,Other,Billing & Payments,cancel,True
TK-243266,Returns & Refunds,Returns & Refunds,return_pickup,False
TK-243267,Returns & Refunds,Returns & Refunds,return_pickup,False
TK-243268,Delivery & Shipping,Delivery & Shipping,not_delivered,False
TK-243269,App & Firmware,App & Firmware,app_firmware,False
TK-243271,App & Firmware,App & Firmware,app_firmware,False
TK-243272,Billing & Payments,Billing & Payments,dup_payment,False
TK-243274,Warranty & Repair,Warranty & Repair,warranty_repair,False
TK-243276,Account & Login,Account & Login,login,False
TK-243277,Other,Delivery & Shipping,address_change,True
TK-243278,Delivery & Shipping,Delivery & Shipping,damaged_wrong,False
TK-243279,Delivery & Shipping,Delivery & Shipping,not_delivered,False
TK-243281,Other,Delivery & Shipping,not_delivered,True
TK-243282,Other,Billing & Payments,dup_payment,True
TK-243284,Audio Quality,Audio Quality,audio,False
TK-243285,Warranty & Repair,Warranty & Repair,warranty_repair,False
TK-243286,Warranty & Repair,Other,unclassified,False
TK-243287,Other,Billing & Payments,cancel,True
TK-243289,Delivery & Shipping,Delivery & Shipping,not_delivered,False
TK-243291,Billing & Payments,Billing & Payments,coupon,False
TK-243292,Charging & Battery,Charging & Battery,battery,False
TK-243294,Returns & Refunds,Returns & Refunds,refund_status,False
TK-243295,Other,Connectivity,connectivity,True
TK-243297,Billing & Payments,Billing & Payments,dup_payment,False
TK-243298,Warranty & Repair,Returns & Refunds,refund_generic,True
TK-243299,Billing & Payments,Billing & Payments,coupon,False
TK-243300,Billing & Payments,Billing & Payments,invoice,False
TK-243301,Billing & Payments,Billing & Payments,dup_payment,False
TK-243302,Billing & Payments,Billing & Payments,dup_payment,False
TK-243303,Product Enquiry,Product Enquiry,enquiry,False
TK-243304,Other,Delivery & Shipping,not_delivered,True
TK-243306,Product Enquiry,Product Enquiry,enquiry,False
TK-243307,Warranty & Repair,Other,unclassified,False
TK-243308,Returns & Refunds,Returns & Refunds,refund_status,False
TK-243309,Delivery & Shipping,Delivery & Shipping,not_delivered,False
TK-243311,Other,Audio Quality,mic_issue,True
TK-243312,Other,Delivery & Shipping,address_change,True
TK-243313,Other,Delivery & Shipping,address_change,True
TK-243314,Billing & Payments,Billing & Payments,dup_payment,False
TK-243315,Returns & Refunds,Returns & Refunds,return_pickup,False
TK-243316,Returns & Refunds,Returns & Refunds,return_pickup,False
TK-243317,Billing & Payments,Returns & Refunds,refund_generic,True
TK-243318,Account & Login,Account & Login,login,False
TK-243319,Delivery & Shipping,Delivery & Shipping,damaged_wrong,False
TK-243320,Other,App & Firmware,app_firmware,True
TK-243321,Returns & Refunds,Delivery & Shipping,not_delivered,True
TK-243322,Delivery & Shipping,Billing & Payments,dup_payment,True
TK-243323,Charging & Battery,App & Firmware,app_firmware,True
TK-243324,Connectivity,Connectivity,connectivity,False
TK-243325,Other,Delivery & Shipping,address_change,True
TK-243327,Returns & Refunds,Returns & Refunds,refund_status,False
TK-243328,Connectivity,Connectivity,connectivity,False
TK-243329,Billing & Payments,Billing & Payments,invoice,False
TK-243331,Other,App & Firmware,app_firmware,True
TK-243332,Charging & Battery,Charging & Battery,battery,False
TK-243333,Delivery & Shipping,Delivery & Shipping,not_delivered,False
TK-243335,Other,Billing & Payments,dup_payment,True
TK-243337,Returns & Refunds,Account & Login,login,True
TK-243338,Delivery & Shipping,Delivery & Shipping,damaged_wrong,False
TK-243340,Billing & Payments,Billing & Payments,dup_payment,False
TK-243342,Returns & Refunds,Returns & Refunds,return_pickup,False
TK-243343,Billing & Payments,Billing & Payments,dup_payment,False
TK-243344,Delivery & Shipping,Delivery & Shipping,not_delivered,False
TK-243345,Connectivity,Connectivity,connectivity,False
TK-243346,Billing & Payments,Billing & Payments,dup_payment,False
TK-243347,Returns & Refunds,Delivery & Shipping,not_delivered,True
TK-243348,Product Enquiry,Product Enquiry,enquiry,False
TK-243349,Billing & Payments,Billing & Payments,coupon,False
TK-243350,Delivery & Shipping,Delivery & Shipping,not_delivered,False
TK-243351,Account & Login,Billing & Payments,invoice,True
TK-243352,Audio Quality,Audio Quality,audio,False
TK-243354,Audio Quality,Audio Quality,mic_issue,False
TK-243355,Audio Quality,Audio Quality,mic_issue,False
TK-243356,Charging & Battery,Audio Quality,audio,True
TK-243357,Account & Login,Account & Login,login,False
TK-243358,Returns & Refunds,Returns & Refunds,refund_status,False
TK-243359,Warranty & Repair,Warranty & Repair,warranty_repair,False
TK-243360,Other,Billing & Payments,cancel,True
TK-243361,Returns & Refunds,Delivery & Shipping,not_delivered,True
TK-243362,App & Firmware,App & Firmware,app_firmware,False
TK-243363,App & Firmware,Connectivity,connectivity,True
TK-243365,Returns & Refunds,Returns & Refunds,return_pickup,False
TK-243366,Other,Connectivity,connectivity,True
TK-243367,Charging & Battery,Charging & Battery,battery,False
TK-243369,Audio Quality,Audio Quality,audio,False
TK-243370,Other,Billing & Payments,cancel,True
TK-243371,Returns & Refunds,Delivery & Shipping,not_delivered,True
TK-243372,Other,Billing & Payments,cancel,True
TK-243373,Returns & Refunds,Returns & Refunds,refund_status,False
TK-243375,Product Enquiry,Product Enquiry,enquiry,False
TK-243376,Billing & Payments,Billing & Payments,dup_payment,False
TK-243377,Billing & Payments,Billing & Payments,dup_payment,False
TK-243378,Billing & Payments,Billing & Payments,dup_payment,False
TK-243380,Billing & Payments,Billing & Payments,coupon,False
TK-243381,Other,Other,unclassified,False
TK-243383,Audio Quality,Audio Quality,audio,False
TK-243385,Delivery & Shipping,Delivery & Shipping,damaged_wrong,False
TK-243387,Delivery & Shipping,Delivery & Shipping,not_delivered,False
TK-243388,Product Enquiry,Product Enquiry,enquiry,False
TK-243389,Charging & Battery,Charging & Battery,battery,False
TK-243390,Product Enquiry,Product Enquiry,enquiry,False
TK-243391,Returns & Refunds,Returns & Refunds,refund_status,False
TK-243393,Charging & Battery,Charging & Battery,battery,False
TK-243394,Returns & Refunds,Returns & Refunds,refund_status,False
TK-243396,Charging & Battery,Charging & Battery,battery,False
TK-243397,Delivery & Shipping,Delivery & Shipping,not_delivered,False
TK-243398,Other,Warranty & Repair,warranty_repair,True
TK-243399,Delivery & Shipping,Delivery & Shipping,not_delivered,False
TK-243400,Connectivity,Connectivity,connectivity,False
TK-243401,Connectivity,Connectivity,connectivity,False
TK-243402,Delivery & Shipping,Delivery & Shipping,not_delivered,False
TK-243403,Billing & Payments,Billing & Payments,dup_payment,False
TK-243405,Delivery & Shipping,Delivery & Shipping,not_delivered,False
TK-243406,App & Firmware,App & Firmware,app_firmware,False
TK-243408,Delivery & Shipping,Delivery & Shipping,not_delivered,False
TK-243409,Billing & Payments,Billing & Payments,invoice,False
TK-243410,Delivery & Shipping,Delivery & Shipping,not_delivered,False
TK-243412,Product Enquiry,Product Enquiry,enquiry,False
TK-243413,Warranty & Repair,Delivery & Shipping,damaged_wrong,True
TK-243414,Billing & Payments,Billing & Payments,dup_payment,False
TK-243416,Delivery & Shipping,Delivery & Shipping,not_delivered,False
TK-243417,Warranty & Repair,Charging & Battery,battery,True
TK-243418,Other,Billing & Payments,cancel,True
TK-243419,Warranty & Repair,Warranty & Repair,warranty_repair,False
TK-243421,Delivery & Shipping,Delivery & Shipping,not_delivered,False
TK-243422,Returns & Refunds,Returns & Refunds,return_pickup,False
TK-243424,Connectivity,Connectivity,connectivity,False
TK-243425,Billing & Payments,Billing & Payments,invoice,False
TK-243427,Product Enquiry,Product Enquiry,enquiry,False
TK-243428,Returns & Refunds,Returns & Refunds,refund_status,False
TK-243430,Other,Other,unclassified,False
TK-243431,Audio Quality,Audio Quality,audio,False
TK-243432,Delivery & Shipping,Delivery & Shipping,not_delivered,False
TK-243433,Other,App & Firmware,app_firmware,True
TK-243434,App & Firmware,Connectivity,connectivity,True
TK-243435,Billing & Payments,Billing & Payments,invoice,False
TK-243436,Audio Quality,Audio Quality,audio,False
TK-243438,Delivery & Shipping,Delivery & Shipping,not_delivered,False
TK-243439,Returns & Refunds,Returns & Refunds,return_pickup,False
TK-243440,Other,Billing & Payments,cancel,True
TK-243442,Product Enquiry,Product Enquiry,enquiry,False
TK-243443,Billing & Payments,Connectivity,connectivity,True
TK-243445,Delivery & Shipping,Delivery & Shipping,damaged_wrong,False
TK-243446,Warranty & Repair,Warranty & Repair,warranty_repair,False
TK-243447,Billing & Payments,App & Firmware,app_firmware,True
TK-243449,Billing & Payments,Billing & Payments,invoice,False
TK-243450,Other,Other,unclassified,False
TK-243451,Delivery & Shipping,Delivery & Shipping,damaged_wrong,False
TK-243452,Delivery & Shipping,Delivery & Shipping,not_delivered,False
TK-243453,Audio Quality,Audio Quality,audio,False
TK-243454,Other,Delivery & Shipping,address_change,True
TK-243455,Product Enquiry,Product Enquiry,enquiry,False
TK-243456,Returns & Refunds,Delivery & Shipping,not_delivered,True
TK-243457,Billing & Payments,Returns & Refunds,refund_status,True
TK-243459,Warranty & Repair,Warranty & Repair,warranty_repair,False
TK-243460,Delivery & Shipping,Delivery & Shipping,not_delivered,False
TK-243462,Billing & Payments,Billing & Payments,dup_payment,False
TK-243463,App & Firmware,App & Firmware,app_firmware,False
TK-243465,Returns & Refunds,Returns & Refunds,return_pickup,False
TK-243466,Connectivity,Connectivity,connectivity,False
TK-243468,Connectivity,Other,unclassified,False
TK-243470,Delivery & Shipping,Returns & Refunds,return_pickup,True
TK-243471,Returns & Refunds,Returns & Refunds,return_pickup,False
TK-243472,Other,Delivery & Shipping,not_delivered,True
TK-243473,Returns & Refunds,Returns & Refunds,return_pickup,False
TK-243474,Returns & Refunds,Returns & Refunds,refund_status,False
TK-243475,Connectivity,Connectivity,connectivity,False
TK-243476,Warranty & Repair,Warranty & Repair,warranty_repair,False
TK-243477,Returns & Refunds,Returns & Refunds,return_pickup,False
TK-243478,Other,Delivery & Shipping,address_change,True
TK-243480,Billing & Payments,Billing & Payments,invoice,False
TK-243481,Returns & Refunds,Returns & Refunds,refund_status,False
TK-243482,Other,Delivery & Shipping,address_change,True
TK-243483,Billing & Payments,Billing & Payments,coupon,False
TK-243484,Delivery & Shipping,Delivery & Shipping,not_delivered,False
TK-243485,Warranty & Repair,Warranty & Repair,warranty_repair,False
TK-243487,Connectivity,Connectivity,connectivity,False
TK-243488,Billing & Payments,Billing & Payments,invoice,False
TK-243489,Connectivity,Connectivity,connectivity,False
TK-243491,Product Enquiry,Product Enquiry,enquiry,False
TK-243492,Delivery & Shipping,Delivery & Shipping,not_delivered,False
TK-243493,Connectivity,Connectivity,connectivity,False
TK-243494,Returns & Refunds,Returns & Refunds,refund_status,False
TK-243495,Account & Login,Account & Login,login,False
TK-243496,Delivery & Shipping,Delivery & Shipping,not_delivered,False
TK-243497,Connectivity,Connectivity,connectivity,False
TK-243498,App & Firmware,Delivery & Shipping,not_delivered,True
TK-243499,Audio Quality,Audio Quality,mic_issue,False
TK-243500,Delivery & Shipping,Delivery & Shipping,not_delivered,False
TK-243502,Returns & Refunds,Returns & Refunds,refund_status,False
TK-243503,Returns & Refunds,Delivery & Shipping,damaged_wrong,True
TK-243505,Delivery & Shipping,Delivery & Shipping,not_delivered,False
TK-243506,Connectivity,Connectivity,connectivity,False
TK-243507,Connectivity,Connectivity,connectivity,False
TK-243508,Other,Delivery & Shipping,not_delivered,True
TK-243509,Billing & Payments,Billing & Payments,dup_payment,False
TK-243510,Connectivity,Delivery & Shipping,not_delivered,True
TK-243511,Connectivity,Connectivity,connectivity,False
TK-243512,Delivery & Shipping,Delivery & Shipping,not_delivered,False
TK-243513,Delivery & Shipping,Delivery & Shipping,not_delivered,False
TK-243514,Returns & Refunds,Delivery & Shipping,not_delivered,True
TK-243515,Connectivity,Connectivity,connectivity,False
TK-243517,Delivery & Shipping,Delivery & Shipping,not_delivered,False
TK-243518,Other,Billing & Payments,cancel,True
TK-243519,Delivery & Shipping,Delivery & Shipping,not_delivered,False
TK-243520,Returns & Refunds,Charging & Battery,battery,True
TK-243521,Delivery & Shipping,Delivery & Shipping,damaged_wrong,False
TK-243522,Connectivity,Connectivity,connectivity,False
TK-243523,Returns & Refunds,Returns & Refunds,return_pickup,False
TK-243525,Product Enquiry,Product Enquiry,enquiry,False
TK-243526,Connectivity,Connectivity,connectivity,False
TK-243528,Delivery & Shipping,Delivery & Shipping,damaged_wrong,False
TK-243529,Billing & Payments,Billing & Payments,coupon,False
TK-243530,Connectivity,Connectivity,connectivity,False
TK-243532,Warranty & Repair,Warranty & Repair,warranty_repair,False
TK-243533,Product Enquiry,Other,unclassified,False
TK-243535,Billing & Payments,Billing & Payments,cancel,False
TK-243536,Returns & Refunds,Returns & Refunds,return_pickup,False
TK-243537,Billing & Payments,Billing & Payments,coupon,False
TK-243539,Billing & Payments,Billing & Payments,dup_payment,False
TK-243540,Delivery & Shipping,Delivery & Shipping,damaged_wrong,False
TK-243541,Returns & Refunds,Returns & Refunds,return_pickup,False
TK-243542,Warranty & Repair,Warranty & Repair,warranty_repair,False
TK-243543,App & Firmware,App & Firmware,app_firmware,False
TK-243544,Billing & Payments,Billing & Payments,dup_payment,False
TK-243546,Other,Product Enquiry,enquiry,True
TK-243547,Other,Connectivity,connectivity,True
TK-243549,Delivery & Shipping,Delivery & Shipping,not_delivered,False
TK-243550,Connectivity,Connectivity,connectivity,False
TK-243551,App & Firmware,App & Firmware,app_firmware,False
TK-243553,Product Enquiry,Product Enquiry,enquiry,False
TK-243555,Product Enquiry,Product Enquiry,enquiry,False
TK-243556,Product Enquiry,Product Enquiry,enquiry,False
TK-243557,Audio Quality,Audio Quality,audio,False
TK-243558,Warranty & Repair,Warranty & Repair,warranty_repair,False
TK-243560,Billing & Payments,Billing & Payments,dup_payment,False
TK-243562,Product Enquiry,Product Enquiry,enquiry,False
TK-243563,Delivery & Shipping,Delivery & Shipping,not_delivered,False
TK-243564,Billing & Payments,Billing & Payments,dup_payment,False
TK-243566,Other,Billing & Payments,dup_payment,True
TK-243567,Other,Delivery & Shipping,not_delivered,True
TK-243569,Delivery & Shipping,Delivery & Shipping,not_delivered,False
TK-243570,Other,Delivery & Shipping,not_delivered,True
TK-243571,Delivery & Shipping,Delivery & Shipping,address_change,False
TK-243572,Delivery & Shipping,Delivery & Shipping,not_delivered,False
TK-243573,Other,App & Firmware,app_firmware,True
TK-243575,Returns & Refunds,Returns & Refunds,return_pickup,False
TK-243576,Delivery & Shipping,Delivery & Shipping,not_delivered,False
TK-243578,Warranty & Repair,Warranty & Repair,warranty_repair,False
TK-243579,Audio Quality,Audio Quality,mic_issue,False
TK-243580,Connectivity,Connectivity,connectivity,False
TK-243581,Other,Product Enquiry,enquiry,True
TK-243582,Delivery & Shipping,Delivery & Shipping,not_delivered,False
TK-243583,App & Firmware,App & Firmware,app_firmware,False
TK-243584,Charging & Battery,Charging & Battery,battery,False
TK-243585,Delivery & Shipping,Delivery & Shipping,damaged_wrong,False
TK-243586,Other,Delivery & Shipping,not_delivered,True
TK-243588,Other,Delivery & Shipping,not_delivered,True
TK-243590,Other,Connectivity,connectivity,True
TK-243591,Delivery & Shipping,Delivery & Shipping,not_delivered,False
TK-243592,Other,Billing & Payments,cancel,True
TK-243593,Audio Quality,Audio Quality,audio,False
TK-243594,Product Enquiry,Product Enquiry,enquiry,False
TK-243595,Delivery & Shipping,Delivery & Shipping,not_delivered,False
TK-243596,Returns & Refunds,Returns & Refunds,return_pickup,False
TK-243597,Charging & Battery,Audio Quality,audio,True
TK-243598,Connectivity,Connectivity,connectivity,False
TK-243599,Account & Login,Account & Login,login,False
TK-243601,Returns & Refunds,Delivery & Shipping,not_delivered,True
TK-243602,Returns & Refunds,Returns & Refunds,refund_status,False
TK-243603,Billing & Payments,Billing & Payments,coupon,False
TK-243604,Product Enquiry,Product Enquiry,enquiry,False
TK-243605,Billing & Payments,Billing & Payments,invoice,False
TK-243606,Delivery & Shipping,Delivery & Shipping,not_delivered,False
TK-243607,Delivery & Shipping,Returns & Refunds,return_pickup,True
TK-243608,Delivery & Shipping,Delivery & Shipping,not_delivered,False
TK-243609,Warranty & Repair,Warranty & Repair,warranty_repair,False
TK-243610,Charging & Battery,Charging & Battery,battery,False
TK-243611,Delivery & Shipping,Delivery & Shipping,not_delivered,False
TK-243612,Audio Quality,Delivery & Shipping,damaged_wrong,True
TK-243614,Billing & Payments,Billing & Payments,invoice,False
TK-243616,Delivery & Shipping,Delivery & Shipping,not_delivered,False
TK-243617,Connectivity,Connectivity,connectivity,False
TK-243618,Billing & Payments,Billing & Payments,coupon,False
TK-243619,Warranty & Repair,Other,unclassified,False
TK-243621,Product Enquiry,Product Enquiry,enquiry,False
TK-243622,Connectivity,Connectivity,connectivity,False
TK-243623,Warranty & Repair,Delivery & Shipping,damaged_wrong,True
TK-243624,Connectivity,Connectivity,connectivity,False
TK-243626,Delivery & Shipping,Delivery & Shipping,not_delivered,False
TK-243627,Warranty & Repair,Returns & Refunds,return_pickup,True
TK-243629,Other,Warranty & Repair,warranty_repair,True
TK-243631,Billing & Payments,Billing & Payments,dup_payment,False
TK-243633,Connectivity,App & Firmware,app_firmware,True
TK-243634,Connectivity,Connectivity,connectivity,False
TK-243635,Other,Delivery & Shipping,address_change,True
TK-243637,Product Enquiry,Product Enquiry,enquiry,False
TK-243638,Billing & Payments,Billing & Payments,invoice,False
TK-243639,Warranty & Repair,Delivery & Shipping,damaged_wrong,True
TK-243640,Delivery & Shipping,Delivery & Shipping,damaged_wrong,False
TK-243641,Other,Product Enquiry,enquiry,True
TK-243642,Returns & Refunds,Returns & Refunds,refund_status,False
TK-243644,Other,Billing & Payments,dup_payment,True
TK-243646,Connectivity,Connectivity,connectivity,False
TK-243648,Warranty & Repair,Charging & Battery,battery,True
TK-243649,Delivery & Shipping,Billing & Payments,cancel,True
TK-243650,Billing & Payments,Billing & Payments,invoice,False
TK-243651,Charging & Battery,Delivery & Shipping,not_delivered,True
TK-243653,Returns & Refunds,Returns & Refunds,refund_status,False
TK-243654,Other,Delivery & Shipping,address_change,True
TK-243655,Connectivity,Connectivity,connectivity,False
TK-243657,App & Firmware,App & Firmware,app_firmware,False
TK-243658,Billing & Payments,Billing & Payments,invoice,False
TK-243659,Warranty & Repair,Warranty & Repair,warranty_repair,False
TK-243660,Returns & Refunds,Returns & Refunds,return_pickup,False
TK-243661,Delivery & Shipping,Delivery & Shipping,damaged_wrong,False
TK-243662,Other,Billing & Payments,cancel,True
TK-243663,Returns & Refunds,Returns & Refunds,return_pickup,False
TK-243665,Connectivity,Connectivity,connectivity,False
TK-243667,Returns & Refunds,Returns & Refunds,return_pickup,False
TK-243668,Billing & Payments,Billing & Payments,dup_payment,False
TK-243669,Billing & Payments,Billing & Payments,dup_payment,False
TK-243671,Delivery & Shipping,Delivery & Shipping,not_delivered,False
TK-243673,Other,Delivery & Shipping,not_delivered,True
TK-243675,Warranty & Repair,Delivery & Shipping,damaged_wrong,True
TK-243677,Billing & Payments,Connectivity,connectivity,True
TK-243679,Connectivity,App & Firmware,app_firmware,True
TK-243680,Delivery & Shipping,Delivery & Shipping,not_delivered,False
TK-243681,Charging & Battery,Charging & Battery,battery,False
TK-243682,Billing & Payments,Billing & Payments,dup_payment,False
TK-243683,Returns & Refunds,Returns & Refunds,refund_generic,False
TK-243684,Connectivity,Connectivity,connectivity,False
TK-243686,Delivery & Shipping,Delivery & Shipping,damaged_wrong,False
TK-243687,Other,Connectivity,connectivity,True
TK-243689,Other,Billing & Payments,cancel,True
TK-243691,Delivery & Shipping,Delivery & Shipping,not_delivered,False
TK-243692,Delivery & Shipping,Delivery & Shipping,damaged_wrong,False
TK-243693,Connectivity,Connectivity,connectivity,False
TK-243694,Connectivity,Connectivity,connectivity,False
TK-243695,Product Enquiry,Product Enquiry,enquiry,False
TK-243696,Audio Quality,Audio Quality,audio,False
TK-243698,Delivery & Shipping,Delivery & Shipping,damaged_wrong,False
TK-243699,App & Firmware,Delivery & Shipping,not_delivered,True
TK-243700,Connectivity,Connectivity,connectivity,False
TK-243701,Returns & Refunds,Returns & Refunds,refund_status,False
TK-243702,Product Enquiry,Product Enquiry,enquiry,False
TK-243704,Delivery & Shipping,Delivery & Shipping,not_delivered,False
TK-243705,Charging & Battery,Charging & Battery,battery,False
TK-243706,Returns & Refunds,Returns & Refunds,refund_status,False
TK-243707,Account & Login,Account & Login,login,False
TK-243709,Account & Login,Account & Login,login,False
TK-243710,Billing & Payments,Billing & Payments,coupon,False
TK-243711,Product Enquiry,Product Enquiry,enquiry,False
TK-243712,Delivery & Shipping,Delivery & Shipping,not_delivered,False
TK-243713,Charging & Battery,App & Firmware,app_firmware,True
TK-243714,Delivery & Shipping,Delivery & Shipping,not_delivered,False
TK-243716,Connectivity,Connectivity,connectivity,False
TK-243717,Billing & Payments,Billing & Payments,dup_payment,False
TK-243719,Delivery & Shipping,Delivery & Shipping,damaged_wrong,False
TK-243720,Other,Delivery & Shipping,address_change,True
TK-243721,Connectivity,Connectivity,connectivity,False
TK-243722,Delivery & Shipping,Delivery & Shipping,not_delivered,False
TK-243723,Billing & Payments,Billing & Payments,dup_payment,False
TK-243725,Other,Billing & Payments,cancel,True
TK-243726,Other,Product Enquiry,enquiry,True
TK-243727,Billing & Payments,Billing & Payments,coupon,False
TK-243729,Other,Billing & Payments,dup_payment,True
TK-243730,Connectivity,Connectivity,connectivity,False
TK-243731,Product Enquiry,Product Enquiry,enquiry,False
TK-243732,Account & Login,Account & Login,login,False
TK-243733,App & Firmware,App & Firmware,app_firmware,False
TK-243735,Delivery & Shipping,Delivery & Shipping,damaged_wrong,False
TK-243737,Other,Billing & Payments,cancel,True
TK-243738,Delivery & Shipping,Delivery & Shipping,damaged_wrong,False
TK-243739,Delivery & Shipping,Delivery & Shipping,damaged_wrong,False
TK-243740,Returns & Refunds,Returns & Refunds,return_pickup,False
TK-243741,Delivery & Shipping,Delivery & Shipping,not_delivered,False
TK-243742,Other,Billing & Payments,cancel,True
TK-243743,Other,Billing & Payments,dup_payment,True
TK-243744,Billing & Payments,Billing & Payments,dup_payment,False
TK-243746,Delivery & Shipping,Billing & Payments,dup_payment,True
TK-243747,Product Enquiry,Product Enquiry,enquiry,False
TK-243748,Returns & Refunds,Returns & Refunds,return_pickup,False
TK-243749,Returns & Refunds,Returns & Refunds,return_pickup,False
TK-243751,Warranty & Repair,App & Firmware,app_firmware,True
TK-243753,Other,Other,unclassified,False
TK-243754,Product Enquiry,Product Enquiry,enquiry,False
TK-243755,Delivery & Shipping,Delivery & Shipping,not_delivered,False
TK-243756,Account & Login,Account & Login,login,False
TK-243757,Delivery & Shipping,Delivery & Shipping,not_delivered,False
TK-243758,Other,Delivery & Shipping,not_delivered,True
TK-243759,Returns & Refunds,Returns & Refunds,return_pickup,False
TK-243761,Other,Connectivity,connectivity,True
TK-243762,Delivery & Shipping,Delivery & Shipping,not_delivered,False
TK-243764,Charging & Battery,Charging & Battery,battery,False
TK-243765,Delivery & Shipping,Delivery & Shipping,not_delivered,False
TK-243766,Other,Billing & Payments,cancel,True
TK-243767,Delivery & Shipping,Billing & Payments,dup_payment,True
TK-243769,Billing & Payments,Billing & Payments,coupon,False
TK-243770,Delivery & Shipping,Delivery & Shipping,address_change,False
TK-243771,Billing & Payments,Billing & Payments,coupon,False
TK-243772,Returns & Refunds,Returns & Refunds,refund_status,False
TK-243773,Warranty & Repair,Audio Quality,audio,True
TK-243774,Delivery & Shipping,Delivery & Shipping,not_delivered,False
TK-243776,Billing & Payments,Billing & Payments,invoice,False
TK-243778,Other,Warranty & Repair,warranty_repair,True
TK-243779,Account & Login,Account & Login,login,False
TK-243780,Product Enquiry,Product Enquiry,enquiry,False
TK-243782,Charging & Battery,Charging & Battery,battery,False
TK-243784,Connectivity,Connectivity,connectivity,False
TK-243786,Connectivity,Connectivity,connectivity,False
TK-243787,Warranty & Repair,Delivery & Shipping,damaged_wrong,True
TK-243789,Connectivity,Returns & Refunds,refund_generic,True
TK-243790,Other,Delivery & Shipping,not_delivered,True
TK-243791,Delivery & Shipping,Delivery & Shipping,not_delivered,False
TK-243793,Delivery & Shipping,Delivery & Shipping,not_delivered,False
TK-243795,Other,Delivery & Shipping,address_change,True
TK-243796,Delivery & Shipping,Delivery & Shipping,damaged_wrong,False
TK-243797,Other,App & Firmware,app_firmware,True
TK-243798,Other,Charging & Battery,battery,True
TK-243799,Charging & Battery,Charging & Battery,battery,False
TK-243801,Returns & Refunds,Returns & Refunds,refund_status,False
TK-243802,App & Firmware,App & Firmware,app_firmware,False
TK-243804,Billing & Payments,Billing & Payments,invoice,False
TK-243805,Other,Product Enquiry,enquiry,True
TK-243806,Returns & Refunds,Returns & Refunds,return_pickup,False
TK-243807,Delivery & Shipping,Delivery & Shipping,not_delivered,False
TK-243808,Returns & Refunds,Returns & Refunds,return_pickup,False
TK-243809,Billing & Payments,Billing & Payments,dup_payment,False
TK-243810,Returns & Refunds,Returns & Refunds,refund_status,False
TK-243811,Charging & Battery,App & Firmware,app_firmware,True
TK-243812,Other,Billing & Payments,dup_payment,True
TK-243813,Delivery & Shipping,Delivery & Shipping,not_delivered,False
TK-243815,Delivery & Shipping,Delivery & Shipping,not_delivered,False
TK-243816,App & Firmware,App & Firmware,app_firmware,False
TK-243817,Returns & Refunds,Returns & Refunds,refund_status,False
TK-243819,Account & Login,Account & Login,login,False
TK-243820,Billing & Payments,Billing & Payments,dup_payment,False
TK-243822,Returns & Refunds,Delivery & Shipping,not_delivered,True
TK-243823,Warranty & Repair,Returns & Refunds,refund_generic,True
TK-243824,Returns & Refunds,Returns & Refunds,refund_status,False
TK-243825,Returns & Refunds,Returns & Refunds,refund_status,False
TK-243826,Connectivity,Connectivity,connectivity,False
TK-243827,Connectivity,Delivery & Shipping,not_delivered,True
TK-243828,Other,App & Firmware,app_firmware,True
TK-243829,Connectivity,Connectivity,connectivity,False
TK-243831,App & Firmware,App & Firmware,app_firmware,False
TK-243832,Billing & Payments,Returns & Refunds,refund_status,True
TK-243834,Billing & Payments,Billing & Payments,dup_payment,False
TK-243835,Other,Billing & Payments,dup_payment,True
TK-243836,Product Enquiry,Product Enquiry,enquiry,False
TK-243838,Other,Connectivity,connectivity,True
TK-243840,App & Firmware,App & Firmware,app_firmware,False
TK-243842,Product Enquiry,Product Enquiry,enquiry,False
TK-243843,Delivery & Shipping,Delivery & Shipping,not_delivered,False
TK-243844,Account & Login,Account & Login,login,False
TK-243845,Other,Billing & Payments,coupon,True
TK-243847,Delivery & Shipping,Delivery & Shipping,not_delivered,False
TK-243848,Audio Quality,Audio Quality,audio,False
TK-243850,Returns & Refunds,Returns & Refunds,return_pickup,False
TK-243851,Warranty & Repair,Delivery & Shipping,damaged_wrong,True
TK-243853,Product Enquiry,Product Enquiry,enquiry,False
TK-243854,Other,Billing & Payments,cancel,True
TK-243855,Delivery & Shipping,Billing & Payments,dup_payment,True
TK-243856,Billing & Payments,Billing & Payments,dup_payment,False
TK-243858,Billing & Payments,Billing & Payments,invoice,False
TK-243859,Delivery & Shipping,Delivery & Shipping,address_change,False
TK-243860,Connectivity,App & Firmware,app_firmware,True
TK-243861,Warranty & Repair,Warranty & Repair,warranty_repair,False
TK-243862,Billing & Payments,Billing & Payments,dup_payment,False
TK-243864,Connectivity,Connectivity,connectivity,False
TK-243865,Audio Quality,Audio Quality,audio,False
TK-243866,Account & Login,Billing & Payments,invoice,True
TK-243867,Connectivity,Connectivity,connectivity,False
TK-243868,Connectivity,Connectivity,connectivity,False
TK-243870,Warranty & Repair,Warranty & Repair,warranty_repair,False
TK-243872,Returns & Refunds,Returns & Refunds,refund_status,False
TK-243874,Delivery & Shipping,Delivery & Shipping,not_delivered,False
TK-243875,Delivery & Shipping,Delivery & Shipping,not_delivered,False
TK-243876,Audio Quality,Audio Quality,audio,False
TK-243877,Delivery & Shipping,Delivery & Shipping,not_delivered,False
TK-243879,Billing & Payments,Billing & Payments,coupon,False
TK-243880,Delivery & Shipping,Delivery & Shipping,not_delivered,False
TK-243881,Warranty & Repair,Audio Quality,audio,True
TK-243882,Returns & Refunds,Returns & Refunds,refund_status,False
TK-243884,Other,Warranty & Repair,warranty_repair,True
TK-243885,Billing & Payments,Billing & Payments,coupon,False
TK-243886,Billing & Payments,Billing & Payments,dup_payment,False
TK-243887,Product Enquiry,Product Enquiry,enquiry,False
TK-243889,Product Enquiry,Other,unclassified,False
TK-243890,App & Firmware,App & Firmware,app_firmware,False
TK-243891,Returns & Refunds,Returns & Refunds,return_pickup,False
TK-243892,App & Firmware,App & Firmware,app_firmware,False
TK-243893,Billing & Payments,Billing & Payments,dup_payment,False
TK-243894,Product Enquiry,Product Enquiry,enquiry,False
TK-243895,Billing & Payments,Billing & Payments,coupon,False
TK-243896,Connectivity,Connectivity,connectivity,False
TK-243897,Billing & Payments,Billing & Payments,coupon,False
TK-243898,Billing & Payments,Billing & Payments,dup_payment,False
TK-243899,Billing & Payments,Billing & Payments,invoice,False
TK-243900,Billing & Payments,Billing & Payments,dup_payment,False
TK-243902,Billing & Payments,Billing & Payments,invoice,False
TK-243903,Warranty & Repair,Charging & Battery,battery,True
TK-243905,Product Enquiry,Product Enquiry,enquiry,False
TK-243906,Delivery & Shipping,Delivery & Shipping,not_delivered,False
TK-243907,Returns & Refunds,Returns & Refunds,return_pickup,False
TK-243909,Audio Quality,Delivery & Shipping,damaged_wrong,True
TK-243911,Returns & Refunds,Returns & Refunds,return_pickup,False
TK-243912,Billing & Payments,Billing & Payments,coupon,False
TK-243914,Billing & Payments,Billing & Payments,dup_payment,False
TK-243916,App & Firmware,Other,unclassified,False
TK-243917,Billing & Payments,Billing & Payments,coupon,False
TK-243918,Connectivity,Audio Quality,audio,True
TK-243919,Connectivity,App & Firmware,app_firmware,True
TK-243920,Product Enquiry,Product Enquiry,enquiry,False
TK-243921,Returns & Refunds,Returns & Refunds,return_pickup,False
TK-243922,Delivery & Shipping,Delivery & Shipping,not_delivered,False
TK-243923,Other,Delivery & Shipping,address_change,True
TK-243925,Product Enquiry,Product Enquiry,enquiry,False
TK-243926,Billing & Payments,Billing & Payments,coupon,False
TK-243928,Connectivity,Connectivity,connectivity,False
TK-243930,Billing & Payments,Returns & Refunds,refund_status,True
TK-243931,Delivery & Shipping,Delivery & Shipping,not_delivered,False
TK-243932,Audio Quality,Audio Quality,audio,False
TK-243933,Charging & Battery,Charging & Battery,battery,False
TK-243934,Delivery & Shipping,Delivery & Shipping,not_delivered,False
TK-243935,Other,Product Enquiry,enquiry,True
TK-243937,Account & Login,Account & Login,login,False
TK-243939,Connectivity,Connectivity,connectivity,False
TK-243940,Audio Quality,Audio Quality,mic_issue,False
TK-243941,Connectivity,Connectivity,connectivity,False
TK-243943,Audio Quality,Audio Quality,audio,False
TK-243944,Billing & Payments,Billing & Payments,cancel,False
TK-243945,Charging & Battery,Charging & Battery,battery,False
TK-243946,Other,Billing & Payments,cancel,True
TK-243947,Product Enquiry,Product Enquiry,enquiry,False
TK-243948,Other,Billing & Payments,cancel,True
TK-243949,Returns & Refunds,Returns & Refunds,refund_status,False
TK-243950,Delivery & Shipping,Delivery & Shipping,not_delivered,False
TK-243951,App & Firmware,Charging & Battery,battery,True
TK-243952,Delivery & Shipping,Delivery & Shipping,not_delivered,False
TK-243953,Delivery & Shipping,Delivery & Shipping,not_delivered,False
TK-243954,Billing & Payments,Billing & Payments,coupon,False
TK-243955,Delivery & Shipping,Delivery & Shipping,damaged_wrong,False
TK-243956,Product Enquiry,Product Enquiry,enquiry,False
TK-243957,Other,Billing & Payments,coupon,True
TK-243958,Returns & Refunds,Delivery & Shipping,not_delivered,True
TK-243960,Warranty & Repair,Warranty & Repair,warranty_repair,False
TK-243961,Returns & Refunds,Returns & Refunds,refund_status,False
TK-243962,Billing & Payments,Delivery & Shipping,not_delivered,True
TK-243963,Returns & Refunds,Returns & Refunds,refund_status,False
TK-243964,Other,Billing & Payments,cancel,True
TK-243965,Returns & Refunds,Returns & Refunds,refund_status,False
TK-243966,Billing & Payments,Billing & Payments,dup_payment,False
TK-243967,Product Enquiry,Product Enquiry,enquiry,False
TK-243969,Other,Billing & Payments,cancel,True
TK-243971,Other,Billing & Payments,cancel,True
TK-243972,Warranty & Repair,Delivery & Shipping,damaged_wrong,True
TK-243973,Charging & Battery,App & Firmware,app_firmware,True
TK-243974,Audio Quality,Audio Quality,audio,False
TK-243975,Connectivity,Connectivity,connectivity,False
TK-243976,Delivery & Shipping,Returns & Refunds,return_pickup,True
TK-243977,Billing & Payments,Billing & Payments,invoice,False
TK-243978,Other,Delivery & Shipping,address_change,True
TK-243979,Delivery & Shipping,Delivery & Shipping,not_delivered,False
TK-243980,Delivery & Shipping,Delivery & Shipping,damaged_wrong,False
TK-243981,Other,Delivery & Shipping,not_delivered,True
TK-243982,Other,Billing & Payments,dup_payment,True
TK-243983,Delivery & Shipping,Delivery & Shipping,damaged_wrong,False
TK-243985,Product Enquiry,Product Enquiry,enquiry,False
TK-243986,Billing & Payments,Billing & Payments,dup_payment,False
TK-243987,Other,Billing & Payments,cancel,True
TK-243988,Delivery & Shipping,Delivery & Shipping,not_delivered,False
TK-243989,Connectivity,Connectivity,connectivity,False
TK-243991,Billing & Payments,Billing & Payments,dup_payment,False
TK-243992,Billing & Payments,Billing & Payments,dup_payment,False
TK-243993,Delivery & Shipping,Delivery & Shipping,not_delivered,False
TK-243994,Billing & Payments,Billing & Payments,dup_payment,False
TK-243995,Connectivity,Connectivity,connectivity,False
TK-243997,Returns & Refunds,Returns & Refunds,return_pickup,False
TK-243998,Billing & Payments,Billing & Payments,dup_payment,False
TK-243999,Other,Billing & Payments,dup_payment,True
TK-244000,Delivery & Shipping,Delivery & Shipping,not_delivered,False
TK-244001,Charging & Battery,Audio Quality,audio,True
TK-244002,Connectivity,Connectivity,connectivity,False
TK-244004,Billing & Payments,Connectivity,connectivity,True
TK-244005,Billing & Payments,Returns & Refunds,refund_status,True
TK-244007,Product Enquiry,Product Enquiry,enquiry,False
TK-244008,Other,Product Enquiry,enquiry,True
TK-244009,Other,Connectivity,connectivity,True
TK-244010,Delivery & Shipping,Delivery & Shipping,damaged_wrong,False
TK-244011,Billing & Payments,Billing & Payments,invoice,False
TK-244012,Billing & Payments,Connectivity,connectivity,True
TK-244013,Other,Billing & Payments,invoice,True
TK-244014,App & Firmware,App & Firmware,app_firmware,False
TK-244016,App & Firmware,App & Firmware,app_firmware,False
TK-244017,Product Enquiry,Product Enquiry,enquiry,False
TK-244019,Returns & Refunds,Returns & Refunds,refund_generic,False
TK-244020,Audio Quality,Audio Quality,audio,False
TK-244021,App & Firmware,App & Firmware,app_firmware,False
TK-244022,Delivery & Shipping,Delivery & Shipping,damaged_wrong,False
TK-244023,Other,Delivery & Shipping,not_delivered,True
TK-244025,Billing & Payments,Billing & Payments,dup_payment,False
TK-244027,Warranty & Repair,Delivery & Shipping,not_delivered,True
TK-244028,Returns & Refunds,Returns & Refunds,refund_status,False
TK-244029,Billing & Payments,Returns & Refunds,refund_status,True
TK-244030,Audio Quality,Audio Quality,mic_issue,False
TK-244031,Audio Quality,Audio Quality,audio,False
TK-244033,Other,Billing & Payments,dup_payment,True
TK-244035,Delivery & Shipping,Delivery & Shipping,not_delivered,False
TK-244037,App & Firmware,App & Firmware,app_firmware,False
TK-244038,Billing & Payments,Billing & Payments,coupon,False
TK-244040,Delivery & Shipping,Delivery & Shipping,not_delivered,False
TK-244041,Delivery & Shipping,Delivery & Shipping,not_delivered,False
TK-244042,Delivery & Shipping,Delivery & Shipping,not_delivered,False
TK-244043,Delivery & Shipping,Delivery & Shipping,not_delivered,False
TK-244045,Billing & Payments,Billing & Payments,coupon,False
TK-244046,Billing & Payments,Billing & Payments,dup_payment,False
TK-244047,Delivery & Shipping,Delivery & Shipping,not_delivered,False
TK-244049,Connectivity,Audio Quality,audio,True
TK-244051,Account & Login,Account & Login,login,False
TK-244052,Connectivity,Connectivity,connectivity,False
TK-244053,Delivery & Shipping,Delivery & Shipping,not_delivered,False
TK-244055,Charging & Battery,Other,unclassified,False
TK-244056,Connectivity,Connectivity,connectivity,False
TK-244057,Warranty & Repair,Audio Quality,audio,True
TK-244059,Product Enquiry,Product Enquiry,enquiry,False
TK-244060,Billing & Payments,Billing & Payments,coupon,False
TK-244061,Delivery & Shipping,Delivery & Shipping,not_delivered,False
TK-244062,Returns & Refunds,Returns & Refunds,refund_status,False
TK-244063,Audio Quality,Audio Quality,audio,False
TK-244064,Returns & Refunds,Returns & Refunds,refund_status,False
TK-244065,Other,Billing & Payments,cancel,True
TK-244066,Delivery & Shipping,Delivery & Shipping,not_delivered,False
TK-244067,Delivery & Shipping,Delivery & Shipping,damaged_wrong,False
TK-244069,Product Enquiry,Product Enquiry,enquiry,False
TK-244070,Returns & Refunds,Returns & Refunds,refund_status,False
TK-244071,Billing & Payments,Billing & Payments,dup_payment,False
TK-244072,Billing & Payments,Billing & Payments,invoice,False
TK-244073,Other,Delivery & Shipping,address_change,True
TK-244075,Delivery & Shipping,Delivery & Shipping,damaged_wrong,False
TK-244076,Connectivity,Connectivity,connectivity,False
TK-244077,Connectivity,Connectivity,connectivity,False
TK-244078,Charging & Battery,Charging & Battery,battery,False
TK-244079,Other,Billing & Payments,cancel,True
TK-244080,Billing & Payments,Billing & Payments,dup_payment,False
TK-244081,Audio Quality,Returns & Refunds,refund_generic,True
TK-244083,Connectivity,Connectivity,connectivity,False
TK-244084,Billing & Payments,Returns & Refunds,refund_status,True
TK-244085,Other,Billing & Payments,invoice,True
TK-244086,App & Firmware,App & Firmware,app_firmware,False
TK-244087,Charging & Battery,Charging & Battery,battery,False
TK-244089,Connectivity,Connectivity,connectivity,False
TK-244091,Delivery & Shipping,Delivery & Shipping,not_delivered,False
TK-244092,Account & Login,Billing & Payments,invoice,True
TK-244093,Other,Billing & Payments,cancel,True
TK-244094,Product Enquiry,Product Enquiry,enquiry,False
TK-244095,Connectivity,Connectivity,connectivity,False
TK-244096,Product Enquiry,Product Enquiry,enquiry,False
TK-244097,App & Firmware,App & Firmware,app_firmware,False
TK-244098,Warranty & Repair,Warranty & Repair,warranty_repair,False
TK-244099,Delivery & Shipping,Returns & Refunds,return_pickup,True
TK-244100,Billing & Payments,Billing & Payments,dup_payment,False
TK-244101,Connectivity,Connectivity,connectivity,False
TK-244102,Connectivity,Connectivity,connectivity,False
TK-244103,Billing & Payments,Billing & Payments,invoice,False
TK-244104,Delivery & Shipping,Delivery & Shipping,not_delivered,False
TK-244105,Other,Billing & Payments,dup_payment,True
TK-244106,Other,Product Enquiry,enquiry,True
TK-244107,Billing & Payments,Billing & Payments,coupon,False
TK-244109,Billing & Payments,Billing & Payments,dup_payment,False
TK-244110,Returns & Refunds,Delivery & Shipping,not_delivered,True
TK-244111,Charging & Battery,Billing & Payments,dup_payment,True
TK-244112,Charging & Battery,Charging & Battery,battery,False
TK-244114,Other,Account & Login,login,True
TK-244115,Delivery & Shipping,Delivery & Shipping,not_delivered,False
TK-244116,Connectivity,Connectivity,connectivity,False
TK-244117,Other,Delivery & Shipping,address_change,True
TK-244118,Delivery & Shipping,Delivery & Shipping,not_delivered,False
TK-244119,Billing & Payments,Billing & Payments,invoice,False
TK-244121,Charging & Battery,Charging & Battery,battery,False
TK-244122,App & Firmware,App & Firmware,app_firmware,False
TK-244123,Product Enquiry,Product Enquiry,enquiry,False
TK-244125,Connectivity,Connectivity,connectivity,False
TK-244127,Delivery & Shipping,Delivery & Shipping,not_delivered,False
TK-244128,Billing & Payments,Billing & Payments,invoice,False
TK-244130,Billing & Payments,Other,unclassified,False
TK-244132,Billing & Payments,Billing & Payments,invoice,False
TK-244133,Delivery & Shipping,Delivery & Shipping,not_delivered,False
TK-244135,Delivery & Shipping,Delivery & Shipping,damaged_wrong,False
TK-244136,Other,Billing & Payments,cancel,True
TK-244137,App & Firmware,App & Firmware,app_firmware,False
TK-244138,Other,Delivery & Shipping,not_delivered,True
TK-244139,Product Enquiry,Product Enquiry,enquiry,False
TK-244140,Other,Delivery & Shipping,address_change,True
TK-244141,Warranty & Repair,Warranty & Repair,warranty_repair,False
TK-244142,Product Enquiry,Product Enquiry,enquiry,False
TK-244144,Billing & Payments,Billing & Payments,coupon,False
TK-244145,Billing & Payments,Billing & Payments,dup_payment,False
TK-244146,Connectivity,Connectivity,connectivity,False
TK-244147,Other,Billing & Payments,cancel,True
TK-244148,Product Enquiry,Product Enquiry,enquiry,False
TK-244149,Warranty & Repair,Warranty & Repair,warranty_repair,False
TK-244150,Returns & Refunds,Returns & Refunds,return_pickup,False
TK-244151,Delivery & Shipping,Delivery & Shipping,not_delivered,False
TK-244153,Billing & Payments,Billing & Payments,dup_payment,False
TK-244154,Delivery & Shipping,Delivery & Shipping,not_delivered,False
TK-244156,App & Firmware,Account & Login,login,True
TK-244157,Delivery & Shipping,Delivery & Shipping,not_delivered,False
TK-244159,Warranty & Repair,Warranty & Repair,warranty_repair,False
TK-244161,Connectivity,Connectivity,connectivity,False
TK-244163,Connectivity,Connectivity,connectivity,False
TK-244164,Other,Billing & Payments,dup_payment,True
TK-244165,Delivery & Shipping,Delivery & Shipping,damaged_wrong,False
TK-244167,Returns & Refunds,Returns & Refunds,refund_status,False
TK-244168,Warranty & Repair,Returns & Refunds,refund_generic,True
TK-244169,Audio Quality,Audio Quality,audio,False
TK-244170,Charging & Battery,Charging & Battery,battery,False
TK-244171,Delivery & Shipping,Delivery & Shipping,not_delivered,False
TK-244173,Delivery & Shipping,Delivery & Shipping,damaged_wrong,False
TK-244175,Connectivity,Connectivity,connectivity,False
TK-244177,Other,Billing & Payments,cancel,True
TK-244178,Other,Delivery & Shipping,not_delivered,True
TK-244180,Billing & Payments,Billing & Payments,coupon,False
TK-244181,Connectivity,Connectivity,connectivity,False
TK-244182,Delivery & Shipping,Delivery & Shipping,damaged_wrong,False
TK-244184,Delivery & Shipping,Delivery & Shipping,not_delivered,False
TK-244186,Connectivity,Connectivity,connectivity,False
TK-244188,Billing & Payments,Billing & Payments,dup_payment,False
TK-244189,Connectivity,Connectivity,connectivity,False
TK-244190,Returns & Refunds,Returns & Refunds,refund_status,False
TK-244191,Product Enquiry,Product Enquiry,enquiry,False
TK-244193,Other,Delivery & Shipping,not_delivered,True
TK-244194,Returns & Refunds,Returns & Refunds,refund_status,False
TK-244195,Other,Delivery & Shipping,not_delivered,True
TK-244196,Warranty & Repair,Delivery & Shipping,not_delivered,True
TK-244197,App & Firmware,Account & Login,login,True
TK-244198,Returns & Refunds,Returns & Refunds,return_pickup,False
TK-244199,App & Firmware,App & Firmware,app_firmware,False
TK-244200,Billing & Payments,Billing & Payments,invoice,False
TK-244201,Delivery & Shipping,Delivery & Shipping,not_delivered,False
TK-244202,Returns & Refunds,Delivery & Shipping,not_delivered,True
TK-244203,Returns & Refunds,Returns & Refunds,refund_status,False
TK-244204,Delivery & Shipping,Delivery & Shipping,not_delivered,False
TK-244206,Account & Login,Account & Login,login,False
TK-244207,Billing & Payments,Billing & Payments,coupon,False
TK-244208,Product Enquiry,Billing & Payments,coupon,True
TK-244209,Delivery & Shipping,Delivery & Shipping,damaged_wrong,False
TK-244210,Billing & Payments,Billing & Payments,dup_payment,False
TK-244212,Charging & Battery,Charging & Battery,battery,False
TK-244214,Product Enquiry,Product Enquiry,enquiry,False
TK-244215,Product Enquiry,Product Enquiry,enquiry,False
TK-244216,Returns & Refunds,Returns & Refunds,refund_status,False
TK-244217,Other,Delivery & Shipping,address_change,True
TK-244218,Charging & Battery,Charging & Battery,battery,False
TK-244219,Delivery & Shipping,Delivery & Shipping,not_delivered,False
TK-244220,Delivery & Shipping,Delivery & Shipping,damaged_wrong,False
TK-244221,Returns & Refunds,Returns & Refunds,return_pickup,False
TK-244222,Other,Billing & Payments,cancel,True
TK-244224,Returns & Refunds,Returns & Refunds,return_pickup,False
TK-244225,Warranty & Repair,Delivery & Shipping,damaged_wrong,True
TK-244226,Other,App & Firmware,app_firmware,True
TK-244227,Other,Product Enquiry,enquiry,True
TK-244228,Returns & Refunds,Returns & Refunds,return_pickup,False
TK-244230,Connectivity,App & Firmware,app_firmware,True
TK-244231,Delivery & Shipping,Billing & Payments,dup_payment,True
TK-244232,Account & Login,Account & Login,login,False
TK-244233,Returns & Refunds,Returns & Refunds,return_pickup,False
TK-244234,Billing & Payments,Other,unclassified,False
TK-244235,App & Firmware,App & Firmware,app_firmware,False
TK-244236,Billing & Payments,Billing & Payments,dup_payment,False
TK-244237,Billing & Payments,Billing & Payments,dup_payment,False
TK-244239,Connectivity,Connectivity,connectivity,False
TK-244240,Returns & Refunds,Returns & Refunds,refund_status,False
TK-244241,Delivery & Shipping,Delivery & Shipping,not_delivered,False
TK-244242,Connectivity,Connectivity,connectivity,False
TK-244243,Audio Quality,Audio Quality,mic_issue,False
TK-244245,Returns & Refunds,Returns & Refunds,refund_status,False
TK-244246,Billing & Payments,Other,unclassified,False
TK-244247,Returns & Refunds,Returns & Refunds,refund_status,False
TK-244249,Charging & Battery,Billing & Payments,dup_payment,True
TK-244251,Billing & Payments,App & Firmware,app_firmware,True
TK-244253,Audio Quality,Other,unclassified,False
TK-244254,Billing & Payments,Billing & Payments,invoice,False
TK-244255,Account & Login,Billing & Payments,invoice,True
TK-244257,Warranty & Repair,Other,unclassified,False
TK-244258,Audio Quality,Audio Quality,mic_issue,False
TK-244259,Returns & Refunds,Returns & Refunds,refund_status,False
TK-244260,Billing & Payments,Billing & Payments,coupon,False
TK-244261,Audio Quality,Audio Quality,audio,False
TK-244262,Connectivity,Connectivity,connectivity,False
TK-244263,Account & Login,Account & Login,login,False
TK-244264,Returns & Refunds,Delivery & Shipping,not_delivered,True
TK-244265,Billing & Payments,Returns & Refunds,refund_status,True
TK-244266,Other,Delivery & Shipping,not_delivered,True
TK-244267,Charging & Battery,Billing & Payments,dup_payment,True
TK-244268,Other,Billing & Payments,cancel,True
TK-244269,Other,Product Enquiry,enquiry,True
TK-244270,Delivery & Shipping,Delivery & Shipping,not_delivered,False
TK-244271,Billing & Payments,Billing & Payments,dup_payment,False
TK-244272,Billing & Payments,Billing & Payments,invoice,False
TK-244273,Billing & Payments,Billing & Payments,invoice,False
TK-244274,Billing & Payments,Billing & Payments,dup_payment,False
TK-244275,Warranty & Repair,Other,unclassified,False
TK-244276,Other,Billing & Payments,cancel,True
TK-244277,Connectivity,Connectivity,connectivity,False
TK-244278,App & Firmware,App & Firmware,app_firmware,False
TK-244279,Delivery & Shipping,Delivery & Shipping,damaged_wrong,False
TK-244280,Delivery & Shipping,Delivery & Shipping,damaged_wrong,False
TK-244281,Other,Product Enquiry,enquiry,True
TK-244282,Returns & Refunds,Returns & Refunds,return_pickup,False
TK-244284,Returns & Refunds,Returns & Refunds,return_pickup,False
TK-244286,Connectivity,Other,unclassified,False
TK-244287,Returns & Refunds,Returns & Refunds,refund_status,False
TK-244289,Charging & Battery,Charging & Battery,battery,False
TK-244290,Product Enquiry,Product Enquiry,enquiry,False
TK-244291,Warranty & Repair,Warranty & Repair,warranty_repair,False
TK-244292,Product Enquiry,Product Enquiry,enquiry,False
TK-244293,Returns & Refunds,Returns & Refunds,return_pickup,False
TK-244294,Other,Delivery & Shipping,not_delivered,True
TK-244296,Connectivity,Connectivity,connectivity,False
TK-244297,Other,Product Enquiry,enquiry,True
TK-244299,Returns & Refunds,Returns & Refunds,refund_status,False
TK-244300,Billing & Payments,Billing & Payments,coupon,False
TK-244301,App & Firmware,App & Firmware,app_firmware,False
TK-244302,Returns & Refunds,Returns & Refunds,return_pickup,False
TK-244303,Connectivity,Connectivity,connectivity,False
TK-244304,Returns & Refunds,Delivery & Shipping,not_delivered,True
TK-244305,Delivery & Shipping,Delivery & Shipping,not_delivered,False
TK-244307,Returns & Refunds,Returns & Refunds,refund_status,False
TK-244308,Other,Charging & Battery,battery,True
TK-244309,Billing & Payments,Billing & Payments,dup_payment,False
TK-244310,Charging & Battery,Charging & Battery,battery,False
TK-244311,Delivery & Shipping,Delivery & Shipping,not_delivered,False
TK-244313,Other,Charging & Battery,battery,True
TK-244314,Delivery & Shipping,Delivery & Shipping,not_delivered,False
TK-244316,Billing & Payments,Billing & Payments,invoice,False
TK-244317,Other,Billing & Payments,dup_payment,True
TK-244318,Delivery & Shipping,Returns & Refunds,return_pickup,True
TK-244319,Billing & Payments,Billing & Payments,dup_payment,False
TK-244320,Account & Login,Account & Login,login,False
TK-244322,Returns & Refunds,Returns & Refunds,return_pickup,False
TK-244324,Product Enquiry,Product Enquiry,enquiry,False
TK-244325,Returns & Refunds,Returns & Refunds,refund_status,False
TK-244326,Other,Product Enquiry,enquiry,True
TK-244327,Audio Quality,Connectivity,connectivity,True
TK-244328,Other,Delivery & Shipping,address_change,True
TK-244329,Delivery & Shipping,Delivery & Shipping,not_delivered,False
TK-244330,Delivery & Shipping,Delivery & Shipping,damaged_wrong,False
TK-244331,Billing & Payments,Billing & Payments,coupon,False
TK-244332,Charging & Battery,Charging & Battery,battery,False
TK-244334,Account & Login,Account & Login,login,False
TK-244336,Charging & Battery,Charging & Battery,battery,False
TK-244337,Delivery & Shipping,Delivery & Shipping,not_delivered,False
TK-244338,Other,Billing & Payments,cancel,True
TK-244339,Charging & Battery,Billing & Payments,dup_payment,True
TK-244340,Delivery & Shipping,Delivery & Shipping,not_delivered,False
TK-244341,Other,Delivery & Shipping,not_delivered,True
TK-244342,Product Enquiry,Product Enquiry,enquiry,False
TK-244344,Warranty & Repair,Warranty & Repair,warranty_repair,False
TK-244345,Returns & Refunds,Returns & Refunds,refund_status,False
TK-244346,Delivery & Shipping,Delivery & Shipping,damaged_wrong,False
TK-244348,Audio Quality,Connectivity,connectivity,True
TK-244350,App & Firmware,Charging & Battery,battery,True
TK-244351,Charging & Battery,Other,unclassified,False
TK-244352,Connectivity,Connectivity,connectivity,False
TK-244353,Account & Login,Other,unclassified,False
TK-244354,Delivery & Shipping,Delivery & Shipping,not_delivered,False
TK-244356,Connectivity,Connectivity,connectivity,False
TK-244357,Other,Account & Login,login,True
TK-244359,Delivery & Shipping,Delivery & Shipping,not_delivered,False
TK-244360,Audio Quality,Connectivity,connectivity,True
TK-244361,Billing & Payments,Billing & Payments,coupon,False
TK-244362,Delivery & Shipping,Delivery & Shipping,not_delivered,False
TK-244363,App & Firmware,App & Firmware,app_firmware,False
TK-244364,Product Enquiry,Product Enquiry,enquiry,False
TK-244365,Billing & Payments,Billing & Payments,invoice,False
TK-244366,Connectivity,Connectivity,connectivity,False
TK-244367,Other,Billing & Payments,cancel,True
TK-244369,Delivery & Shipping,Delivery & Shipping,damaged_wrong,False
TK-244370,Warranty & Repair,Warranty & Repair,warranty_repair,False
TK-244371,Billing & Payments,Billing & Payments,dup_payment,False
TK-244372,Charging & Battery,Charging & Battery,battery,False
TK-244373,Audio Quality,Audio Quality,mic_issue,False
TK-244374,Returns & Refunds,Returns & Refunds,refund_status,False
TK-244375,App & Firmware,Connectivity,connectivity,True
TK-244377,Other,Connectivity,connectivity,True
TK-244378,Returns & Refunds,Returns & Refunds,return_pickup,False
TK-244380,Billing & Payments,Billing & Payments,dup_payment,False
TK-244381,Delivery & Shipping,Delivery & Shipping,not_delivered,False
TK-244382,Audio Quality,Delivery & Shipping,not_delivered,True
TK-244383,Delivery & Shipping,Delivery & Shipping,not_delivered,False
TK-244384,Delivery & Shipping,Delivery & Shipping,damaged_wrong,False
TK-244385,Connectivity,Connectivity,connectivity,False
TK-244387,Charging & Battery,Charging & Battery,battery,False
TK-244389,Billing & Payments,Billing & Payments,dup_payment,False
TK-244391,Charging & Battery,Charging & Battery,battery,False
TK-244392,Delivery & Shipping,Billing & Payments,dup_payment,True
TK-244393,Connectivity,App & Firmware,app_firmware,True
TK-244394,Charging & Battery,Charging & Battery,battery,False
TK-244395,Other,Delivery & Shipping,address_change,True
TK-244396,Product Enquiry,Product Enquiry,enquiry,False
TK-244398,Billing & Payments,Billing & Payments,invoice,False
TK-244399,App & Firmware,Charging & Battery,battery,True
TK-244400,Other,Billing & Payments,cancel,True
TK-244402,Connectivity,Audio Quality,mic_issue,True
TK-244404,Other,Billing & Payments,dup_payment,True
TK-244405,Billing & Payments,Billing & Payments,invoice,False
TK-244407,Other,Delivery & Shipping,not_delivered,True
TK-244408,Returns & Refunds,Returns & Refunds,refund_status,False
TK-244409,Delivery & Shipping,Delivery & Shipping,not_delivered,False
TK-244410,Returns & Refunds,Returns & Refunds,refund_status,False
TK-244411,Audio Quality,Audio Quality,audio,False
TK-244412,Billing & Payments,Billing & Payments,dup_payment,False
TK-244414,Product Enquiry,Returns & Refunds,refund_generic,True
TK-244415,Audio Quality,Audio Quality,audio,False
TK-244417,Returns & Refunds,Delivery & Shipping,not_delivered,True
TK-244418,Connectivity,Connectivity,connectivity,False
TK-244419,Delivery & Shipping,Delivery & Shipping,not_delivered,False
TK-244421,Charging & Battery,Charging & Battery,battery,False
TK-244422,Audio Quality,Audio Quality,audio,False
TK-244423,Delivery & Shipping,Billing & Payments,dup_payment,True
TK-244424,Other,Product Enquiry,enquiry,True
TK-244425,Other,Delivery & Shipping,not_delivered,True
TK-244426,Connectivity,Connectivity,connectivity,False
TK-244427,App & Firmware,App & Firmware,app_firmware,False
TK-244428,Other,Billing & Payments,cancel,True
TK-244429,Product Enquiry,Product Enquiry,enquiry,False
TK-244430,Warranty & Repair,Warranty & Repair,warranty_repair,False
TK-244432,Delivery & Shipping,Delivery & Shipping,not_delivered,False
TK-244433,Product Enquiry,Product Enquiry,enquiry,False
TK-244435,Delivery & Shipping,Delivery & Shipping,not_delivered,False
TK-244436,Connectivity,Connectivity,connectivity,False
TK-244437,Other,Billing & Payments,dup_payment,True
TK-244438,Other,Billing & Payments,cancel,True
TK-244439,Other,Delivery & Shipping,not_delivered,True
TK-244440,Charging & Battery,Billing & Payments,dup_payment,True
TK-244441,Warranty & Repair,Warranty & Repair,warranty_repair,False
TK-244442,Billing & Payments,Connectivity,connectivity,True
TK-244443,Charging & Battery,App & Firmware,app_firmware,True
TK-244445,Connectivity,Connectivity,connectivity,False
TK-244447,Returns & Refunds,Returns & Refunds,return_pickup,False
TK-244448,App & Firmware,Billing & Payments,dup_payment,True
TK-244449,Delivery & Shipping,Delivery & Shipping,damaged_wrong,False
TK-244451,Delivery & Shipping,Returns & Refunds,return_pickup,True
TK-244452,Delivery & Shipping,Delivery & Shipping,damaged_wrong,False
TK-244453,Delivery & Shipping,Delivery & Shipping,damaged_wrong,False
TK-244455,Delivery & Shipping,Delivery & Shipping,damaged_wrong,False
TK-244456,Warranty & Repair,Other,unclassified,False
TK-244457,Returns & Refunds,Returns & Refunds,refund_status,False
TK-244458,Delivery & Shipping,Delivery & Shipping,damaged_wrong,False
TK-244460,Returns & Refunds,Returns & Refunds,return_pickup,False
TK-244461,Billing & Payments,Billing & Payments,dup_payment,False
TK-244462,Warranty & Repair,Other,unclassified,False
TK-244463,Connectivity,Connectivity,connectivity,False
TK-244465,Warranty & Repair,Warranty & Repair,warranty_repair,False
TK-244466,Returns & Refunds,Returns & Refunds,refund_status,False
TK-244468,Charging & Battery,Charging & Battery,battery,False
TK-244469,Returns & Refunds,Delivery & Shipping,not_delivered,True
TK-244471,Connectivity,Connectivity,connectivity,False
TK-244472,Audio Quality,Audio Quality,audio,False
TK-244474,Billing & Payments,Billing & Payments,dup_payment,False
TK-244476,Warranty & Repair,Warranty & Repair,warranty_repair,False
TK-244477,Billing & Payments,Billing & Payments,dup_payment,False
TK-244478,Other,Delivery & Shipping,not_delivered,True
TK-244479,Billing & Payments,Billing & Payments,invoice,False
TK-244480,Other,Other,unclassified,False
TK-244481,Returns & Refunds,Returns & Refunds,refund_status,False
TK-244482,Delivery & Shipping,Delivery & Shipping,not_delivered,False
TK-244483,Returns & Refunds,Returns & Refunds,return_pickup,False
TK-244484,Delivery & Shipping,Delivery & Shipping,damaged_wrong,False
TK-244486,Returns & Refunds,Returns & Refunds,refund_status,False
TK-244487,Audio Quality,Audio Quality,audio,False
TK-244488,App & Firmware,App & Firmware,app_firmware,False
TK-244489,Warranty & Repair,Other,unclassified,False
TK-244490,Other,Billing & Payments,cancel,True
TK-244492,Delivery & Shipping,Delivery & Shipping,damaged_wrong,False
TK-244494,Other,Warranty & Repair,warranty_repair,True
TK-244495,Other,Delivery & Shipping,not_delivered,True
TK-244496,Delivery & Shipping,Delivery & Shipping,damaged_wrong,False
TK-244497,Product Enquiry,Product Enquiry,enquiry,False
TK-244498,Delivery & Shipping,Delivery & Shipping,not_delivered,False
TK-244499,Billing & Payments,Billing & Payments,dup_payment,False
TK-244500,Audio Quality,Audio Quality,audio,False
TK-244502,Account & Login,Account & Login,login,False
TK-244503,Returns & Refunds,Returns & Refunds,return_pickup,False
TK-244504,Charging & Battery,Charging & Battery,battery,False
TK-244505,Connectivity,Connectivity,connectivity,False
TK-244506,Other,Billing & Payments,cancel,True
TK-244507,Connectivity,Connectivity,connectivity,False
TK-244508,Other,Connectivity,connectivity,True
TK-244509,Other,Billing & Payments,coupon,True
TK-244510,Billing & Payments,Billing & Payments,invoice,False
TK-244511,Delivery & Shipping,Delivery & Shipping,not_delivered,False
TK-244513,Billing & Payments,Billing & Payments,invoice,False
TK-244515,Delivery & Shipping,Billing & Payments,dup_payment,True
TK-244517,Billing & Payments,Billing & Payments,coupon,False
TK-244519,Returns & Refunds,Delivery & Shipping,not_delivered,True
TK-244520,Connectivity,Connectivity,connectivity,False
TK-244522,Charging & Battery,Audio Quality,audio,True
TK-244523,Product Enquiry,Product Enquiry,enquiry,False
TK-244524,Delivery & Shipping,Delivery & Shipping,damaged_wrong,False
TK-244525,Warranty & Repair,Warranty & Repair,warranty_repair,False
TK-244526,Delivery & Shipping,Delivery & Shipping,not_delivered,False
TK-244528,Other,Audio Quality,audio,True
TK-244529,Billing & Payments,Billing & Payments,coupon,False
TK-244530,Connectivity,Connectivity,connectivity,False
TK-244531,Billing & Payments,Billing & Payments,invoice,False
TK-244532,Delivery & Shipping,Delivery & Shipping,not_delivered,False
TK-244533,Other,Delivery & Shipping,not_delivered,True
TK-244535,Delivery & Shipping,Delivery & Shipping,damaged_wrong,False
TK-244536,Warranty & Repair,Delivery & Shipping,damaged_wrong,True
TK-244538,Delivery & Shipping,Billing & Payments,dup_payment,True
TK-244539,Audio Quality,Audio Quality,audio,False
TK-244541,Connectivity,App & Firmware,app_firmware,True
TK-244543,Connectivity,Connectivity,connectivity,False
TK-244544,Connectivity,Connectivity,connectivity,False
TK-244545,Delivery & Shipping,Delivery & Shipping,not_delivered,False
TK-244546,Billing & Payments,Billing & Payments,coupon,False
TK-244547,Delivery & Shipping,Billing & Payments,cancel,True
TK-244548,App & Firmware,App & Firmware,app_firmware,False
TK-244549,Billing & Payments,Billing & Payments,dup_payment,False
TK-244550,Warranty & Repair,Warranty & Repair,warranty_repair,False
TK-244551,Other,Other,unclassified,False
TK-244553,App & Firmware,App & Firmware,app_firmware,False
TK-244554,Billing & Payments,Charging & Battery,battery,True
TK-244555,Returns & Refunds,Returns & Refunds,refund_status,False
TK-244556,Billing & Payments,Billing & Payments,dup_payment,False
TK-244558,Connectivity,Connectivity,connectivity,False
TK-244559,Other,Delivery & Shipping,address_change,True
TK-244560,Delivery & Shipping,Returns & Refunds,return_pickup,True
TK-244562,Connectivity,App & Firmware,app_firmware,True
TK-244564,Delivery & Shipping,Delivery & Shipping,not_delivered,False
TK-244565,Billing & Payments,Billing & Payments,invoice,False
TK-244566,Returns & Refunds,Delivery & Shipping,damaged_wrong,True
TK-244567,Audio Quality,Returns & Refunds,return_pickup,True
TK-244568,Other,Delivery & Shipping,not_delivered,True
TK-244569,Billing & Payments,Connectivity,connectivity,True
TK-244570,App & Firmware,App & Firmware,app_firmware,False
TK-244571,Connectivity,Audio Quality,audio,True
TK-244572,Warranty & Repair,Delivery & Shipping,not_delivered,True
TK-244573,Delivery & Shipping,Delivery & Shipping,not_delivered,False
TK-244575,Connectivity,Connectivity,connectivity,False
TK-244576,Returns & Refunds,Returns & Refunds,return_pickup,False
TK-244577,Warranty & Repair,Warranty & Repair,warranty_repair,False
TK-244578,Billing & Payments,Billing & Payments,dup_payment,False
TK-244579,Charging & Battery,Charging & Battery,battery,False
TK-244580,Returns & Refunds,Returns & Refunds,refund_status,False
TK-244581,Audio Quality,Audio Quality,mic_issue,False
TK-244582,Delivery & Shipping,Delivery & Shipping,not_delivered,False
TK-244583,Billing & Payments,Billing & Payments,dup_payment,False
TK-244584,Returns & Refunds,Returns & Refunds,refund_status,False
TK-244585,Returns & Refunds,Returns & Refunds,refund_status,False
TK-244586,Returns & Refunds,Returns & Refunds,refund_status,False
TK-244587,App & Firmware,App & Firmware,app_firmware,False
TK-244588,Other,Billing & Payments,cancel,True
TK-244589,Warranty & Repair,Warranty & Repair,warranty_repair,False
TK-244590,Billing & Payments,Billing & Payments,dup_payment,False
TK-244592,Product Enquiry,Product Enquiry,enquiry,False
TK-244593,Other,Billing & Payments,cancel,True
TK-244594,Other,Product Enquiry,enquiry,True
TK-244595,Product Enquiry,Product Enquiry,enquiry,False
TK-244596,Product Enquiry,Product Enquiry,enquiry,False
TK-244597,Other,Product Enquiry,enquiry,True
TK-244598,Connectivity,Connectivity,connectivity,False
TK-244599,Returns & Refunds,Returns & Refunds,refund_status,False
TK-244600,Other,Delivery & Shipping,not_delivered,True
TK-244601,Product Enquiry,Product Enquiry,enquiry,False
TK-244602,Audio Quality,Audio Quality,mic_issue,False
TK-244603,Charging & Battery,Charging & Battery,battery,False
TK-244604,Other,Account & Login,login,True
TK-244605,Billing & Payments,Billing & Payments,dup_payment,False
TK-244606,Returns & Refunds,Returns & Refunds,return_pickup,False
TK-244607,Returns & Refunds,Returns & Refunds,return_pickup,False
TK-244609,Charging & Battery,Charging & Battery,battery,False
TK-244610,Connectivity,App & Firmware,app_firmware,True
TK-244611,App & Firmware,App & Firmware,app_firmware,False
TK-244612,Billing & Payments,Billing & Payments,dup_payment,False
TK-244613,Billing & Payments,Connectivity,connectivity,True
TK-244614,Warranty & Repair,Other,unclassified,False
TK-244615,Connectivity,Connectivity,connectivity,False
TK-244616,Delivery & Shipping,Billing & Payments,dup_payment,True
TK-244617,Returns & Refunds,Returns & Refunds,return_pickup,False
TK-244618,Account & Login,Account & Login,login,False
TK-244619,Returns & Refunds,Delivery & Shipping,damaged_wrong,True
TK-244621,Other,Connectivity,connectivity,True
TK-244622,Billing & Payments,Billing & Payments,coupon,False
TK-244623,Product Enquiry,Product Enquiry,enquiry,False
TK-244624,Other,Billing & Payments,dup_payment,True
TK-244625,Account & Login,Account & Login,login,False
TK-244626,Delivery & Shipping,Delivery & Shipping,not_delivered,False
TK-244627,App & Firmware,Charging & Battery,battery,True
TK-244628,Delivery & Shipping,Delivery & Shipping,damaged_wrong,False
TK-244629,Warranty & Repair,Other,unclassified,False
TK-244631,Other,Connectivity,connectivity,True
TK-244632,Billing & Payments,Billing & Payments,dup_payment,False
TK-244633,Account & Login,Account & Login,login,False
TK-244634,Billing & Payments,Billing & Payments,coupon,False
TK-244635,Connectivity,Connectivity,connectivity,False
TK-244636,Audio Quality,Audio Quality,audio,False
TK-244637,Delivery & Shipping,Delivery & Shipping,not_delivered,False
TK-244638,Other,Delivery & Shipping,not_delivered,True
TK-244640,Returns & Refunds,Returns & Refunds,return_pickup,False
TK-244641,Billing & Payments,Connectivity,connectivity,True
TK-244642,Billing & Payments,Billing & Payments,dup_payment,False
TK-244643,Connectivity,App & Firmware,app_firmware,True
TK-244644,Other,Billing & Payments,cancel,True
TK-244645,Returns & Refunds,Returns & Refunds,return_pickup,False
TK-244646,Delivery & Shipping,Delivery & Shipping,not_delivered,False
TK-244647,Returns & Refunds,Returns & Refunds,refund_status,False
TK-244648,Audio Quality,Audio Quality,mic_issue,False
TK-244649,Billing & Payments,Billing & Payments,dup_payment,False
TK-244651,Billing & Payments,Billing & Payments,dup_payment,False
TK-244653,Warranty & Repair,Warranty & Repair,warranty_repair,False
TK-244654,App & Firmware,App & Firmware,app_firmware,False
TK-244655,Charging & Battery,Charging & Battery,battery,False
TK-244656,Audio Quality,Audio Quality,mic_issue,False
TK-244658,Delivery & Shipping,Delivery & Shipping,not_delivered,False
TK-244659,Other,Delivery & Shipping,damaged_wrong,True
TK-244661,Returns & Refunds,Returns & Refunds,return_pickup,False
TK-244662,Delivery & Shipping,Other,unclassified,False
TK-244664,Audio Quality,Audio Quality,mic_issue,False
TK-244665,Delivery & Shipping,Delivery & Shipping,not_delivered,False
TK-244666,Billing & Payments,Billing & Payments,dup_payment,False
TK-244667,Delivery & Shipping,Delivery & Shipping,not_delivered,False
TK-244668,Delivery & Shipping,Delivery & Shipping,not_delivered,False
TK-244669,Returns & Refunds,Delivery & Shipping,not_delivered,True
TK-244670,Audio Quality,Audio Quality,audio,False
TK-244671,Returns & Refunds,Delivery & Shipping,not_delivered,True
TK-244673,Charging & Battery,Charging & Battery,battery,False
TK-244674,Other,Billing & Payments,cancel,True
TK-244675,Billing & Payments,Returns & Refunds,refund_generic,True
TK-244676,Charging & Battery,Charging & Battery,battery,False
TK-244677,Delivery & Shipping,Delivery & Shipping,address_change,False
TK-244679,Delivery & Shipping,Delivery & Shipping,damaged_wrong,False
TK-244681,Connectivity,Audio Quality,audio,True
TK-244683,Billing & Payments,Billing & Payments,coupon,False
TK-244684,Connectivity,Connectivity,connectivity,False
TK-244685,Delivery & Shipping,Delivery & Shipping,not_delivered,False
TK-244686,Warranty & Repair,Warranty & Repair,warranty_repair,False
TK-244688,Charging & Battery,Charging & Battery,battery,False
TK-244689,Warranty & Repair,Warranty & Repair,warranty_repair,False
TK-244691,Delivery & Shipping,Billing & Payments,cancel,True
TK-244692,Billing & Payments,Returns & Refunds,refund_status,True
TK-244694,Charging & Battery,Charging & Battery,battery,False
TK-244695,Delivery & Shipping,Delivery & Shipping,not_delivered,False
TK-244697,Returns & Refunds,Returns & Refunds,refund_status,False
TK-244699,Billing & Payments,Billing & Payments,dup_payment,False
TK-244700,Warranty & Repair,Warranty & Repair,warranty_repair,False
TK-244701,Connectivity,Connectivity,connectivity,False
TK-244703,Delivery & Shipping,Delivery & Shipping,damaged_wrong,False
TK-244704,Other,Delivery & Shipping,address_change,True
TK-244705,Audio Quality,Audio Quality,mic_issue,False
TK-244706,Returns & Refunds,Returns & Refunds,refund_status,False
TK-244708,Product Enquiry,Product Enquiry,enquiry,False
TK-244709,Delivery & Shipping,Delivery & Shipping,not_delivered,False
TK-244710,App & Firmware,App & Firmware,app_firmware,False
TK-244712,Other,Charging & Battery,battery,True
TK-244713,Other,Billing & Payments,cancel,True
TK-244715,Charging & Battery,Charging & Battery,battery,False
TK-244716,Charging & Battery,Charging & Battery,battery,False
TK-244718,Warranty & Repair,Returns & Refunds,refund_generic,True
TK-244720,Product Enquiry,Product Enquiry,enquiry,False
TK-244721,App & Firmware,App & Firmware,app_firmware,False
TK-244722,Returns & Refunds,Returns & Refunds,refund_status,False
TK-244723,Other,Charging & Battery,battery,True
TK-244725,Delivery & Shipping,Delivery & Shipping,not_delivered,False
TK-244726,Connectivity,App & Firmware,app_firmware,True
TK-244727,Product Enquiry,Product Enquiry,enquiry,False
TK-244728,Product Enquiry,Product Enquiry,enquiry,False
TK-244729,Warranty & Repair,Returns & Refunds,refund_generic,True
TK-244730,Account & Login,Account & Login,login,False
TK-244731,Returns & Refunds,Returns & Refunds,return_pickup,False
TK-244732,Billing & Payments,Billing & Payments,coupon,False
TK-244734,Billing & Payments,Billing & Payments,coupon,False
TK-244735,Audio Quality,Audio Quality,audio,False
TK-244736,Returns & Refunds,Returns & Refunds,refund_status,False
TK-244738,Returns & Refunds,Returns & Refunds,refund_status,False
TK-244739,Billing & Payments,Billing & Payments,dup_payment,False
TK-244740,Charging & Battery,Charging & Battery,battery,False
TK-244741,Account & Login,Account & Login,login,False
TK-244742,Charging & Battery,Charging & Battery,battery,False
TK-244743,App & Firmware,Connectivity,connectivity,True
TK-244744,Warranty & Repair,App & Firmware,app_firmware,True
TK-244745,Delivery & Shipping,Delivery & Shipping,not_delivered,False
TK-244746,App & Firmware,Account & Login,login,True
TK-244747,App & Firmware,App & Firmware,app_firmware,False
TK-244749,Delivery & Shipping,Delivery & Shipping,not_delivered,False
TK-244750,Audio Quality,Audio Quality,mic_issue,False
TK-244752,Returns & Refunds,Returns & Refunds,return_pickup,False
TK-244753,Delivery & Shipping,Delivery & Shipping,not_delivered,False
TK-244754,Billing & Payments,Billing & Payments,dup_payment,False
TK-244755,Delivery & Shipping,Billing & Payments,dup_payment,True
TK-244756,Billing & Payments,Billing & Payments,dup_payment,False
TK-244757,Warranty & Repair,Warranty & Repair,warranty_repair,False
TK-244758,Product Enquiry,Product Enquiry,enquiry,False
TK-244759,Delivery & Shipping,Returns & Refunds,return_pickup,True
TK-244760,Delivery & Shipping,Delivery & Shipping,damaged_wrong,False
TK-244761,Other,Charging & Battery,battery,True
TK-244763,Warranty & Repair,Warranty & Repair,warranty_repair,False
TK-244765,Billing & Payments,Billing & Payments,invoice,False
TK-244766,Other,Delivery & Shipping,not_delivered,True
TK-244768,App & Firmware,App & Firmware,app_firmware,False
TK-244769,Delivery & Shipping,Delivery & Shipping,damaged_wrong,False
TK-244770,Product Enquiry,Product Enquiry,enquiry,False
TK-244772,App & Firmware,App & Firmware,app_firmware,False
TK-244773,Connectivity,Connectivity,connectivity,False
TK-244774,Audio Quality,Connectivity,connectivity,True
TK-244775,Delivery & Shipping,Delivery & Shipping,damaged_wrong,False
TK-244777,Delivery & Shipping,Delivery & Shipping,not_delivered,False
TK-244778,Connectivity,Connectivity,connectivity,False
TK-244779,Delivery & Shipping,Delivery & Shipping,not_delivered,False
TK-244780,App & Firmware,App & Firmware,app_firmware,False
TK-244781,App & Firmware,App & Firmware,app_firmware,False
TK-244783,Audio Quality,Connectivity,connectivity,True
TK-244784,Returns & Refunds,Returns & Refunds,refund_status,False
TK-244785,Audio Quality,Audio Quality,audio,False
TK-244786,Billing & Payments,Returns & Refunds,refund_generic,True
TK-244788,Billing & Payments,App & Firmware,app_firmware,True
TK-244790,Delivery & Shipping,Delivery & Shipping,not_delivered,False
TK-244791,Charging & Battery,Returns & Refunds,return_pickup,True
TK-244792,Delivery & Shipping,Delivery & Shipping,not_delivered,False
TK-244793,Delivery & Shipping,Delivery & Shipping,damaged_wrong,False
TK-244795,Billing & Payments,Billing & Payments,coupon,False
TK-244796,Charging & Battery,App & Firmware,app_firmware,True
TK-244797,Delivery & Shipping,Delivery & Shipping,address_change,False
TK-244798,Warranty & Repair,Returns & Refunds,return_pickup,True
TK-244799,Delivery & Shipping,Delivery & Shipping,not_delivered,False
TK-244800,Connectivity,Connectivity,connectivity,False
TK-244801,Connectivity,Connectivity,connectivity,False
TK-244802,Billing & Payments,Billing & Payments,dup_payment,False
TK-244804,Other,Billing & Payments,cancel,True
TK-244806,Other,Billing & Payments,coupon,True
TK-244807,Connectivity,Connectivity,connectivity,False
TK-244808,Charging & Battery,Charging & Battery,battery,False
TK-244809,App & Firmware,App & Firmware,app_firmware,False
TK-244810,Charging & Battery,Delivery & Shipping,not_delivered,True
TK-244811,Product Enquiry,Product Enquiry,enquiry,False
TK-244812,Billing & Payments,Billing & Payments,invoice,False
TK-244813,Delivery & Shipping,Billing & Payments,cancel,True
TK-244815,Delivery & Shipping,Delivery & Shipping,not_delivered,False
TK-244816,Other,Billing & Payments,dup_payment,True
TK-244817,Connectivity,Connectivity,connectivity,False
TK-244818,Other,App & Firmware,app_firmware,True
TK-244819,Other,Product Enquiry,enquiry,True
TK-244820,Audio Quality,Audio Quality,audio,False
TK-244821,App & Firmware,Billing & Payments,dup_payment,True
TK-244822,Billing & Payments,Billing & Payments,coupon,False
TK-244824,Delivery & Shipping,Delivery & Shipping,not_delivered,False
TK-244825,Connectivity,App & Firmware,app_firmware,True
TK-244826,Returns & Refunds,Returns & Refunds,refund_status,False
TK-244827,Returns & Refunds,Returns & Refunds,return_pickup,False
TK-244828,App & Firmware,App & Firmware,app_firmware,False
TK-244830,Billing & Payments,Billing & Payments,dup_payment,False
TK-244831,Audio Quality,Audio Quality,audio,False
TK-244833,Charging & Battery,Billing & Payments,dup_payment,True
TK-244835,Warranty & Repair,Warranty & Repair,warranty_repair,False
TK-244836,Billing & Payments,Billing & Payments,dup_payment,False
TK-244838,App & Firmware,App & Firmware,app_firmware,False
TK-244840,Other,Delivery & Shipping,not_delivered,True
TK-244841,Warranty & Repair,Warranty & Repair,warranty_repair,False
TK-244843,Charging & Battery,Warranty & Repair,warranty_repair,True
TK-244845,Connectivity,Connectivity,connectivity,False
TK-244846,Returns & Refunds,Returns & Refunds,refund_status,False
TK-244847,App & Firmware,App & Firmware,app_firmware,False
TK-244848,Delivery & Shipping,Delivery & Shipping,damaged_wrong,False
TK-244849,Audio Quality,Audio Quality,mic_issue,False
TK-244850,Connectivity,Connectivity,connectivity,False
TK-244851,Charging & Battery,Billing & Payments,dup_payment,True
TK-244852,Billing & Payments,Billing & Payments,coupon,False
TK-244853,App & Firmware,App & Firmware,app_firmware,False
TK-244855,App & Firmware,Connectivity,connectivity,True
TK-244857,App & Firmware,App & Firmware,app_firmware,False
TK-244858,Connectivity,Connectivity,connectivity,False
TK-244860,Other,App & Firmware,app_firmware,True
TK-244861,Charging & Battery,Charging & Battery,battery,False
TK-244863,Product Enquiry,Product Enquiry,enquiry,False
TK-244865,Account & Login,Account & Login,login,False
TK-244867,Billing & Payments,Billing & Payments,coupon,False
TK-244868,Billing & Payments,Billing & Payments,dup_payment,False
TK-244869,Product Enquiry,Product Enquiry,enquiry,False
TK-244870,Product Enquiry,Product Enquiry,enquiry,False
TK-244871,Other,Delivery & Shipping,not_delivered,True
TK-244872,Audio Quality,Audio Quality,mic_issue,False
TK-244873,Returns & Refunds,Returns & Refunds,return_pickup,False
TK-244875,Billing & Payments,Billing & Payments,invoice,False
TK-244877,Returns & Refunds,Returns & Refunds,refund_status,False
TK-244878,Connectivity,Connectivity,connectivity,False
TK-244879,Warranty & Repair,Warranty & Repair,warranty_repair,False
TK-244880,App & Firmware,Connectivity,connectivity,True
TK-244882,Product Enquiry,Product Enquiry,enquiry,False
TK-244883,Other,Delivery & Shipping,not_delivered,True
TK-244885,Other,Audio Quality,mic_issue,True
TK-244887,Billing & Payments,Billing & Payments,dup_payment,False
TK-244888,Billing & Payments,Billing & Payments,dup_payment,False
TK-244889,Other,Delivery & Shipping,address_change,True
TK-244890,Charging & Battery,App & Firmware,app_firmware,True
TK-244892,Connectivity,Connectivity,connectivity,False
TK-244893,Delivery & Shipping,Returns & Refunds,return_pickup,True
TK-244894,Other,Delivery & Shipping,not_delivered,True
TK-244896,Delivery & Shipping,Delivery & Shipping,damaged_wrong,False
TK-244897,Other,Billing & Payments,dup_payment,True
TK-244899,Warranty & Repair,Warranty & Repair,warranty_repair,False
TK-244900,Delivery & Shipping,Billing & Payments,dup_payment,True
TK-244901,Audio Quality,Audio Quality,audio,False
TK-244902,Product Enquiry,Product Enquiry,enquiry,False
TK-244903,Connectivity,Connectivity,connectivity,False
TK-244904,Billing & Payments,Billing & Payments,invoice,False
TK-244905,Other,Billing & Payments,coupon,True
TK-244906,Returns & Refunds,Delivery & Shipping,not_delivered,True
TK-244907,Billing & Payments,Billing & Payments,invoice,False
TK-244908,Other,Delivery & Shipping,not_delivered,True
TK-244909,Other,Billing & Payments,cancel,True
TK-244911,App & Firmware,App & Firmware,app_firmware,False
TK-244912,Delivery & Shipping,Delivery & Shipping,not_delivered,False
TK-244913,Connectivity,Connectivity,connectivity,False
TK-244914,Delivery & Shipping,Delivery & Shipping,damaged_wrong,False
TK-244915,Warranty & Repair,Warranty & Repair,warranty_repair,False
TK-244917,Connectivity,Connectivity,connectivity,False
TK-244918,Other,Billing & Payments,cancel,True
TK-244919,Connectivity,Connectivity,connectivity,False
TK-244920,Billing & Payments,Billing & Payments,invoice,False
TK-244921,Other,Connectivity,connectivity,True
TK-244922,Billing & Payments,Billing & Payments,dup_payment,False
TK-244923,Delivery & Shipping,Delivery & Shipping,damaged_wrong,False
TK-244925,Returns & Refunds,Returns & Refunds,refund_status,False
TK-244927,Connectivity,Audio Quality,audio,True
TK-244928,Product Enquiry,Product Enquiry,enquiry,False
TK-244929,App & Firmware,Charging & Battery,battery,True
TK-244930,Connectivity,Connectivity,connectivity,False
TK-244931,Delivery & Shipping,Delivery & Shipping,not_delivered,False
TK-244932,Warranty & Repair,Warranty & Repair,warranty_repair,False
TK-244933,Returns & Refunds,Returns & Refunds,refund_status,False
TK-244934,Billing & Payments,Billing & Payments,dup_payment,False
TK-244936,App & Firmware,Other,unclassified,False
TK-244937,Billing & Payments,Billing & Payments,dup_payment,False
TK-244938,Other,Account & Login,login,True
TK-244939,App & Firmware,App & Firmware,app_firmware,False
TK-244940,Delivery & Shipping,Delivery & Shipping,damaged_wrong,False
TK-244941,App & Firmware,App & Firmware,app_firmware,False
TK-244942,Other,Billing & Payments,cancel,True
TK-244944,Returns & Refunds,Returns & Refunds,refund_status,False
TK-244946,Billing & Payments,Billing & Payments,dup_payment,False
TK-244948,Charging & Battery,Other,unclassified,False
TK-244949,Billing & Payments,Billing & Payments,invoice,False
TK-244950,Warranty & Repair,Warranty & Repair,warranty_repair,False
TK-244951,Other,Other,unclassified,False
TK-244952,Other,Audio Quality,audio,True
TK-244953,Delivery & Shipping,Delivery & Shipping,not_delivered,False
TK-244954,Product Enquiry,Product Enquiry,enquiry,False
TK-244955,Other,Billing & Payments,cancel,True
TK-244956,Connectivity,Connectivity,connectivity,False
TK-244957,Delivery & Shipping,Charging & Battery,battery,True
TK-244958,Billing & Payments,Billing & Payments,invoice,False
TK-244959,Delivery & Shipping,Returns & Refunds,return_pickup,True
TK-244960,Billing & Payments,Billing & Payments,dup_payment,False
TK-244961,Product Enquiry,Product Enquiry,enquiry,False
TK-244962,Connectivity,Connectivity,connectivity,False
TK-244963,Charging & Battery,Charging & Battery,battery,False
TK-244964,Returns & Refunds,Returns & Refunds,refund_status,False
TK-244965,Audio Quality,Audio Quality,audio,False
TK-244966,Charging & Battery,Charging & Battery,battery,False
TK-244967,Warranty & Repair,Warranty & Repair,warranty_repair,False
TK-244969,Other,Delivery & Shipping,not_delivered,True
TK-244970,Billing & Payments,Other,unclassified,False
TK-244971,Charging & Battery,Charging & Battery,battery,False
TK-244972,Connectivity,App & Firmware,app_firmware,True
TK-244974,Other,Billing & Payments,dup_payment,True
TK-244975,Billing & Payments,Billing & Payments,coupon,False
TK-244976,Charging & Battery,Charging & Battery,battery,False
TK-244977,Delivery & Shipping,Delivery & Shipping,not_delivered,False
TK-244978,Delivery & Shipping,App & Firmware,app_firmware,True
TK-244979,Connectivity,Connectivity,connectivity,False
TK-244980,Billing & Payments,App & Firmware,app_firmware,True
TK-244981,Returns & Refunds,Returns & Refunds,refund_status,False
TK-244982,Billing & Payments,Billing & Payments,dup_payment,False
TK-244984,Billing & Payments,Billing & Payments,invoice,False
TK-244985,Billing & Payments,Billing & Payments,dup_payment,False
TK-244986,Warranty & Repair,Delivery & Shipping,damaged_wrong,True
TK-244987,Delivery & Shipping,Delivery & Shipping,not_delivered,False
TK-244989,Billing & Payments,Billing & Payments,coupon,False
TK-244991,Other,Charging & Battery,battery,True
TK-244992,Connectivity,Connectivity,connectivity,False
TK-244993,Audio Quality,Audio Quality,audio,False
TK-244994,Billing & Payments,Billing & Payments,dup_payment,False
TK-244995,Delivery & Shipping,Delivery & Shipping,damaged_wrong,False
TK-244996,Other,Warranty & Repair,warranty_repair,True
TK-244997,Billing & Payments,Billing & Payments,dup_payment,False
TK-244998,Billing & Payments,Billing & Payments,dup_payment,False
TK-244999,App & Firmware,Returns & Refunds,refund_generic,True
TK-245000,Billing & Payments,Billing & Payments,coupon,False
TK-245001,Other,App & Firmware,app_firmware,True
TK-245002,Billing & Payments,Billing & Payments,coupon,False
TK-245004,Warranty & Repair,Warranty & Repair,warranty_repair,False
TK-245005,Account & Login,Account & Login,login,False
TK-245007,Other,Charging & Battery,battery,True
TK-245008,Audio Quality,Audio Quality,audio,False
TK-245010,Audio Quality,Audio Quality,audio,False
TK-245011,Delivery & Shipping,Delivery & Shipping,not_delivered,False
TK-245012,Account & Login,Account & Login,login,False
TK-245014,Product Enquiry,Product Enquiry,enquiry,False
TK-245015,Connectivity,Other,unclassified,False
TK-245016,Warranty & Repair,Other,unclassified,False
TK-245018,Product Enquiry,Product Enquiry,enquiry,False
TK-245019,Product Enquiry,Product Enquiry,enquiry,False
TK-245020,Returns & Refunds,Returns & Refunds,return_pickup,False
TK-245021,Returns & Refunds,Returns & Refunds,refund_status,False
TK-245023,App & Firmware,App & Firmware,app_firmware,False
TK-245025,Other,Connectivity,connectivity,True
TK-245026,Warranty & Repair,Warranty & Repair,warranty_repair,False
TK-245027,Connectivity,Connectivity,connectivity,False
TK-245028,Returns & Refunds,Delivery & Shipping,damaged_wrong,True
TK-245029,Charging & Battery,App & Firmware,app_firmware,True
TK-245030,Connectivity,Connectivity,connectivity,False
TK-245031,Connectivity,Connectivity,connectivity,False
TK-245032,Account & Login,Account & Login,login,False
TK-245033,Connectivity,Audio Quality,audio,True
TK-245034,Delivery & Shipping,Billing & Payments,cancel,True
TK-245035,Delivery & Shipping,Delivery & Shipping,damaged_wrong,False
TK-245036,Connectivity,Connectivity,connectivity,False
TK-245037,Returns & Refunds,Returns & Refunds,refund_status,False
TK-245038,Warranty & Repair,Charging & Battery,battery,True
TK-245039,Connectivity,Connectivity,connectivity,False
TK-245040,App & Firmware,App & Firmware,app_firmware,False
TK-245041,Audio Quality,Audio Quality,audio,False
TK-245042,Delivery & Shipping,Delivery & Shipping,not_delivered,False
TK-245043,Charging & Battery,Charging & Battery,battery,False
TK-245045,Billing & Payments,Billing & Payments,invoice,False
TK-245046,Delivery & Shipping,Delivery & Shipping,not_delivered,False
TK-245048,Audio Quality,Other,unclassified,False
TK-245049,Other,Connectivity,connectivity,True
TK-245050,Other,Billing & Payments,cancel,True
TK-245051,Connectivity,Connectivity,connectivity,False
TK-245052,Billing & Payments,Returns & Refunds,refund_status,True
TK-245053,Delivery & Shipping,Delivery & Shipping,damaged_wrong,False
TK-245054,Billing & Payments,Billing & Payments,dup_payment,False
TK-245055,Warranty & Repair,Other,unclassified,False
TK-245056,Connectivity,Connectivity,connectivity,False
TK-245057,Connectivity,Connectivity,connectivity,False
TK-245058,App & Firmware,App & Firmware,app_firmware,False
TK-245059,Delivery & Shipping,Delivery & Shipping,not_delivered,False
TK-245060,Delivery & Shipping,Delivery & Shipping,not_delivered,False
TK-245061,Delivery & Shipping,Delivery & Shipping,not_delivered,False
TK-245062,Delivery & Shipping,Delivery & Shipping,not_delivered,False
TK-245063,Warranty & Repair,Other,unclassified,False
TK-245065,Billing & Payments,Delivery & Shipping,not_delivered,True
TK-245066,Audio Quality,Returns & Refunds,return_pickup,True
TK-245067,App & Firmware,App & Firmware,app_firmware,False
TK-245068,Billing & Payments,Billing & Payments,dup_payment,False
TK-245069,Delivery & Shipping,Delivery & Shipping,not_delivered,False
TK-245070,Other,Delivery & Shipping,not_delivered,True
TK-245071,Product Enquiry,Product Enquiry,enquiry,False
TK-245072,Returns & Refunds,Returns & Refunds,return_pickup,False
TK-245074,Delivery & Shipping,Delivery & Shipping,damaged_wrong,False
TK-245075,Connectivity,Connectivity,connectivity,False
TK-245076,Product Enquiry,Product Enquiry,enquiry,False
TK-245078,Other,Billing & Payments,coupon,True
TK-245080,Delivery & Shipping,Delivery & Shipping,not_delivered,False
TK-245081,Other,Delivery & Shipping,not_delivered,True
TK-245083,Product Enquiry,Billing & Payments,coupon,True
TK-245085,Returns & Refunds,Delivery & Shipping,damaged_wrong,True
TK-245086,Billing & Payments,Returns & Refunds,refund_status,True
TK-245087,Other,Charging & Battery,battery,True
TK-245088,Billing & Payments,Connectivity,connectivity,True
TK-245089,Connectivity,Connectivity,connectivity,False
TK-245090,App & Firmware,App & Firmware,app_firmware,False
TK-245091,Other,Audio Quality,audio,True
TK-245092,Billing & Payments,Billing & Payments,dup_payment,False
TK-245094,Warranty & Repair,Delivery & Shipping,damaged_wrong,True
TK-245095,App & Firmware,App & Firmware,app_firmware,False
TK-245097,Other,Delivery & Shipping,not_delivered,True
TK-245098,Account & Login,Account & Login,login,False
TK-245099,Connectivity,Connectivity,connectivity,False
TK-245100,Connectivity,Audio Quality,audio,True
TK-245101,Warranty & Repair,Delivery & Shipping,damaged_wrong,True
TK-245102,Connectivity,Connectivity,connectivity,False
TK-245104,Warranty & Repair,Warranty & Repair,warranty_repair,False
TK-245105,Other,Billing & Payments,dup_payment,True
TK-245106,Other,Connectivity,connectivity,True
TK-245108,Delivery & Shipping,Delivery & Shipping,not_delivered,False
TK-245110,Other,Billing & Payments,dup_payment,True
TK-245111,Billing & Payments,App & Firmware,app_firmware,True
TK-245112,Other,Billing & Payments,cancel,True
TK-245113,Other,Delivery & Shipping,address_change,True
TK-245115,Delivery & Shipping,Delivery & Shipping,not_delivered,False
TK-245116,Other,Billing & Payments,cancel,True
TK-245118,App & Firmware,Connectivity,connectivity,True
TK-245119,Delivery & Shipping,Delivery & Shipping,damaged_wrong,False
TK-245120,Returns & Refunds,Returns & Refunds,refund_status,False
TK-245122,Other,Delivery & Shipping,address_change,True
TK-245123,Returns & Refunds,Returns & Refunds,refund_status,False
TK-245124,App & Firmware,App & Firmware,app_firmware,False
TK-245126,Delivery & Shipping,Delivery & Shipping,not_delivered,False
TK-245127,Other,Billing & Payments,cancel,True
TK-245128,Charging & Battery,Charging & Battery,battery,False
TK-245130,Billing & Payments,Billing & Payments,coupon,False
TK-245132,Returns & Refunds,Returns & Refunds,refund_status,False
TK-245134,Returns & Refunds,Returns & Refunds,refund_status,False
TK-245136,Connectivity,Connectivity,connectivity,False
TK-245137,Charging & Battery,Charging & Battery,battery,False
TK-245138,Billing & Payments,Billing & Payments,dup_payment,False
TK-245139,Billing & Payments,Billing & Payments,dup_payment,False
TK-245140,Delivery & Shipping,Delivery & Shipping,not_delivered,False
TK-245141,App & Firmware,App & Firmware,app_firmware,False
TK-245143,Delivery & Shipping,Delivery & Shipping,not_delivered,False
TK-245145,Warranty & Repair,Delivery & Shipping,damaged_wrong,True
TK-245146,Connectivity,Connectivity,connectivity,False
TK-245147,Connectivity,Connectivity,connectivity,False
TK-245148,Other,Account & Login,login,True
TK-245150,Other,Connectivity,connectivity,True
TK-245151,Delivery & Shipping,Delivery & Shipping,not_delivered,False
TK-245152,Delivery & Shipping,Delivery & Shipping,damaged_wrong,False
TK-245153,Billing & Payments,Billing & Payments,dup_payment,False
TK-245154,Product Enquiry,Product Enquiry,enquiry,False
TK-245156,Other,Billing & Payments,cancel,True
TK-245157,App & Firmware,App & Firmware,app_firmware,False
TK-245158,Billing & Payments,Billing & Payments,invoice,False
TK-245159,Connectivity,Connectivity,connectivity,False
TK-245161,App & Firmware,Connectivity,connectivity,True
TK-245162,Connectivity,App & Firmware,app_firmware,True
TK-245163,Warranty & Repair,Warranty & Repair,warranty_repair,False
TK-245165,Delivery & Shipping,Delivery & Shipping,damaged_wrong,False
TK-245167,Charging & Battery,Delivery & Shipping,not_delivered,True
TK-245168,Other,Billing & Payments,dup_payment,True
TK-245169,Connectivity,Connectivity,connectivity,False
TK-245170,Delivery & Shipping,Delivery & Shipping,not_delivered,False
TK-245171,Delivery & Shipping,Delivery & Shipping,damaged_wrong,False
TK-245172,Charging & Battery,Audio Quality,audio,True
TK-245173,Delivery & Shipping,Delivery & Shipping,not_delivered,False
TK-245175,Other,Billing & Payments,cancel,True
TK-245176,Product Enquiry,Product Enquiry,enquiry,False
TK-245178,Warranty & Repair,Audio Quality,audio,True
TK-245179,Account & Login,Account & Login,login,False
TK-245180,Account & Login,Account & Login,login,False
TK-245181,Other,Charging & Battery,battery,True
TK-245182,Delivery & Shipping,Delivery & Shipping,damaged_wrong,False
TK-245183,Billing & Payments,Billing & Payments,dup_payment,False
TK-245184,Billing & Payments,Billing & Payments,cancel,False
TK-245185,Connectivity,Connectivity,connectivity,False
TK-245186,Connectivity,Connectivity,connectivity,False
TK-245187,Returns & Refunds,Delivery & Shipping,not_delivered,True
TK-245188,Delivery & Shipping,Delivery & Shipping,damaged_wrong,False
TK-245189,Charging & Battery,Charging & Battery,battery,False
TK-245190,Connectivity,Connectivity,connectivity,False
TK-245191,App & Firmware,App & Firmware,app_firmware,False
TK-245192,Billing & Payments,Billing & Payments,coupon,False
TK-245193,App & Firmware,App & Firmware,app_firmware,False
TK-245194,Returns & Refunds,Delivery & Shipping,not_delivered,True
TK-245195,Product Enquiry,Product Enquiry,enquiry,False
TK-245197,Product Enquiry,Product Enquiry,enquiry,False
TK-245198,Other,Billing & Payments,dup_payment,True
TK-245200,Delivery & Shipping,Delivery & Shipping,damaged_wrong,False
TK-245201,Connectivity,Connectivity,connectivity,False
TK-245202,Billing & Payments,Billing & Payments,dup_payment,False
TK-245203,Other,Delivery & Shipping,not_delivered,True
TK-245204,App & Firmware,Account & Login,login,True
TK-245205,Delivery & Shipping,Delivery & Shipping,not_delivered,False
TK-245206,Billing & Payments,Billing & Payments,dup_payment,False
TK-245208,Delivery & Shipping,Delivery & Shipping,not_delivered,False
TK-245209,Delivery & Shipping,Billing & Payments,dup_payment,True
TK-245210,Billing & Payments,Billing & Payments,dup_payment,False
TK-245211,Returns & Refunds,Returns & Refunds,refund_status,False
TK-245212,Delivery & Shipping,Delivery & Shipping,not_delivered,False
TK-245214,Audio Quality,Audio Quality,mic_issue,False
TK-245216,Returns & Refunds,Returns & Refunds,return_pickup,False
TK-245218,Billing & Payments,Connectivity,connectivity,True
TK-245219,Connectivity,Connectivity,connectivity,False
TK-245220,Product Enquiry,Product Enquiry,enquiry,False
TK-245221,Charging & Battery,Returns & Refunds,refund_generic,True
TK-245223,Billing & Payments,Billing & Payments,coupon,False
TK-245224,Delivery & Shipping,Delivery & Shipping,not_delivered,False
TK-245226,Returns & Refunds,Returns & Refunds,return_pickup,False
TK-245227,Billing & Payments,Billing & Payments,dup_payment,False
TK-245228,Audio Quality,Connectivity,connectivity,True
TK-245229,Audio Quality,Audio Quality,audio,False
TK-245230,Charging & Battery,Charging & Battery,battery,False
TK-245231,Delivery & Shipping,Delivery & Shipping,not_delivered,False
TK-245232,Connectivity,App & Firmware,app_firmware,True
TK-245233,Returns & Refunds,Returns & Refunds,return_pickup,False
TK-245235,Delivery & Shipping,Delivery & Shipping,damaged_wrong,False
TK-245237,Charging & Battery,Charging & Battery,battery,False
TK-245238,Other,Billing & Payments,cancel,True
TK-245239,Billing & Payments,Billing & Payments,dup_payment,False
TK-245240,Delivery & Shipping,Delivery & Shipping,not_delivered,False
TK-245241,Other,Product Enquiry,enquiry,True
TK-245242,Connectivity,Connectivity,connectivity,False
TK-245243,App & Firmware,App & Firmware,app_firmware,False
TK-245244,Connectivity,App & Firmware,app_firmware,True
TK-245246,Product Enquiry,Product Enquiry,enquiry,False
TK-245248,Billing & Payments,Billing & Payments,coupon,False
TK-245249,Delivery & Shipping,Delivery & Shipping,not_delivered,False
TK-245251,Charging & Battery,Warranty & Repair,warranty_repair,True
TK-245252,App & Firmware,Connectivity,connectivity,True
TK-245253,Warranty & Repair,Warranty & Repair,warranty_repair,False
TK-245254,Other,Billing & Payments,cancel,True
TK-245256,Charging & Battery,Charging & Battery,battery,False
TK-245258,Charging & Battery,Charging & Battery,battery,False
TK-245260,Returns & Refunds,Returns & Refunds,return_pickup,False
TK-245261,Product Enquiry,Product Enquiry,enquiry,False
TK-245263,Other,Delivery & Shipping,not_delivered,True
TK-245264,Delivery & Shipping,Delivery & Shipping,not_delivered,False
TK-245266,App & Firmware,Delivery & Shipping,not_delivered,True
TK-245267,Connectivity,App & Firmware,app_firmware,True
TK-245268,Connectivity,App & Firmware,app_firmware,True
TK-245270,Warranty & Repair,Warranty & Repair,warranty_repair,False
TK-245271,Delivery & Shipping,Delivery & Shipping,damaged_wrong,False
TK-245272,Returns & Refunds,Returns & Refunds,return_pickup,False
TK-245273,Audio Quality,Audio Quality,audio,False
TK-245275,Connectivity,Audio Quality,audio,True
TK-245276,Charging & Battery,App & Firmware,app_firmware,True
TK-245277,Delivery & Shipping,Delivery & Shipping,damaged_wrong,False
TK-245278,Connectivity,Audio Quality,audio,True
TK-245279,Audio Quality,Connectivity,connectivity,True
TK-245280,Other,Other,unclassified,False
TK-245281,Other,Product Enquiry,enquiry,True
TK-245283,Billing & Payments,Billing & Payments,dup_payment,False
TK-245284,Billing & Payments,Billing & Payments,dup_payment,False
TK-245285,Connectivity,Delivery & Shipping,not_delivered,True
TK-245287,Other,Connectivity,connectivity,True
TK-245288,Product Enquiry,Billing & Payments,coupon,True
TK-245289,Returns & Refunds,Returns & Refunds,refund_status,False
TK-245290,Billing & Payments,Billing & Payments,coupon,False
TK-245291,Billing & Payments,Billing & Payments,coupon,False
TK-245293,Returns & Refunds,Returns & Refunds,refund_status,False
TK-245295,Other,Delivery & Shipping,address_change,True
TK-245297,Delivery & Shipping,Other,unclassified,False
TK-245298,Warranty & Repair,Delivery & Shipping,damaged_wrong,True
TK-245299,Connectivity,App & Firmware,app_firmware,True
TK-245300,Other,Billing & Payments,cancel,True
TK-245302,Billing & Payments,Returns & Refunds,refund_status,True
TK-245304,App & Firmware,App & Firmware,app_firmware,False
TK-245305,Billing & Payments,Billing & Payments,invoice,False
TK-245306,Other,Billing & Payments,cancel,True
TK-245308,Charging & Battery,Charging & Battery,battery,False
TK-245309,Charging & Battery,Charging & Battery,battery,False
TK-245310,Audio Quality,Audio Quality,audio,False
TK-245311,Returns & Refunds,Returns & Refunds,return_pickup,False
TK-245313,App & Firmware,App & Firmware,app_firmware,False
TK-245315,Connectivity,Charging & Battery,battery,True
TK-245316,Billing & Payments,Billing & Payments,coupon,False
TK-245317,Returns & Refunds,Returns & Refunds,refund_status,False
TK-245318,Billing & Payments,Billing & Payments,dup_payment,False
TK-245320,Other,Product Enquiry,enquiry,True
TK-245321,Other,Audio Quality,audio,True
TK-245322,Audio Quality,Audio Quality,audio,False
TK-245323,Other,Delivery & Shipping,not_delivered,True
TK-245325,Returns & Refunds,Delivery & Shipping,damaged_wrong,True
TK-245326,Billing & Payments,Billing & Payments,invoice,False
TK-245328,Other,App & Firmware,app_firmware,True
TK-245329,Connectivity,Connectivity,connectivity,False
TK-245330,Connectivity,Connectivity,connectivity,False
TK-245332,Other,App & Firmware,app_firmware,True
TK-245333,Product Enquiry,Billing & Payments,coupon,True
TK-245334,Other,Billing & Payments,dup_payment,True
TK-245335,Product Enquiry,Product Enquiry,enquiry,False
TK-245337,Billing & Payments,Billing & Payments,dup_payment,False
TK-245338,Warranty & Repair,Charging & Battery,battery,True
TK-245339,Billing & Payments,Billing & Payments,dup_payment,False
TK-245341,Delivery & Shipping,Delivery & Shipping,not_delivered,False
TK-245342,Billing & Payments,Billing & Payments,dup_payment,False
TK-245343,Delivery & Shipping,Delivery & Shipping,damaged_wrong,False
TK-245344,Connectivity,Connectivity,connectivity,False
TK-245345,Warranty & Repair,Warranty & Repair,warranty_repair,False
TK-245346,Returns & Refunds,Returns & Refunds,refund_status,False
TK-245348,Billing & Payments,Billing & Payments,dup_payment,False
TK-245349,Returns & Refunds,Returns & Refunds,return_pickup,False
TK-245350,Other,Billing & Payments,coupon,True
TK-245351,Billing & Payments,Billing & Payments,invoice,False
TK-245352,Delivery & Shipping,Delivery & Shipping,not_delivered,False
TK-245353,Delivery & Shipping,Delivery & Shipping,address_change,False
TK-245354,Delivery & Shipping,Delivery & Shipping,damaged_wrong,False
TK-245355,Charging & Battery,Charging & Battery,battery,False
TK-245356,Other,Delivery & Shipping,not_delivered,True
TK-245357,Connectivity,Connectivity,connectivity,False
TK-245358,Billing & Payments,Billing & Payments,dup_payment,False
TK-245359,Billing & Payments,Returns & Refunds,refund_status,True
TK-245360,Audio Quality,Audio Quality,mic_issue,False
TK-245361,Delivery & Shipping,Delivery & Shipping,not_delivered,False
TK-245362,Account & Login,Account & Login,login,False
TK-245363,Returns & Refunds,Returns & Refunds,refund_status,False
TK-245365,Billing & Payments,Billing & Payments,coupon,False
TK-245366,Other,Delivery & Shipping,address_change,True
TK-245368,Delivery & Shipping,Delivery & Shipping,not_delivered,False
TK-245369,Charging & Battery,Charging & Battery,battery,False
TK-245370,App & Firmware,App & Firmware,app_firmware,False
TK-245372,Connectivity,Connectivity,connectivity,False
TK-245373,Account & Login,Billing & Payments,invoice,True
TK-245374,Audio Quality,Audio Quality,audio,False
TK-245375,Billing & Payments,Returns & Refunds,refund_status,True
TK-245377,App & Firmware,App & Firmware,app_firmware,False
TK-245379,Delivery & Shipping,Delivery & Shipping,damaged_wrong,False
TK-245381,Delivery & Shipping,Delivery & Shipping,damaged_wrong,False
TK-245383,Connectivity,Connectivity,connectivity,False
TK-245384,Other,Billing & Payments,cancel,True
TK-245386,Delivery & Shipping,Billing & Payments,dup_payment,True
TK-245387,Charging & Battery,App & Firmware,app_firmware,True
TK-245388,Product Enquiry,Product Enquiry,enquiry,False
TK-245389,Delivery & Shipping,Delivery & Shipping,not_delivered,False
TK-245391,Billing & Payments,Billing & Payments,invoice,False
TK-245392,Account & Login,Billing & Payments,invoice,True
TK-245393,Other,Other,unclassified,False
TK-245395,Delivery & Shipping,Delivery & Shipping,not_delivered,False
TK-245396,Other,Delivery & Shipping,not_delivered,True
TK-245397,Account & Login,Account & Login,login,False
TK-245398,Billing & Payments,Billing & Payments,invoice,False
TK-245399,Returns & Refunds,Delivery & Shipping,not_delivered,True
TK-245400,Returns & Refunds,Delivery & Shipping,damaged_wrong,True
TK-245401,Charging & Battery,Billing & Payments,dup_payment,True
TK-245403,Returns & Refunds,Returns & Refunds,refund_generic,False
TK-245404,Connectivity,Connectivity,connectivity,False
TK-245405,Billing & Payments,Billing & Payments,invoice,False
TK-245406,App & Firmware,Connectivity,connectivity,True
TK-245407,Other,Delivery & Shipping,not_delivered,True
TK-245408,Charging & Battery,App & Firmware,app_firmware,True
TK-245409,Billing & Payments,Billing & Payments,dup_payment,False
TK-245410,Connectivity,Connectivity,connectivity,False
TK-245411,App & Firmware,App & Firmware,app_firmware,False
TK-245412,Delivery & Shipping,Delivery & Shipping,damaged_wrong,False
TK-245413,Returns & Refunds,Returns & Refunds,refund_status,False
TK-245415,Delivery & Shipping,Delivery & Shipping,not_delivered,False
TK-245417,Charging & Battery,Warranty & Repair,warranty_repair,True
TK-245418,Billing & Payments,Billing & Payments,invoice,False
TK-245420,Other,Billing & Payments,coupon,True
TK-245421,Delivery & Shipping,Delivery & Shipping,not_delivered,False
TK-245423,Other,Connectivity,connectivity,True
TK-245425,Audio Quality,Audio Quality,audio,False
TK-245427,Returns & Refunds,Delivery & Shipping,not_delivered,True
TK-245428,Returns & Refunds,Delivery & Shipping,not_delivered,True
TK-245430,Returns & Refunds,Returns & Refunds,refund_status,False
TK-245432,Billing & Payments,Billing & Payments,invoice,False
TK-245433,Delivery & Shipping,Delivery & Shipping,not_delivered,False
TK-245434,Billing & Payments,Returns & Refunds,refund_status,True
TK-245436,Other,Billing & Payments,dup_payment,True
TK-245438,Billing & Payments,Billing & Payments,dup_payment,False
TK-245439,Connectivity,Connectivity,connectivity,False
TK-245440,Audio Quality,Audio Quality,audio,False
TK-245441,Connectivity,Connectivity,connectivity,False
TK-245442,Billing & Payments,Billing & Payments,dup_payment,False
TK-245443,Other,Billing & Payments,cancel,True
TK-245444,Delivery & Shipping,Delivery & Shipping,not_delivered,False
TK-245445,Charging & Battery,Charging & Battery,battery,False
TK-245446,Warranty & Repair,Warranty & Repair,warranty_repair,False
TK-245448,Delivery & Shipping,Delivery & Shipping,damaged_wrong,False
TK-245449,Billing & Payments,Billing & Payments,invoice,False
TK-245450,Other,Warranty & Repair,warranty_repair,True
TK-245451,Connectivity,Connectivity,connectivity,False
TK-245452,Other,Billing & Payments,invoice,True
TK-245453,Returns & Refunds,Returns & Refunds,refund_status,False
TK-245454,Billing & Payments,Connectivity,connectivity,True
TK-245455,Connectivity,App & Firmware,app_firmware,True
TK-245456,App & Firmware,Connectivity,connectivity,True
TK-245457,Returns & Refunds,Returns & Refunds,refund_status,False
TK-245458,Delivery & Shipping,Delivery & Shipping,not_delivered,False
TK-245460,Returns & Refunds,Returns & Refunds,refund_status,False
TK-245461,Warranty & Repair,Warranty & Repair,warranty_repair,False
TK-245463,Billing & Payments,Billing & Payments,dup_payment,False
TK-245464,Delivery & Shipping,Delivery & Shipping,not_delivered,False
TK-245465,Other,Billing & Payments,cancel,True
TK-245466,Delivery & Shipping,Delivery & Shipping,not_delivered,False
TK-245468,Connectivity,Connectivity,connectivity,False
TK-245469,Product Enquiry,App & Firmware,app_firmware,True
TK-245471,Returns & Refunds,Delivery & Shipping,not_delivered,True
TK-245473,App & Firmware,App & Firmware,app_firmware,False
TK-245475,Connectivity,Connectivity,connectivity,False
TK-245476,Billing & Payments,Billing & Payments,coupon,False
TK-245477,Other,Billing & Payments,cancel,True
TK-245478,Returns & Refunds,Returns & Refunds,refund_status,False
TK-245480,Returns & Refunds,Returns & Refunds,refund_status,False
TK-245481,Billing & Payments,Billing & Payments,dup_payment,False
TK-245482,Connectivity,Connectivity,connectivity,False
TK-245483,Billing & Payments,Billing & Payments,coupon,False
TK-245484,Product Enquiry,Product Enquiry,enquiry,False
TK-245485,Billing & Payments,Billing & Payments,invoice,False
TK-245486,Account & Login,Account & Login,login,False
TK-245487,Product Enquiry,Product Enquiry,enquiry,False
TK-245488,Billing & Payments,Billing & Payments,dup_payment,False
TK-245489,Charging & Battery,Charging & Battery,battery,False
TK-245490,Returns & Refunds,Returns & Refunds,refund_status,False
TK-245491,Billing & Payments,Billing & Payments,invoice,False
TK-245492,Delivery & Shipping,Delivery & Shipping,not_delivered,False
TK-245493,Billing & Payments,Billing & Payments,dup_payment,False
TK-245494,Other,Delivery & Shipping,not_delivered,True
TK-245495,Warranty & Repair,Warranty & Repair,warranty_repair,False
TK-245496,App & Firmware,App & Firmware,app_firmware,False
TK-245497,Audio Quality,Audio Quality,audio,False
TK-245498,App & Firmware,App & Firmware,app_firmware,False
TK-245499,Audio Quality,Audio Quality,audio,False
TK-245500,Delivery & Shipping,Delivery & Shipping,not_delivered,False
TK-245502,Returns & Refunds,Returns & Refunds,refund_status,False
TK-245503,Other,App & Firmware,app_firmware,True
TK-245504,App & Firmware,App & Firmware,app_firmware,False
TK-245505,Connectivity,Connectivity,connectivity,False
TK-245507,Audio Quality,Audio Quality,mic_issue,False
TK-245509,Billing & Payments,Billing & Payments,coupon,False
TK-245510,Other,Billing & Payments,dup_payment,True
TK-245512,Warranty & Repair,Warranty & Repair,warranty_repair,False
TK-245513,Delivery & Shipping,Returns & Refunds,return_pickup,True
TK-245514,Returns & Refunds,Returns & Refunds,return_pickup,False
TK-245515,Connectivity,Connectivity,connectivity,False
TK-245517,Audio Quality,Audio Quality,audio,False
TK-245518,Returns & Refunds,Returns & Refunds,return_pickup,False
TK-245519,Billing & Payments,Billing & Payments,invoice,False
TK-245521,Other,Billing & Payments,cancel,True
TK-245523,Product Enquiry,Product Enquiry,enquiry,False
TK-245524,Account & Login,Billing & Payments,invoice,True
TK-245526,Billing & Payments,Billing & Payments,invoice,False
TK-245527,Product Enquiry,Product Enquiry,enquiry,False
TK-245528,App & Firmware,App & Firmware,app_firmware,False
TK-245529,Product Enquiry,Other,unclassified,False
TK-245530,Delivery & Shipping,Returns & Refunds,return_pickup,True
TK-245532,Other,App & Firmware,app_firmware,True
TK-245534,Returns & Refunds,Returns & Refunds,refund_status,False
TK-245535,Other,Billing & Payments,dup_payment,True
TK-245536,Connectivity,Connectivity,connectivity,False
TK-245537,Delivery & Shipping,Delivery & Shipping,damaged_wrong,False
TK-245539,App & Firmware,Connectivity,connectivity,True
TK-245540,Billing & Payments,Billing & Payments,invoice,False
TK-245541,Charging & Battery,Charging & Battery,battery,False
TK-245542,Returns & Refunds,Returns & Refunds,refund_status,False
TK-245543,Other,Billing & Payments,cancel,True
TK-245544,Account & Login,Account & Login,login,False
TK-245545,Delivery & Shipping,Delivery & Shipping,not_delivered,False
TK-245546,App & Firmware,Charging & Battery,battery,True
TK-245547,Other,App & Firmware,app_firmware,True
TK-245548,Returns & Refunds,Delivery & Shipping,damaged_wrong,True
TK-245549,Billing & Payments,Billing & Payments,dup_payment,False
TK-245550,Warranty & Repair,Warranty & Repair,warranty_repair,False
TK-245551,Delivery & Shipping,Delivery & Shipping,not_delivered,False
TK-245552,Warranty & Repair,Warranty & Repair,warranty_repair,False
TK-245553,Returns & Refunds,Warranty & Repair,warranty_repair,True
TK-245554,Billing & Payments,Billing & Payments,dup_payment,False
TK-245556,Other,Connectivity,connectivity,True
TK-245558,Billing & Payments,Billing & Payments,dup_payment,False
TK-245559,Delivery & Shipping,Delivery & Shipping,not_delivered,False
TK-245560,Returns & Refunds,Returns & Refunds,refund_status,False
TK-245561,Returns & Refunds,Delivery & Shipping,not_delivered,True
TK-245562,Billing & Payments,Account & Login,login,True
TK-245563,Audio Quality,Audio Quality,audio,False
TK-245564,Returns & Refunds,Delivery & Shipping,not_delivered,True
TK-245566,Product Enquiry,Product Enquiry,enquiry,False
TK-245568,Returns & Refunds,Delivery & Shipping,not_delivered,True
TK-245569,Delivery & Shipping,Delivery & Shipping,not_delivered,False
TK-245570,Delivery & Shipping,Delivery & Shipping,not_delivered,False
TK-245571,Other,Audio Quality,audio,True
TK-245573,Delivery & Shipping,Delivery & Shipping,not_delivered,False
TK-245574,Billing & Payments,Billing & Payments,invoice,False
TK-245576,Connectivity,Delivery & Shipping,not_delivered,True
TK-245577,Other,Product Enquiry,enquiry,True
TK-245578,Delivery & Shipping,Delivery & Shipping,not_delivered,False
TK-245579,Delivery & Shipping,Delivery & Shipping,not_delivered,False
TK-245580,Warranty & Repair,Warranty & Repair,warranty_repair,False
TK-245581,Delivery & Shipping,Delivery & Shipping,damaged_wrong,False
TK-245582,Other,Delivery & Shipping,address_change,True
TK-245583,Product Enquiry,Product Enquiry,enquiry,False
TK-245584,Charging & Battery,Charging & Battery,battery,False
TK-245585,Other,Billing & Payments,coupon,True
TK-245587,Billing & Payments,Billing & Payments,dup_payment,False
TK-245588,Billing & Payments,Billing & Payments,dup_payment,False
TK-245589,Warranty & Repair,Other,unclassified,False
TK-245590,Product Enquiry,Product Enquiry,enquiry,False
TK-245591,Delivery & Shipping,Delivery & Shipping,damaged_wrong,False
TK-245592,Product Enquiry,Billing & Payments,coupon,True
TK-245593,Other,Billing & Payments,cancel,True
TK-245594,App & Firmware,App & Firmware,app_firmware,False
TK-245595,Audio Quality,Audio Quality,audio,False
TK-245596,Account & Login,Account & Login,login,False
TK-245597,Delivery & Shipping,Delivery & Shipping,not_delivered,False
TK-245598,Delivery & Shipping,Delivery & Shipping,not_delivered,False
TK-245599,Returns & Refunds,Returns & Refunds,return_pickup,False
TK-245601,Audio Quality,Audio Quality,audio,False
TK-245602,Product Enquiry,Product Enquiry,enquiry,False
TK-245603,Product Enquiry,Product Enquiry,enquiry,False
TK-245604,Product Enquiry,Billing & Payments,coupon,True
TK-245605,Billing & Payments,Billing & Payments,dup_payment,False
TK-245606,Billing & Payments,Billing & Payments,invoice,False
TK-245607,Other,Billing & Payments,cancel,True
TK-245608,Other,Billing & Payments,dup_payment,True
TK-245609,Billing & Payments,Billing & Payments,invoice,False
TK-245610,Audio Quality,Connectivity,connectivity,True
TK-245611,Delivery & Shipping,Delivery & Shipping,not_delivered,False
TK-245612,App & Firmware,Charging & Battery,battery,True
TK-245613,Connectivity,Connectivity,connectivity,False
TK-245615,Delivery & Shipping,Returns & Refunds,return_pickup,True
TK-245616,Billing & Payments,Billing & Payments,invoice,False
TK-245617,Charging & Battery,Warranty & Repair,warranty_repair,True
TK-245618,Billing & Payments,Connectivity,connectivity,True
TK-245619,Other,Billing & Payments,cancel,True
TK-245620,Account & Login,Account & Login,login,False
TK-245621,Billing & Payments,Other,unclassified,False
TK-245622,Connectivity,Connectivity,connectivity,False
TK-245623,Audio Quality,Audio Quality,audio,False
TK-245624,Charging & Battery,App & Firmware,app_firmware,True
TK-245626,Product Enquiry,Product Enquiry,enquiry,False
TK-245627,Other,App & Firmware,app_firmware,True
TK-245628,Delivery & Shipping,Delivery & Shipping,not_delivered,False
TK-245630,App & Firmware,Other,unclassified,False
TK-245632,Charging & Battery,Audio Quality,audio,True
TK-245633,App & Firmware,Returns & Refunds,return_pickup,True
TK-245634,Billing & Payments,Billing & Payments,invoice,False
TK-245635,Connectivity,Connectivity,connectivity,False
TK-245637,Other,Account & Login,login,True
TK-245638,Other,Delivery & Shipping,not_delivered,True
TK-245639,Returns & Refunds,Returns & Refunds,refund_status,False
TK-245640,Delivery & Shipping,Returns & Refunds,return_pickup,True
TK-245641,Product Enquiry,Product Enquiry,enquiry,False
TK-245642,Returns & Refunds,Returns & Refunds,return_pickup,False
TK-245644,Delivery & Shipping,Delivery & Shipping,not_delivered,False
TK-245645,Delivery & Shipping,Delivery & Shipping,damaged_wrong,False
TK-245647,Other,Product Enquiry,enquiry,True
TK-245649,Billing & Payments,Returns & Refunds,refund_status,True
TK-245651,Warranty & Repair,Warranty & Repair,warranty_repair,False
TK-245652,Returns & Refunds,Returns & Refunds,return_pickup,False
TK-245653,Warranty & Repair,Warranty & Repair,warranty_repair,False
TK-245655,Other,Billing & Payments,invoice,True
TK-245657,Delivery & Shipping,Delivery & Shipping,not_delivered,False
TK-245658,Billing & Payments,App & Firmware,app_firmware,True
TK-245660,Charging & Battery,Audio Quality,audio,True
TK-245661,Delivery & Shipping,Delivery & Shipping,not_delivered,False
TK-245662,Returns & Refunds,Returns & Refunds,refund_status,False
TK-245664,Other,Account & Login,login,True
TK-245665,Other,Billing & Payments,cancel,True
TK-245666,Delivery & Shipping,Delivery & Shipping,not_delivered,False
TK-245667,Charging & Battery,Charging & Battery,battery,False
TK-245668,Other,Connectivity,connectivity,True
TK-245669,Charging & Battery,Audio Quality,audio,True
TK-245670,Delivery & Shipping,Delivery & Shipping,damaged_wrong,False
TK-245671,Delivery & Shipping,Billing & Payments,dup_payment,True
TK-245672,Billing & Payments,Billing & Payments,dup_payment,False
TK-245673,Connectivity,Connectivity,connectivity,False
TK-245675,Delivery & Shipping,Delivery & Shipping,damaged_wrong,False
TK-245676,Other,Billing & Payments,coupon,True
TK-245677,Billing & Payments,Connectivity,connectivity,True
TK-245678,Product Enquiry,Product Enquiry,enquiry,False
TK-245679,Delivery & Shipping,Delivery & Shipping,damaged_wrong,False
TK-245681,Account & Login,Account & Login,login,False
TK-245682,Billing & Payments,Billing & Payments,dup_payment,False
TK-245683,Billing & Payments,Billing & Payments,invoice,False
TK-245684,Delivery & Shipping,Delivery & Shipping,not_delivered,False
TK-245686,Product Enquiry,Product Enquiry,enquiry,False
TK-245687,Connectivity,Connectivity,connectivity,False
TK-245689,Billing & Payments,Billing & Payments,dup_payment,False
TK-245690,Audio Quality,Audio Quality,audio,False
TK-245691,Warranty & Repair,Other,unclassified,False
TK-245692,Charging & Battery,Audio Quality,audio,True
TK-245693,Returns & Refunds,Returns & Refunds,return_pickup,False
TK-245694,Charging & Battery,App & Firmware,app_firmware,True
TK-245695,Delivery & Shipping,Delivery & Shipping,not_delivered,False
TK-245696,Other,Billing & Payments,dup_payment,True
TK-245697,Billing & Payments,Returns & Refunds,refund_generic,True
TK-245698,Warranty & Repair,Other,unclassified,False
TK-245699,Delivery & Shipping,Delivery & Shipping,damaged_wrong,False
TK-245700,Returns & Refunds,Returns & Refunds,refund_status,False
TK-245701,Account & Login,Account & Login,login,False
TK-245702,Other,Billing & Payments,cancel,True
TK-245703,Delivery & Shipping,Billing & Payments,cancel,True
TK-245704,Other,Connectivity,connectivity,True
TK-245705,Product Enquiry,Product Enquiry,enquiry,False
TK-245706,Audio Quality,Audio Quality,mic_issue,False
TK-245707,App & Firmware,Account & Login,login,True
TK-245709,Other,Delivery & Shipping,address_change,True
TK-245710,Other,Audio Quality,audio,True
TK-245711,Product Enquiry,Product Enquiry,enquiry,False
TK-245713,Other,App & Firmware,app_firmware,True
TK-245714,Delivery & Shipping,Delivery & Shipping,damaged_wrong,False
TK-245716,Delivery & Shipping,Delivery & Shipping,not_delivered,False
TK-245717,Delivery & Shipping,Delivery & Shipping,damaged_wrong,False
TK-245718,Connectivity,Connectivity,connectivity,False
TK-245719,Charging & Battery,Charging & Battery,battery,False
TK-245721,Returns & Refunds,Returns & Refunds,return_pickup,False
TK-245723,Delivery & Shipping,Delivery & Shipping,not_delivered,False
TK-245724,Returns & Refunds,Returns & Refunds,refund_status,False
TK-245725,Warranty & Repair,Charging & Battery,battery,True
TK-245726,Returns & Refunds,Returns & Refunds,refund_status,False
TK-245728,Delivery & Shipping,Delivery & Shipping,not_delivered,False
TK-245729,Warranty & Repair,Warranty & Repair,warranty_repair,False
TK-245730,App & Firmware,App & Firmware,app_firmware,False
TK-245731,Billing & Payments,Billing & Payments,invoice,False
TK-245733,Returns & Refunds,Returns & Refunds,refund_status,False
TK-245734,Warranty & Repair,Warranty & Repair,warranty_repair,False
TK-245736,Delivery & Shipping,Delivery & Shipping,damaged_wrong,False
TK-245737,Billing & Payments,Billing & Payments,invoice,False
TK-245738,Connectivity,Other,unclassified,False
TK-245740,Billing & Payments,Billing & Payments,invoice,False
TK-245741,Charging & Battery,Returns & Refunds,refund_generic,True
TK-245742,Other,Billing & Payments,cancel,True
TK-245743,Other,Billing & Payments,cancel,True
TK-245745,Billing & Payments,Billing & Payments,invoice,False
TK-245746,Other,Delivery & Shipping,not_delivered,True
TK-245748,Delivery & Shipping,Delivery & Shipping,not_delivered,False
TK-245750,Delivery & Shipping,Delivery & Shipping,not_delivered,False
TK-245751,Charging & Battery,App & Firmware,app_firmware,True
TK-245752,Delivery & Shipping,Delivery & Shipping,not_delivered,False
TK-245754,Returns & Refunds,Returns & Refunds,return_pickup,False
TK-245756,Charging & Battery,Charging & Battery,battery,False
TK-245757,Charging & Battery,Charging & Battery,battery,False
TK-245759,Connectivity,Connectivity,connectivity,False
TK-245760,Returns & Refunds,Returns & Refunds,refund_status,False
TK-245761,Charging & Battery,Audio Quality,audio,True
TK-245762,Delivery & Shipping,Billing & Payments,dup_payment,True
TK-245763,Delivery & Shipping,Delivery & Shipping,not_delivered,False
TK-245764,Other,Product Enquiry,enquiry,True
TK-245765,Charging & Battery,App & Firmware,app_firmware,True
TK-245766,Delivery & Shipping,Delivery & Shipping,damaged_wrong,False
TK-245767,App & Firmware,Account & Login,login,True
TK-245768,Delivery & Shipping,Delivery & Shipping,not_delivered,False
TK-245770,Billing & Payments,Billing & Payments,dup_payment,False
TK-245771,Product Enquiry,Product Enquiry,enquiry,False
TK-245772,Other,Billing & Payments,cancel,True
TK-245773,App & Firmware,Charging & Battery,battery,True
TK-245774,Other,Billing & Payments,cancel,True
TK-245775,Delivery & Shipping,Billing & Payments,dup_payment,True
TK-245776,Other,Delivery & Shipping,address_change,True
TK-245777,Connectivity,Connectivity,connectivity,False
TK-245779,Delivery & Shipping,Delivery & Shipping,damaged_wrong,False
TK-245780,Product Enquiry,Product Enquiry,enquiry,False
TK-245781,Connectivity,Connectivity,connectivity,False
TK-245782,Other,Billing & Payments,cancel,True
TK-245783,Connectivity,Audio Quality,audio,True
TK-245784,Other,Billing & Payments,invoice,True
TK-245785,Delivery & Shipping,Returns & Refunds,return_pickup,True
TK-245786,Returns & Refunds,Returns & Refunds,refund_status,False
TK-245787,Product Enquiry,Billing & Payments,coupon,True
TK-245788,Charging & Battery,Other,unclassified,False
TK-245790,Warranty & Repair,Warranty & Repair,warranty_repair,False
TK-245791,Delivery & Shipping,Delivery & Shipping,damaged_wrong,False
TK-245792,Audio Quality,Audio Quality,audio,False
TK-245793,Returns & Refunds,Delivery & Shipping,damaged_wrong,True
TK-245794,App & Firmware,Connectivity,connectivity,True
TK-245796,Charging & Battery,Charging & Battery,battery,False
TK-245797,Delivery & Shipping,Delivery & Shipping,damaged_wrong,False
TK-245799,App & Firmware,App & Firmware,app_firmware,False
TK-245800,Account & Login,Account & Login,login,False
TK-245801,Delivery & Shipping,Billing & Payments,dup_payment,True
TK-245802,Delivery & Shipping,Delivery & Shipping,not_delivered,False
TK-245803,Billing & Payments,Returns & Refunds,refund_status,True
TK-245804,Warranty & Repair,Warranty & Repair,warranty_repair,False
TK-245805,App & Firmware,App & Firmware,app_firmware,False
TK-245806,Billing & Payments,Billing & Payments,dup_payment,False
TK-245807,Delivery & Shipping,Delivery & Shipping,damaged_wrong,False
TK-245808,Other,Billing & Payments,dup_payment,True
TK-245810,Other,Billing & Payments,cancel,True
TK-245812,Returns & Refunds,Returns & Refunds,return_pickup,False
TK-245813,Other,Billing & Payments,cancel,True
TK-245814,Delivery & Shipping,Delivery & Shipping,damaged_wrong,False
TK-245815,Connectivity,Connectivity,connectivity,False
TK-245816,Connectivity,Connectivity,connectivity,False
TK-245817,Billing & Payments,Billing & Payments,dup_payment,False
TK-245819,Billing & Payments,Billing & Payments,invoice,False
TK-245820,Other,Delivery & Shipping,not_delivered,True
TK-245821,Charging & Battery,Warranty & Repair,warranty_repair,True
TK-245822,Returns & Refunds,Delivery & Shipping,damaged_wrong,True
TK-245824,Delivery & Shipping,Delivery & Shipping,damaged_wrong,False
TK-245825,Returns & Refunds,Returns & Refunds,refund_status,False
TK-245826,Delivery & Shipping,Delivery & Shipping,damaged_wrong,False
TK-245828,Delivery & Shipping,Delivery & Shipping,damaged_wrong,False
TK-245829,Delivery & Shipping,Delivery & Shipping,not_delivered,False
TK-245830,Billing & Payments,Billing & Payments,coupon,False
TK-245831,Billing & Payments,Billing & Payments,coupon,False
TK-245833,Delivery & Shipping,Delivery & Shipping,not_delivered,False
TK-245835,Returns & Refunds,Returns & Refunds,return_pickup,False
TK-245836,Other,Warranty & Repair,warranty_repair,True
TK-245837,Delivery & Shipping,Delivery & Shipping,not_delivered,False
TK-245838,Product Enquiry,Product Enquiry,enquiry,False
TK-245839,Delivery & Shipping,Delivery & Shipping,not_delivered,False
TK-245841,Other,Delivery & Shipping,not_delivered,True
TK-245842,Other,Billing & Payments,cancel,True
TK-245844,Billing & Payments,Returns & Refunds,refund_status,True
TK-245846,Charging & Battery,App & Firmware,app_firmware,True
TK-245848,Billing & Payments,Returns & Refunds,refund_status,True
TK-245850,Account & Login,Returns & Refunds,refund_generic,True
TK-245851,Delivery & Shipping,Delivery & Shipping,not_delivered,False
TK-245853,Delivery & Shipping,Returns & Refunds,return_pickup,True
TK-245854,Product Enquiry,Product Enquiry,enquiry,False
TK-245855,Delivery & Shipping,Delivery & Shipping,not_delivered,False
TK-245856,Warranty & Repair,Delivery & Shipping,damaged_wrong,True
TK-245858,App & Firmware,App & Firmware,app_firmware,False
TK-245859,Other,Connectivity,connectivity,True
TK-245860,Connectivity,Connectivity,connectivity,False
TK-245861,Delivery & Shipping,Delivery & Shipping,damaged_wrong,False
TK-245863,Other,Delivery & Shipping,not_delivered,True
TK-245864,Other,Other,unclassified,False
TK-245865,Billing & Payments,Billing & Payments,dup_payment,False
TK-245866,Returns & Refunds,Delivery & Shipping,damaged_wrong,True
TK-245868,Returns & Refunds,Delivery & Shipping,not_delivered,True
TK-245870,Product Enquiry,Product Enquiry,enquiry,False
TK-245871,Audio Quality,Audio Quality,audio,False
TK-245872,Billing & Payments,Billing & Payments,coupon,False
TK-245874,Other,Billing & Payments,cancel,True
TK-245875,Charging & Battery,Charging & Battery,battery,False
TK-245877,Charging & Battery,Charging & Battery,battery,False
TK-245878,Delivery & Shipping,Delivery & Shipping,damaged_wrong,False
TK-245880,Billing & Payments,Billing & Payments,dup_payment,False
TK-245882,Other,Audio Quality,audio,True
TK-245883,Other,Billing & Payments,cancel,True
TK-245885,Connectivity,Connectivity,connectivity,False
TK-245886,Product Enquiry,App & Firmware,app_firmware,True
TK-245887,Billing & Payments,Billing & Payments,dup_payment,False
TK-245888,Billing & Payments,Billing & Payments,coupon,False
TK-245890,App & Firmware,App & Firmware,app_firmware,False
TK-245891,Audio Quality,Returns & Refunds,return_pickup,True
TK-245892,Audio Quality,Connectivity,connectivity,True
TK-245893,Audio Quality,Audio Quality,audio,False
TK-245894,Returns & Refunds,Delivery & Shipping,damaged_wrong,True
TK-245895,Product Enquiry,Product Enquiry,enquiry,False
TK-245896,Audio Quality,Audio Quality,audio,False
TK-245897,Charging & Battery,Charging & Battery,battery,False
TK-245898,Connectivity,Connectivity,connectivity,False
TK-245899,Returns & Refunds,Returns & Refunds,return_pickup,False
TK-245900,Delivery & Shipping,Delivery & Shipping,damaged_wrong,False
TK-245901,Other,Billing & Payments,cancel,True
TK-245902,Account & Login,Account & Login,login,False
TK-245903,Product Enquiry,Product Enquiry,enquiry,False
TK-245904,Warranty & Repair,Other,unclassified,False
TK-245905,Other,Delivery & Shipping,not_delivered,True
TK-245907,Delivery & Shipping,Delivery & Shipping,not_delivered,False
TK-245908,Delivery & Shipping,Billing & Payments,cancel,True
TK-245909,Returns & Refunds,Returns & Refunds,refund_status,False
TK-245910,Connectivity,Connectivity,connectivity,False
TK-245911,Charging & Battery,App & Firmware,app_firmware,True
TK-245912,Returns & Refunds,Returns & Refunds,refund_status,False
TK-245914,Returns & Refunds,Returns & Refunds,refund_status,False
TK-245915,Returns & Refunds,Delivery & Shipping,damaged_wrong,True
TK-245916,Charging & Battery,Charging & Battery,battery,False
TK-245918,Other,Billing & Payments,cancel,True
TK-245919,Product Enquiry,Product Enquiry,enquiry,False
TK-245921,Billing & Payments,Billing & Payments,coupon,False
TK-245923,Delivery & Shipping,Delivery & Shipping,not_delivered,False
TK-245924,Billing & Payments,Billing & Payments,dup_payment,False
TK-245926,Account & Login,Account & Login,login,False
TK-245927,Other,Delivery & Shipping,not_delivered,True
TK-245928,Other,App & Firmware,app_firmware,True
TK-245930,Warranty & Repair,Warranty & Repair,warranty_repair,False
TK-245931,Returns & Refunds,Returns & Refunds,refund_status,False
TK-245932,Billing & Payments,Returns & Refunds,refund_status,True
TK-245933,Billing & Payments,Billing & Payments,dup_payment,False
TK-245934,Other,Delivery & Shipping,not_delivered,True
TK-245935,Charging & Battery,Charging & Battery,battery,False
TK-245937,Delivery & Shipping,Delivery & Shipping,damaged_wrong,False
TK-245938,Returns & Refunds,Returns & Refunds,refund_status,False
TK-245939,Delivery & Shipping,Delivery & Shipping,not_delivered,False
TK-245940,App & Firmware,App & Firmware,app_firmware,False
TK-245941,Charging & Battery,Charging & Battery,battery,False
TK-245942,Returns & Refunds,Returns & Refunds,refund_status,False
TK-245943,Returns & Refunds,Returns & Refunds,refund_status,False
TK-245944,Billing & Payments,Billing & Payments,coupon,False
TK-245945,App & Firmware,App & Firmware,app_firmware,False
TK-245947,Other,Product Enquiry,enquiry,True
TK-245949,Other,Billing & Payments,coupon,True
TK-245951,Other,Connectivity,connectivity,True
TK-245952,Other,Audio Quality,audio,True
TK-245953,Billing & Payments,Returns & Refunds,refund_generic,True
TK-245954,Account & Login,Account & Login,login,False
TK-245955,App & Firmware,App & Firmware,app_firmware,False
TK-245956,Billing & Payments,Billing & Payments,dup_payment,False
TK-245958,Billing & Payments,Billing & Payments,dup_payment,False
TK-245960,Charging & Battery,Warranty & Repair,warranty_repair,True
TK-245961,Other,Delivery & Shipping,not_delivered,True
TK-245963,Connectivity,Audio Quality,mic_issue,True
TK-245965,Delivery & Shipping,Delivery & Shipping,not_delivered,False
TK-245966,Audio Quality,Audio Quality,audio,False
TK-245967,Billing & Payments,Billing & Payments,dup_payment,False
TK-245968,Billing & Payments,Returns & Refunds,refund_generic,True
TK-245969,Other,Connectivity,connectivity,True
TK-245970,Returns & Refunds,Returns & Refunds,refund_status,False
TK-245971,Delivery & Shipping,Delivery & Shipping,not_delivered,False
TK-245972,Delivery & Shipping,Delivery & Shipping,not_delivered,False
TK-245973,Connectivity,Connectivity,connectivity,False
TK-245974,Billing & Payments,Billing & Payments,invoice,False
TK-245975,Warranty & Repair,Warranty & Repair,warranty_repair,False
TK-245976,Other,Product Enquiry,enquiry,True
TK-245977,Warranty & Repair,Warranty & Repair,warranty_repair,False
TK-245978,Other,Delivery & Shipping,not_delivered,True
TK-245980,Warranty & Repair,Warranty & Repair,warranty_repair,False
TK-245981,Billing & Payments,Billing & Payments,coupon,False
TK-245982,Billing & Payments,Billing & Payments,dup_payment,False
TK-245983,Delivery & Shipping,Delivery & Shipping,damaged_wrong,False
TK-245984,Billing & Payments,Billing & Payments,dup_payment,False
TK-245986,Billing & Payments,Billing & Payments,dup_payment,False
TK-245988,Charging & Battery,Audio Quality,audio,True
TK-245989,Returns & Refunds,Returns & Refunds,return_pickup,False
TK-245991,Connectivity,App & Firmware,app_firmware,True
TK-245993,Connectivity,Connectivity,connectivity,False
TK-245994,Returns & Refunds,Returns & Refunds,refund_status,False
TK-245995,App & Firmware,App & Firmware,app_firmware,False
TK-245996,Billing & Payments,Billing & Payments,dup_payment,False
TK-245997,Returns & Refunds,Returns & Refunds,refund_status,False
TK-245998,App & Firmware,App & Firmware,app_firmware,False
TK-245999,Warranty & Repair,Warranty & Repair,warranty_repair,False
TK-246001,Delivery & Shipping,Delivery & Shipping,not_delivered,False
TK-246002,Product Enquiry,Product Enquiry,enquiry,False
TK-246004,Delivery & Shipping,Delivery & Shipping,not_delivered,False
TK-246005,Account & Login,Account & Login,login,False
TK-246006,Warranty & Repair,Warranty & Repair,warranty_repair,False
TK-246007,Billing & Payments,Billing & Payments,coupon,False
TK-246008,Delivery & Shipping,Delivery & Shipping,damaged_wrong,False
TK-246009,Billing & Payments,Billing & Payments,dup_payment,False
TK-246011,Connectivity,Audio Quality,audio,True
TK-246012,Returns & Refunds,Returns & Refunds,return_pickup,False
TK-246013,Returns & Refunds,Returns & Refunds,refund_status,False
TK-246014,Warranty & Repair,Warranty & Repair,warranty_repair,False
TK-246016,Product Enquiry,Product Enquiry,enquiry,False
TK-246018,App & Firmware,App & Firmware,app_firmware,False
TK-246019,Audio Quality,Audio Quality,audio,False
TK-246021,Other,Connectivity,connectivity,True
TK-246022,Delivery & Shipping,Delivery & Shipping,address_change,False
TK-246023,Returns & Refunds,Returns & Refunds,refund_status,False
TK-246025,Other,Billing & Payments,cancel,True
TK-246026,Billing & Payments,Billing & Payments,dup_payment,False
TK-246027,Delivery & Shipping,Delivery & Shipping,not_delivered,False
TK-246028,Charging & Battery,Returns & Refunds,refund_generic,True
TK-246029,Charging & Battery,Charging & Battery,battery,False
TK-246030,Billing & Payments,Billing & Payments,invoice,False
TK-246032,Billing & Payments,Returns & Refunds,refund_status,True
TK-246033,Returns & Refunds,Returns & Refunds,refund_status,False
TK-246034,Product Enquiry,Product Enquiry,enquiry,False
TK-246035,Billing & Payments,Billing & Payments,dup_payment,False
TK-246036,App & Firmware,App & Firmware,app_firmware,False
TK-246037,Delivery & Shipping,Delivery & Shipping,not_delivered,False
TK-246038,App & Firmware,Connectivity,connectivity,True
TK-246040,Billing & Payments,Returns & Refunds,refund_generic,True
TK-246041,Warranty & Repair,Warranty & Repair,warranty_repair,False
TK-246042,Returns & Refunds,Returns & Refunds,return_pickup,False
TK-246043,Billing & Payments,Returns & Refunds,refund_status,True
TK-246044,Warranty & Repair,Warranty & Repair,warranty_repair,False
TK-246045,Billing & Payments,Billing & Payments,dup_payment,False
TK-246046,Other,Billing & Payments,coupon,True
TK-246047,Delivery & Shipping,Delivery & Shipping,not_delivered,False
TK-246049,App & Firmware,Delivery & Shipping,not_delivered,True
TK-246051,Returns & Refunds,Returns & Refunds,refund_status,False
TK-246052,Delivery & Shipping,Delivery & Shipping,not_delivered,False
TK-246053,Audio Quality,Audio Quality,audio,False
TK-246054,Returns & Refunds,Returns & Refunds,refund_status,False
TK-246055,Billing & Payments,Connectivity,connectivity,True
TK-246057,Other,Delivery & Shipping,not_delivered,True
TK-246058,Billing & Payments,Billing & Payments,coupon,False
TK-246059,Delivery & Shipping,Delivery & Shipping,not_delivered,False
TK-246060,Billing & Payments,Billing & Payments,coupon,False
TK-246062,Connectivity,Audio Quality,audio,True
TK-246064,Billing & Payments,Billing & Payments,invoice,False
TK-246065,Connectivity,Connectivity,connectivity,False
TK-246066,Returns & Refunds,Returns & Refunds,return_pickup,False
TK-246067,Delivery & Shipping,Delivery & Shipping,not_delivered,False
TK-246068,Billing & Payments,Billing & Payments,dup_payment,False
TK-246069,Other,Delivery & Shipping,not_delivered,True
TK-246071,Returns & Refunds,Returns & Refunds,return_pickup,False
TK-246072,Other,Billing & Payments,cancel,True
TK-246074,Product Enquiry,Product Enquiry,enquiry,False
TK-246075,Connectivity,Other,unclassified,False
TK-246077,Billing & Payments,Returns & Refunds,refund_status,True
TK-246078,Billing & Payments,Billing & Payments,dup_payment,False
TK-246079,Charging & Battery,Billing & Payments,dup_payment,True
TK-246080,App & Firmware,App & Firmware,app_firmware,False
TK-246081,Returns & Refunds,Returns & Refunds,return_pickup,False
TK-246082,Product Enquiry,Product Enquiry,enquiry,False
TK-246083,Warranty & Repair,Other,unclassified,False
TK-246085,Connectivity,Connectivity,connectivity,False
TK-246086,Connectivity,Connectivity,connectivity,False
TK-246087,Other,Billing & Payments,cancel,True
TK-246089,Other,Billing & Payments,dup_payment,True
TK-246090,Returns & Refunds,Returns & Refunds,return_pickup,False
TK-246091,Other,Delivery & Shipping,not_delivered,True
TK-246092,Billing & Payments,Billing & Payments,dup_payment,False
TK-246093,Warranty & Repair,Returns & Refunds,refund_generic,True
TK-246094,Connectivity,Connectivity,connectivity,False
TK-246095,Connectivity,Connectivity,connectivity,False
TK-246096,Delivery & Shipping,Delivery & Shipping,damaged_wrong,False
TK-246097,Other,Other,unclassified,False
TK-246098,Returns & Refunds,Returns & Refunds,return_pickup,False
TK-246100,Connectivity,Connectivity,connectivity,False
TK-246101,Other,Audio Quality,audio,True
TK-246103,Billing & Payments,Billing & Payments,invoice,False
TK-246105,Product Enquiry,Product Enquiry,enquiry,False
TK-246106,App & Firmware,App & Firmware,app_firmware,False
TK-246108,Connectivity,Connectivity,connectivity,False
TK-246110,Charging & Battery,Charging & Battery,battery,False
TK-246111,Other,Billing & Payments,cancel,True
TK-246113,Account & Login,Account & Login,login,False
TK-246114,Connectivity,Connectivity,connectivity,False
TK-246116,Product Enquiry,Product Enquiry,enquiry,False
TK-246118,Account & Login,Account & Login,login,False
TK-246119,Delivery & Shipping,Delivery & Shipping,not_delivered,False
TK-246121,Billing & Payments,Billing & Payments,dup_payment,False
TK-246122,Audio Quality,Audio Quality,audio,False
TK-246123,Charging & Battery,Charging & Battery,battery,False
TK-246125,Charging & Battery,Charging & Battery,battery,False
TK-246126,Other,App & Firmware,app_firmware,True
TK-246127,Returns & Refunds,Returns & Refunds,refund_status,False
TK-246128,Delivery & Shipping,Delivery & Shipping,damaged_wrong,False
TK-246129,Other,Billing & Payments,cancel,True
TK-246131,Returns & Refunds,Returns & Refunds,return_pickup,False
TK-246133,Charging & Battery,Charging & Battery,battery,False
TK-246134,Audio Quality,Audio Quality,audio,False
TK-246135,Other,Delivery & Shipping,address_change,True
TK-246136,Returns & Refunds,Returns & Refunds,return_pickup,False
TK-246137,Delivery & Shipping,Delivery & Shipping,damaged_wrong,False
TK-246139,Other,Billing & Payments,dup_payment,True
TK-246140,Delivery & Shipping,Delivery & Shipping,not_delivered,False
TK-246142,Returns & Refunds,Returns & Refunds,refund_status,False
TK-246143,Charging & Battery,Charging & Battery,battery,False
TK-246145,Returns & Refunds,Delivery & Shipping,damaged_wrong,True
TK-246146,Delivery & Shipping,Delivery & Shipping,not_delivered,False
TK-246148,Delivery & Shipping,Delivery & Shipping,not_delivered,False
TK-246149,Billing & Payments,Returns & Refunds,refund_status,True
TK-246151,Billing & Payments,Billing & Payments,dup_payment,False
TK-246152,App & Firmware,App & Firmware,app_firmware,False
TK-246153,Billing & Payments,Billing & Payments,coupon,False
TK-246154,Delivery & Shipping,Delivery & Shipping,not_delivered,False
TK-246156,Returns & Refunds,Returns & Refunds,return_pickup,False
TK-246157,Product Enquiry,Billing & Payments,coupon,True
TK-246159,App & Firmware,Charging & Battery,battery,True
TK-246161,Delivery & Shipping,Delivery & Shipping,not_delivered,False
TK-246162,Charging & Battery,Billing & Payments,dup_payment,True
TK-246163,Other,Delivery & Shipping,not_delivered,True
TK-246164,Product Enquiry,Billing & Payments,coupon,True
TK-246165,Returns & Refunds,Delivery & Shipping,not_delivered,True
TK-246167,Delivery & Shipping,Delivery & Shipping,damaged_wrong,False
TK-246168,Billing & Payments,Returns & Refunds,refund_generic,True
TK-246169,Billing & Payments,Billing & Payments,dup_payment,False
TK-246170,Charging & Battery,Charging & Battery,battery,False
TK-246171,Delivery & Shipping,Delivery & Shipping,damaged_wrong,False
TK-246172,Returns & Refunds,Returns & Refunds,refund_status,False
TK-246173,Returns & Refunds,Returns & Refunds,refund_status,False
TK-246174,Billing & Payments,Billing & Payments,dup_payment,False
TK-246175,Billing & Payments,Billing & Payments,dup_payment,False
TK-246177,Other,Billing & Payments,dup_payment,True
TK-246179,Other,App & Firmware,app_firmware,True
TK-246181,Delivery & Shipping,Delivery & Shipping,not_delivered,False
TK-246182,Returns & Refunds,Returns & Refunds,refund_status,False
TK-246183,Billing & Payments,Billing & Payments,invoice,False
TK-246184,Delivery & Shipping,Delivery & Shipping,damaged_wrong,False
TK-246185,Connectivity,Connectivity,connectivity,False
TK-246186,App & Firmware,App & Firmware,app_firmware,False
TK-246187,Other,Delivery & Shipping,not_delivered,True
TK-246188,Returns & Refunds,Returns & Refunds,return_pickup,False
TK-246189,Delivery & Shipping,Delivery & Shipping,not_delivered,False
TK-246190,Audio Quality,Audio Quality,audio,False
TK-246191,Other,Delivery & Shipping,address_change,True
TK-246193,Returns & Refunds,Returns & Refunds,refund_status,False
TK-246194,Connectivity,Connectivity,connectivity,False
TK-246195,Connectivity,Audio Quality,audio,True
TK-246196,Billing & Payments,Billing & Payments,dup_payment,False
TK-246197,Charging & Battery,Charging & Battery,battery,False
TK-246198,Charging & Battery,Warranty & Repair,warranty_repair,True
TK-246199,Returns & Refunds,Returns & Refunds,refund_status,False
TK-246200,Charging & Battery,Charging & Battery,battery,False
TK-246202,Delivery & Shipping,Delivery & Shipping,not_delivered,False
TK-246203,Billing & Payments,Billing & Payments,dup_payment,False
TK-246204,Delivery & Shipping,Delivery & Shipping,damaged_wrong,False
TK-246206,Billing & Payments,Billing & Payments,invoice,False
TK-246207,Product Enquiry,Product Enquiry,enquiry,False
TK-246208,App & Firmware,App & Firmware,app_firmware,False
TK-246209,Delivery & Shipping,Delivery & Shipping,not_delivered,False
TK-246210,Delivery & Shipping,Delivery & Shipping,damaged_wrong,False
TK-246211,Charging & Battery,Charging & Battery,battery,False
TK-246212,Delivery & Shipping,Delivery & Shipping,not_delivered,False
TK-246214,Product Enquiry,Product Enquiry,enquiry,False
TK-246215,Charging & Battery,App & Firmware,app_firmware,True
TK-246216,Delivery & Shipping,Delivery & Shipping,damaged_wrong,False
TK-246217,Audio Quality,Audio Quality,audio,False
TK-246218,Returns & Refunds,Returns & Refunds,refund_status,False
TK-246220,Connectivity,Returns & Refunds,refund_generic,True
TK-246221,Other,Delivery & Shipping,address_change,True
TK-246222,Charging & Battery,Charging & Battery,battery,False
TK-246223,Billing & Payments,Billing & Payments,invoice,False
TK-246224,Charging & Battery,Billing & Payments,dup_payment,True
TK-246226,Billing & Payments,Billing & Payments,invoice,False
TK-246228,Delivery & Shipping,Delivery & Shipping,address_change,False
TK-246229,App & Firmware,App & Firmware,app_firmware,False
TK-246230,Audio Quality,Audio Quality,audio,False
TK-246231,Returns & Refunds,Returns & Refunds,refund_status,False
TK-246232,Billing & Payments,Returns & Refunds,refund_status,True
TK-246233,App & Firmware,App & Firmware,app_firmware,False
TK-246235,Product Enquiry,Billing & Payments,coupon,True
TK-246237,Delivery & Shipping,Delivery & Shipping,not_delivered,False
TK-246238,Other,Delivery & Shipping,address_change,True
TK-246239,Charging & Battery,Charging & Battery,battery,False
TK-246240,Returns & Refunds,Delivery & Shipping,not_delivered,True
TK-246241,Other,Delivery & Shipping,not_delivered,True
TK-246242,Delivery & Shipping,Delivery & Shipping,damaged_wrong,False
TK-246243,Audio Quality,Audio Quality,mic_issue,False
TK-246244,Audio Quality,Delivery & Shipping,damaged_wrong,True
TK-246245,Other,Audio Quality,mic_issue,True
TK-246246,Other,Delivery & Shipping,not_delivered,True
TK-246247,Other,Delivery & Shipping,not_delivered,True
TK-246248,App & Firmware,App & Firmware,app_firmware,False
TK-246249,Billing & Payments,Billing & Payments,invoice,False
TK-246250,Delivery & Shipping,Delivery & Shipping,damaged_wrong,False
TK-246252,Billing & Payments,Billing & Payments,coupon,False
TK-246254,Billing & Payments,App & Firmware,app_firmware,True
TK-246255,Account & Login,Account & Login,login,False
TK-246256,Billing & Payments,Billing & Payments,coupon,False
TK-246257,Delivery & Shipping,Delivery & Shipping,not_delivered,False
TK-246258,Connectivity,Connectivity,connectivity,False
TK-246259,Other,Product Enquiry,enquiry,True
TK-246260,Other,Delivery & Shipping,not_delivered,True
TK-246261,Other,Delivery & Shipping,not_delivered,True
TK-246262,Warranty & Repair,Warranty & Repair,warranty_repair,False
TK-246264,Returns & Refunds,Returns & Refunds,refund_status,False
TK-246265,Other,Billing & Payments,cancel,True
TK-246267,Other,Billing & Payments,cancel,True
TK-246268,Charging & Battery,Charging & Battery,battery,False
TK-246269,Delivery & Shipping,Delivery & Shipping,damaged_wrong,False
TK-246270,Delivery & Shipping,Billing & Payments,dup_payment,True
TK-246272,Connectivity,Connectivity,connectivity,False
TK-246273,Delivery & Shipping,Delivery & Shipping,not_delivered,False
TK-246275,Delivery & Shipping,Delivery & Shipping,damaged_wrong,False
TK-246276,Billing & Payments,Returns & Refunds,refund_status,True
TK-246277,Audio Quality,Delivery & Shipping,damaged_wrong,True
TK-246278,Returns & Refunds,Returns & Refunds,refund_status,False
TK-246279,Connectivity,App & Firmware,app_firmware,True
TK-246281,Delivery & Shipping,Delivery & Shipping,damaged_wrong,False
TK-246282,Returns & Refunds,Returns & Refunds,return_pickup,False
TK-246283,Returns & Refunds,Delivery & Shipping,damaged_wrong,True
TK-246285,App & Firmware,Charging & Battery,battery,True
TK-246286,Returns & Refunds,Returns & Refunds,return_pickup,False
TK-246287,Connectivity,Connectivity,connectivity,False
TK-246288,Product Enquiry,Product Enquiry,enquiry,False
TK-246289,Delivery & Shipping,Delivery & Shipping,not_delivered,False
TK-246291,Warranty & Repair,Other,unclassified,False
TK-246292,Account & Login,Billing & Payments,invoice,True
TK-246293,Account & Login,Account & Login,login,False
TK-246294,Billing & Payments,Billing & Payments,dup_payment,False
TK-246295,Returns & Refunds,Returns & Refunds,refund_status,False
TK-246296,Product Enquiry,Product Enquiry,enquiry,False
TK-246297,Product Enquiry,Product Enquiry,enquiry,False
TK-246298,App & Firmware,App & Firmware,app_firmware,False
TK-246299,Other,Connectivity,connectivity,True
TK-246301,Billing & Payments,Billing & Payments,dup_payment,False
TK-246302,Charging & Battery,Charging & Battery,battery,False
TK-246304,Delivery & Shipping,Delivery & Shipping,not_delivered,False
TK-246305,Returns & Refunds,Delivery & Shipping,not_delivered,True
TK-246306,Connectivity,Connectivity,connectivity,False
TK-246308,Connectivity,Delivery & Shipping,not_delivered,True
TK-246310,Delivery & Shipping,Delivery & Shipping,not_delivered,False
TK-246312,Other,Delivery & Shipping,not_delivered,True
TK-246313,Warranty & Repair,Warranty & Repair,warranty_repair,False
TK-246314,Warranty & Repair,Other,unclassified,False
TK-246315,Delivery & Shipping,Delivery & Shipping,not_delivered,False
TK-246317,Connectivity,Connectivity,connectivity,False
TK-246318,Other,Delivery & Shipping,not_delivered,True
TK-246320,Other,Delivery & Shipping,not_delivered,True
TK-246321,Audio Quality,Audio Quality,mic_issue,False
TK-246322,Other,Other,unclassified,False
TK-246323,Delivery & Shipping,Delivery & Shipping,not_delivered,False
TK-246325,Charging & Battery,Charging & Battery,battery,False
TK-246326,Billing & Payments,Billing & Payments,dup_payment,False
TK-246327,Product Enquiry,Product Enquiry,enquiry,False
TK-246328,Delivery & Shipping,Delivery & Shipping,damaged_wrong,False
TK-246329,Delivery & Shipping,Delivery & Shipping,not_delivered,False
TK-246330,Charging & Battery,Delivery & Shipping,not_delivered,True
TK-246331,Other,Audio Quality,mic_issue,True
TK-246333,Delivery & Shipping,Delivery & Shipping,not_delivered,False
TK-246334,Delivery & Shipping,Delivery & Shipping,damaged_wrong,False
TK-246335,Account & Login,Billing & Payments,invoice,True
TK-246336,Delivery & Shipping,Delivery & Shipping,not_delivered,False
TK-246338,Connectivity,Delivery & Shipping,not_delivered,True
TK-246339,Audio Quality,Audio Quality,audio,False
TK-246341,Delivery & Shipping,Delivery & Shipping,not_delivered,False
TK-246342,Product Enquiry,Product Enquiry,enquiry,False
TK-246343,Delivery & Shipping,Delivery & Shipping,not_delivered,False
TK-246344,Billing & Payments,Billing & Payments,dup_payment,False
TK-246345,Product Enquiry,Product Enquiry,enquiry,False
TK-246346,Connectivity,Connectivity,connectivity,False
TK-246348,Billing & Payments,Billing & Payments,dup_payment,False
TK-246349,App & Firmware,App & Firmware,app_firmware,False
TK-246350,App & Firmware,App & Firmware,app_firmware,False
TK-246352,Delivery & Shipping,Delivery & Shipping,address_change,False
TK-246353,Charging & Battery,Charging & Battery,battery,False
TK-246354,Billing & Payments,Returns & Refunds,refund_status,True
TK-246356,Billing & Payments,Billing & Payments,invoice,False
TK-246357,Delivery & Shipping,Delivery & Shipping,not_delivered,False
TK-246358,Billing & Payments,Billing & Payments,invoice,False
TK-246359,Delivery & Shipping,Delivery & Shipping,not_delivered,False
TK-246360,Charging & Battery,Charging & Battery,battery,False
TK-246361,Other,Delivery & Shipping,not_delivered,True
TK-246362,Billing & Payments,Billing & Payments,dup_payment,False
TK-246363,Charging & Battery,Charging & Battery,battery,False
TK-246365,Delivery & Shipping,Delivery & Shipping,not_delivered,False
TK-246366,Product Enquiry,Product Enquiry,enquiry,False
TK-246367,Delivery & Shipping,Returns & Refunds,return_pickup,True
TK-246368,Returns & Refunds,Returns & Refunds,return_pickup,False
TK-246370,Connectivity,Connectivity,connectivity,False
TK-246371,Product Enquiry,Product Enquiry,enquiry,False
TK-246372,Audio Quality,Audio Quality,mic_issue,False
TK-246373,Billing & Payments,Billing & Payments,dup_payment,False
TK-246375,Returns & Refunds,Returns & Refunds,return_pickup,False
TK-246376,Audio Quality,Audio Quality,audio,False
TK-246377,Delivery & Shipping,Returns & Refunds,return_pickup,True
TK-246378,Other,Connectivity,connectivity,True
TK-246380,Returns & Refunds,Returns & Refunds,refund_generic,False
TK-246381,Returns & Refunds,Returns & Refunds,return_pickup,False
TK-246382,Billing & Payments,Billing & Payments,coupon,False
TK-246383,Audio Quality,Audio Quality,mic_issue,False
TK-246384,Other,App & Firmware,app_firmware,True
TK-246385,Account & Login,Account & Login,login,False
TK-246387,Audio Quality,Audio Quality,audio,False
TK-246388,Delivery & Shipping,Delivery & Shipping,damaged_wrong,False
TK-246390,Other,Billing & Payments,cancel,True
TK-246391,Other,Billing & Payments,dup_payment,True
TK-246392,Delivery & Shipping,Delivery & Shipping,not_delivered,False
TK-246394,Other,Billing & Payments,cancel,True
TK-246395,Warranty & Repair,Other,unclassified,False
TK-246396,Other,Delivery & Shipping,not_delivered,True
TK-246397,Delivery & Shipping,Returns & Refunds,return_pickup,True
TK-246398,Charging & Battery,Charging & Battery,battery,False
TK-246399,Returns & Refunds,Returns & Refunds,return_pickup,False
TK-246400,Billing & Payments,Billing & Payments,invoice,False
TK-246401,Returns & Refunds,Returns & Refunds,return_pickup,False
TK-246402,Warranty & Repair,Warranty & Repair,warranty_repair,False
TK-246403,Warranty & Repair,Warranty & Repair,warranty_repair,False
TK-246404,Delivery & Shipping,Delivery & Shipping,not_delivered,False
TK-246405,Billing & Payments,Billing & Payments,dup_payment,False
TK-246407,Returns & Refunds,Returns & Refunds,return_pickup,False
TK-246408,Delivery & Shipping,Delivery & Shipping,not_delivered,False
TK-246409,Delivery & Shipping,Delivery & Shipping,not_delivered,False
TK-246410,Connectivity,Audio Quality,audio,True
TK-246411,Other,Charging & Battery,battery,True
TK-246413,App & Firmware,App & Firmware,app_firmware,False
TK-246414,Billing & Payments,Billing & Payments,dup_payment,False
TK-246415,Billing & Payments,Connectivity,connectivity,True
TK-246416,Billing & Payments,Billing & Payments,dup_payment,False
TK-246418,Delivery & Shipping,Billing & Payments,dup_payment,True
TK-246420,Delivery & Shipping,Delivery & Shipping,damaged_wrong,False
TK-246421,Charging & Battery,Charging & Battery,battery,False
TK-246423,Returns & Refunds,Delivery & Shipping,damaged_wrong,True
TK-246424,Other,Billing & Payments,cancel,True
TK-246426,Charging & Battery,Charging & Battery,battery,False
TK-246427,Charging & Battery,Charging & Battery,battery,False
TK-246428,Other,Billing & Payments,cancel,True
TK-246430,Billing & Payments,Connectivity,connectivity,True
TK-246431,Billing & Payments,Billing & Payments,dup_payment,False
TK-246433,Product Enquiry,Product Enquiry,enquiry,False
TK-246434,App & Firmware,App & Firmware,app_firmware,False
TK-246435,Charging & Battery,App & Firmware,app_firmware,True
TK-246436,Account & Login,Account & Login,login,False
TK-246437,App & Firmware,Charging & Battery,battery,True
TK-246439,Other,Other,unclassified,False
TK-246441,Delivery & Shipping,Delivery & Shipping,not_delivered,False
TK-246443,Delivery & Shipping,Delivery & Shipping,damaged_wrong,False
TK-246444,Billing & Payments,Billing & Payments,invoice,False
TK-246445,Returns & Refunds,Returns & Refunds,refund_status,False
TK-246446,Other,Billing & Payments,dup_payment,True
TK-246448,Billing & Payments,Connectivity,connectivity,True
TK-246449,Audio Quality,Audio Quality,audio,False
TK-246450,Charging & Battery,App & Firmware,app_firmware,True
TK-246451,Charging & Battery,Charging & Battery,battery,False
TK-246452,Returns & Refunds,Returns & Refunds,refund_status,False
TK-246453,Account & Login,Account & Login,login,False
TK-246455,Other,Delivery & Shipping,not_delivered,True
TK-246456,Connectivity,App & Firmware,app_firmware,True
TK-246457,Delivery & Shipping,Delivery & Shipping,not_delivered,False
TK-246458,Delivery & Shipping,Delivery & Shipping,damaged_wrong,False
TK-246459,Charging & Battery,Charging & Battery,battery,False
TK-246460,Audio Quality,Audio Quality,audio,False
TK-246461,Returns & Refunds,Returns & Refunds,refund_status,False
TK-246462,Account & Login,Account & Login,login,False
TK-246464,Account & Login,Account & Login,login,False
TK-246465,Audio Quality,Audio Quality,audio,False
TK-246467,App & Firmware,App & Firmware,app_firmware,False
TK-246468,Other,Billing & Payments,dup_payment,True
TK-246469,Connectivity,App & Firmware,app_firmware,True
TK-246471,Product Enquiry,Product Enquiry,enquiry,False
TK-246472,Billing & Payments,Billing & Payments,invoice,False
TK-246473,Other,Delivery & Shipping,not_delivered,True
TK-246475,Charging & Battery,Charging & Battery,battery,False
TK-246477,Returns & Refunds,Returns & Refunds,return_pickup,False
TK-246479,Account & Login,Account & Login,login,False
TK-246480,Billing & Payments,Billing & Payments,dup_payment,False
TK-246481,Billing & Payments,Billing & Payments,coupon,False
TK-246482,Billing & Payments,Billing & Payments,dup_payment,False
TK-246483,Warranty & Repair,Warranty & Repair,warranty_repair,False
TK-246484,Warranty & Repair,Warranty & Repair,warranty_repair,False
TK-246486,Warranty & Repair,Warranty & Repair,warranty_repair,False
TK-246487,Returns & Refunds,Returns & Refunds,refund_status,False
TK-246488,Account & Login,Account & Login,login,False
TK-246490,Delivery & Shipping,Returns & Refunds,return_pickup,True
TK-246491,Account & Login,Account & Login,login,False
TK-246492,Billing & Payments,Billing & Payments,dup_payment,False
TK-246493,Delivery & Shipping,Delivery & Shipping,not_delivered,False
TK-246494,Product Enquiry,Product Enquiry,enquiry,False
TK-246495,Product Enquiry,Product Enquiry,enquiry,False
TK-246496,Delivery & Shipping,Delivery & Shipping,damaged_wrong,False
TK-246498,Other,Billing & Payments,cancel,True
TK-246499,Audio Quality,Audio Quality,audio,False
TK-246501,Audio Quality,Connectivity,connectivity,True
TK-246502,Connectivity,Connectivity,connectivity,False
TK-246503,Delivery & Shipping,Delivery & Shipping,damaged_wrong,False
TK-246504,Other,Audio Quality,audio,True
TK-246505,Warranty & Repair,Other,unclassified,False
TK-246507,Charging & Battery,Billing & Payments,dup_payment,True
TK-246509,Billing & Payments,Billing & Payments,invoice,False
TK-246510,Billing & Payments,Billing & Payments,invoice,False
TK-246511,Delivery & Shipping,Delivery & Shipping,not_delivered,False
TK-246512,Connectivity,Connectivity,connectivity,False
TK-246513,Other,Delivery & Shipping,not_delivered,True
TK-246514,Other,Billing & Payments,cancel,True
TK-246515,Account & Login,Account & Login,login,False
TK-246516,Other,Delivery & Shipping,not_delivered,True
TK-246517,Other,Billing & Payments,cancel,True
TK-246518,Delivery & Shipping,Delivery & Shipping,damaged_wrong,False
TK-246520,Charging & Battery,Charging & Battery,battery,False
TK-246522,Billing & Payments,Returns & Refunds,refund_status,True
TK-246524,Other,Billing & Payments,cancel,True
TK-246526,Delivery & Shipping,Delivery & Shipping,not_delivered,False
TK-246527,Connectivity,Connectivity,connectivity,False
TK-246529,Returns & Refunds,Delivery & Shipping,not_delivered,True
TK-246530,Warranty & Repair,Delivery & Shipping,not_delivered,True
TK-246531,Returns & Refunds,Returns & Refunds,return_pickup,False
TK-246532,Delivery & Shipping,Delivery & Shipping,not_delivered,False
TK-246533,Delivery & Shipping,Billing & Payments,dup_payment,True
TK-246534,Account & Login,Account & Login,login,False
TK-246535,Billing & Payments,Billing & Payments,coupon,False
TK-246537,Audio Quality,Audio Quality,audio,False
TK-246539,Billing & Payments,Billing & Payments,dup_payment,False
TK-246540,Warranty & Repair,Delivery & Shipping,not_delivered,True
TK-246541,Warranty & Repair,Audio Quality,audio,True
TK-246542,App & Firmware,App & Firmware,app_firmware,False
TK-246543,Product Enquiry,Product Enquiry,enquiry,False
TK-246545,Delivery & Shipping,Delivery & Shipping,damaged_wrong,False
TK-246546,Returns & Refunds,Returns & Refunds,refund_status,False
TK-246547,Returns & Refunds,Returns & Refunds,refund_status,False
TK-246548,Billing & Payments,Billing & Payments,dup_payment,False
TK-246549,Audio Quality,Audio Quality,mic_issue,False
TK-246550,Delivery & Shipping,Delivery & Shipping,not_delivered,False
TK-246551,Delivery & Shipping,Delivery & Shipping,not_delivered,False
TK-246553,App & Firmware,Connectivity,connectivity,True
TK-246554,Product Enquiry,Product Enquiry,enquiry,False
TK-246555,Delivery & Shipping,Delivery & Shipping,not_delivered,False
TK-246556,Account & Login,Account & Login,login,False
TK-246557,Charging & Battery,Charging & Battery,battery,False
TK-246558,App & Firmware,App & Firmware,app_firmware,False
TK-246560,Charging & Battery,Audio Quality,audio,True
TK-246561,Delivery & Shipping,Delivery & Shipping,not_delivered,False
TK-246562,App & Firmware,App & Firmware,app_firmware,False
TK-246563,Delivery & Shipping,Delivery & Shipping,not_delivered,False
TK-246564,Other,App & Firmware,app_firmware,True
TK-246566,Delivery & Shipping,Delivery & Shipping,address_change,False
TK-246568,Other,Product Enquiry,enquiry,True
TK-246569,Delivery & Shipping,Delivery & Shipping,damaged_wrong,False
TK-246570,Returns & Refunds,Returns & Refunds,return_pickup,False
TK-246571,App & Firmware,Account & Login,login,True
TK-246572,Product Enquiry,Product Enquiry,enquiry,False
TK-246574,Other,Charging & Battery,battery,True
TK-246575,Account & Login,Account & Login,login,False
TK-246577,App & Firmware,App & Firmware,app_firmware,False
TK-246578,Other,Delivery & Shipping,not_delivered,True
TK-246579,Other,Billing & Payments,invoice,True
TK-246580,Delivery & Shipping,Delivery & Shipping,not_delivered,False
TK-246581,Billing & Payments,Billing & Payments,dup_payment,False
TK-246582,Product Enquiry,Billing & Payments,coupon,True
TK-246583,Returns & Refunds,Delivery & Shipping,not_delivered,True
TK-246585,Delivery & Shipping,Delivery & Shipping,damaged_wrong,False
TK-246586,App & Firmware,App & Firmware,app_firmware,False
TK-246587,Other,Delivery & Shipping,not_delivered,True
TK-246588,Billing & Payments,Billing & Payments,coupon,False
TK-246589,Charging & Battery,Charging & Battery,battery,False
TK-246590,Other,Billing & Payments,cancel,True
TK-246591,Warranty & Repair,Warranty & Repair,warranty_repair,False
TK-246593,Other,Delivery & Shipping,not_delivered,True
TK-246595,Warranty & Repair,Delivery & Shipping,damaged_wrong,True
TK-246596,Delivery & Shipping,Delivery & Shipping,not_delivered,False
TK-246597,Other,Billing & Payments,coupon,True
TK-246598,Other,Billing & Payments,cancel,True
TK-246599,Warranty & Repair,Warranty & Repair,warranty_repair,False
TK-246601,Delivery & Shipping,Billing & Payments,dup_payment,True
TK-246602,Audio Quality,Audio Quality,audio,False
TK-246603,Returns & Refunds,Returns & Refunds,refund_status,False
TK-246604,Warranty & Repair,Warranty & Repair,warranty_repair,False
TK-246605,Delivery & Shipping,Delivery & Shipping,damaged_wrong,False
TK-246606,Delivery & Shipping,Delivery & Shipping,not_delivered,False
TK-246607,Product Enquiry,Product Enquiry,enquiry,False
TK-246608,Returns & Refunds,Delivery & Shipping,damaged_wrong,True
TK-246609,Billing & Payments,Billing & Payments,coupon,False
TK-246610,Account & Login,Account & Login,login,False
TK-246611,Delivery & Shipping,Delivery & Shipping,damaged_wrong,False
TK-246612,Returns & Refunds,Delivery & Shipping,not_delivered,True
TK-246613,Delivery & Shipping,Returns & Refunds,return_pickup,True
TK-246614,Account & Login,Account & Login,login,False
TK-246615,Billing & Payments,Billing & Payments,coupon,False
TK-246616,Charging & Battery,Charging & Battery,battery,False
TK-246618,Other,Billing & Payments,cancel,True
TK-246619,Connectivity,Connectivity,connectivity,False
TK-246620,Audio Quality,Audio Quality,audio,False
TK-246621,Charging & Battery,App & Firmware,app_firmware,True
TK-246623,Other,Audio Quality,audio,True
TK-246624,Product Enquiry,Product Enquiry,enquiry,False
TK-246625,Billing & Payments,Billing & Payments,invoice,False
TK-246627,Delivery & Shipping,Delivery & Shipping,not_delivered,False
TK-246628,Billing & Payments,Billing & Payments,dup_payment,False
TK-246629,Other,Delivery & Shipping,not_delivered,True
TK-246630,Other,App & Firmware,app_firmware,True
TK-246632,Returns & Refunds,Returns & Refunds,return_pickup,False
TK-246633,Delivery & Shipping,Delivery & Shipping,damaged_wrong,False
TK-246634,Delivery & Shipping,Delivery & Shipping,damaged_wrong,False
TK-246635,Other,Product Enquiry,enquiry,True
TK-246636,Other,Audio Quality,audio,True
TK-246637,Other,Billing & Payments,invoice,True
TK-246639,App & Firmware,App & Firmware,app_firmware,False
TK-246640,Returns & Refunds,Returns & Refunds,refund_status,False
TK-246641,Connectivity,Connectivity,connectivity,False
TK-246643,Delivery & Shipping,Delivery & Shipping,damaged_wrong,False
TK-246644,Audio Quality,Returns & Refunds,refund_generic,True
TK-246645,Delivery & Shipping,Delivery & Shipping,address_change,False
TK-246646,Charging & Battery,Charging & Battery,battery,False
TK-246648,Charging & Battery,Charging & Battery,battery,False
TK-246650,Connectivity,Connectivity,connectivity,False
TK-246651,Returns & Refunds,Delivery & Shipping,not_delivered,True
TK-246653,Audio Quality,Audio Quality,audio,False
TK-246655,Connectivity,Connectivity,connectivity,False
TK-246656,Delivery & Shipping,Delivery & Shipping,damaged_wrong,False
TK-246657,Delivery & Shipping,Delivery & Shipping,damaged_wrong,False
TK-246658,Delivery & Shipping,Delivery & Shipping,not_delivered,False
TK-246659,Returns & Refunds,Returns & Refunds,return_pickup,False
TK-246660,Billing & Payments,Billing & Payments,coupon,False
TK-246661,Billing & Payments,Billing & Payments,dup_payment,False
TK-246662,Charging & Battery,Charging & Battery,battery,False
TK-246663,Returns & Refunds,Returns & Refunds,refund_status,False
TK-246665,Billing & Payments,Connectivity,connectivity,True
TK-246666,Audio Quality,Audio Quality,audio,False
TK-246668,App & Firmware,App & Firmware,app_firmware,False
TK-246669,Other,Delivery & Shipping,not_delivered,True
TK-246671,App & Firmware,App & Firmware,app_firmware,False
TK-246672,Other,Delivery & Shipping,not_delivered,True
TK-246673,Returns & Refunds,Returns & Refunds,refund_status,False
TK-246674,Billing & Payments,Billing & Payments,dup_payment,False
TK-246675,Audio Quality,Delivery & Shipping,not_delivered,True
TK-246677,Other,Connectivity,connectivity,True
TK-246678,Audio Quality,Audio Quality,audio,False
TK-246680,Audio Quality,Audio Quality,mic_issue,False
TK-246682,Returns & Refunds,Returns & Refunds,return_pickup,False
TK-246683,Returns & Refunds,Account & Login,login,True
TK-246685,Billing & Payments,Billing & Payments,dup_payment,False
TK-246686,Delivery & Shipping,Delivery & Shipping,not_delivered,False
TK-246687,Connectivity,App & Firmware,app_firmware,True
TK-246688,Connectivity,Connectivity,connectivity,False
TK-246690,Other,App & Firmware,app_firmware,True
TK-246691,Warranty & Repair,Other,unclassified,False
TK-246693,Delivery & Shipping,Delivery & Shipping,not_delivered,False
TK-246694,Charging & Battery,Charging & Battery,battery,False
TK-246695,App & Firmware,Connectivity,connectivity,True
TK-246696,Delivery & Shipping,Delivery & Shipping,not_delivered,False
TK-246697,Warranty & Repair,Other,unclassified,False
TK-246698,Billing & Payments,Billing & Payments,invoice,False
TK-246699,Other,Other,unclassified,False
TK-246700,Billing & Payments,Billing & Payments,invoice,False
TK-246701,Audio Quality,Audio Quality,audio,False
TK-246702,Connectivity,Connectivity,connectivity,False
TK-246703,App & Firmware,Charging & Battery,battery,True
TK-246704,Returns & Refunds,Returns & Refunds,refund_status,False
TK-246706,Returns & Refunds,Returns & Refunds,return_pickup,False
TK-246708,Billing & Payments,Connectivity,connectivity,True
TK-246709,App & Firmware,App & Firmware,app_firmware,False
TK-246710,Connectivity,Connectivity,connectivity,False
TK-246712,Account & Login,Account & Login,login,False
TK-246713,Billing & Payments,Billing & Payments,dup_payment,False
TK-246714,Other,Audio Quality,mic_issue,True
TK-246715,Delivery & Shipping,Delivery & Shipping,not_delivered,False
TK-246717,Charging & Battery,App & Firmware,app_firmware,True
TK-246719,Other,Billing & Payments,cancel,True
TK-246720,Delivery & Shipping,Delivery & Shipping,not_delivered,False
TK-246722,Connectivity,Connectivity,connectivity,False
TK-246723,Other,Delivery & Shipping,address_change,True
TK-246724,Returns & Refunds,Returns & Refunds,return_pickup,False
TK-246725,Other,Delivery & Shipping,address_change,True
TK-246726,Audio Quality,Audio Quality,audio,False
TK-246727,Billing & Payments,Other,unclassified,False
TK-246729,Billing & Payments,Billing & Payments,invoice,False
TK-246730,Billing & Payments,Billing & Payments,invoice,False
TK-246732,Other,Billing & Payments,cancel,True
TK-246733,App & Firmware,App & Firmware,app_firmware,False
TK-246734,Warranty & Repair,Warranty & Repair,warranty_repair,False
TK-246735,Charging & Battery,Charging & Battery,battery,False
TK-246736,Billing & Payments,Billing & Payments,dup_payment,False
TK-246737,Connectivity,Connectivity,connectivity,False
TK-246738,Returns & Refunds,Returns & Refunds,return_pickup,False
TK-246739,App & Firmware,Charging & Battery,battery,True
TK-246740,Charging & Battery,Charging & Battery,battery,False
TK-246742,Connectivity,Audio Quality,audio,True
TK-246744,App & Firmware,App & Firmware,app_firmware,False
TK-246745,Delivery & Shipping,Delivery & Shipping,damaged_wrong,False
TK-246747,Billing & Payments,Returns & Refunds,refund_status,True
TK-246749,Delivery & Shipping,Delivery & Shipping,not_delivered,False
TK-246750,Charging & Battery,Delivery & Shipping,not_delivered,True
TK-246751,Warranty & Repair,Warranty & Repair,warranty_repair,False
TK-246752,Returns & Refunds,Delivery & Shipping,not_delivered,True
TK-246753,Delivery & Shipping,Delivery & Shipping,not_delivered,False
TK-246754,Other,Billing & Payments,cancel,True
TK-246755,Returns & Refunds,Returns & Refunds,refund_status,False
TK-246757,Other,App & Firmware,app_firmware,True
TK-246758,Billing & Payments,Returns & Refunds,refund_status,True
TK-246759,App & Firmware,Account & Login,login,True
TK-246760,Billing & Payments,Billing & Payments,dup_payment,False
TK-246762,App & Firmware,Account & Login,login,True
TK-246763,Audio Quality,Audio Quality,audio,False
TK-246764,Other,App & Firmware,app_firmware,True
TK-246765,Delivery & Shipping,Billing & Payments,dup_payment,True
TK-246766,Other,Product Enquiry,enquiry,True
TK-246767,Returns & Refunds,Returns & Refunds,refund_status,False
TK-246768,Delivery & Shipping,Delivery & Shipping,not_delivered,False
TK-246769,Delivery & Shipping,Delivery & Shipping,not_delivered,False
TK-246771,Other,Delivery & Shipping,not_delivered,True
TK-246772,Billing & Payments,Returns & Refunds,refund_generic,True
TK-246773,Warranty & Repair,Warranty & Repair,warranty_repair,False
TK-246774,Billing & Payments,Connectivity,connectivity,True
TK-246776,Delivery & Shipping,Delivery & Shipping,not_delivered,False
TK-246778,Delivery & Shipping,Billing & Payments,dup_payment,True
TK-246779,App & Firmware,App & Firmware,app_firmware,False
TK-246781,Returns & Refunds,Returns & Refunds,return_pickup,False
TK-246782,App & Firmware,App & Firmware,app_firmware,False
TK-246784,Account & Login,Billing & Payments,invoice,True
TK-246786,Billing & Payments,Billing & Payments,invoice,False
TK-246787,Connectivity,Connectivity,connectivity,False
TK-246789,Billing & Payments,Billing & Payments,dup_payment,False
TK-246790,Delivery & Shipping,Delivery & Shipping,damaged_wrong,False
TK-246791,Billing & Payments,Billing & Payments,coupon,False
TK-246792,Returns & Refunds,Returns & Refunds,refund_status,False
TK-246793,App & Firmware,App & Firmware,app_firmware,False
TK-246795,Delivery & Shipping,Delivery & Shipping,not_delivered,False
TK-246796,Audio Quality,Audio Quality,mic_issue,False
TK-246797,Other,Returns & Refunds,refund_generic,True
TK-246798,Audio Quality,Audio Quality,audio,False
TK-246800,Audio Quality,Returns & Refunds,return_pickup,True
TK-246801,Delivery & Shipping,Delivery & Shipping,damaged_wrong,False
TK-246802,Charging & Battery,App & Firmware,app_firmware,True
TK-246803,Delivery & Shipping,Delivery & Shipping,not_delivered,False
TK-246804,Returns & Refunds,Returns & Refunds,refund_status,False
TK-246806,Connectivity,Connectivity,connectivity,False
TK-246807,Audio Quality,Audio Quality,audio,False
TK-246809,App & Firmware,App & Firmware,app_firmware,False
TK-246811,Other,Product Enquiry,enquiry,True
TK-246812,Delivery & Shipping,Delivery & Shipping,not_delivered,False
TK-246813,Connectivity,Connectivity,connectivity,False
TK-246815,Connectivity,Connectivity,connectivity,False
TK-246817,Connectivity,Connectivity,connectivity,False
TK-246818,Other,Delivery & Shipping,not_delivered,True
TK-246819,Delivery & Shipping,Delivery & Shipping,damaged_wrong,False
TK-246820,Account & Login,Account & Login,login,False
TK-246822,Audio Quality,Audio Quality,audio,False
TK-246823,Billing & Payments,Other,unclassified,False
TK-246824,Other,Connectivity,connectivity,True
TK-246825,Delivery & Shipping,Delivery & Shipping,damaged_wrong,False
TK-246826,Product Enquiry,Product Enquiry,enquiry,False
TK-246827,Connectivity,Connectivity,connectivity,False
TK-246829,Other,Warranty & Repair,warranty_repair,True
TK-246830,Delivery & Shipping,Delivery & Shipping,damaged_wrong,False
TK-246831,Audio Quality,Audio Quality,audio,False
TK-246832,Delivery & Shipping,Delivery & Shipping,damaged_wrong,False
TK-246833,Audio Quality,Returns & Refunds,return_pickup,True
TK-246835,Delivery & Shipping,Delivery & Shipping,not_delivered,False
TK-246836,Connectivity,Connectivity,connectivity,False
TK-246837,Billing & Payments,Returns & Refunds,refund_status,True
TK-246838,App & Firmware,App & Firmware,app_firmware,False
TK-246839,Delivery & Shipping,Delivery & Shipping,not_delivered,False
TK-246840,Delivery & Shipping,Delivery & Shipping,not_delivered,False
TK-246841,Returns & Refunds,Returns & Refunds,return_pickup,False
TK-246843,Delivery & Shipping,Billing & Payments,dup_payment,True
TK-246844,Other,Delivery & Shipping,not_delivered,True
TK-246845,Returns & Refunds,Returns & Refunds,return_pickup,False
TK-246846,Product Enquiry,Product Enquiry,enquiry,False
TK-246847,Charging & Battery,Charging & Battery,battery,False
TK-246848,Other,Billing & Payments,cancel,True
TK-246849,Charging & Battery,Charging & Battery,battery,False
TK-246850,Billing & Payments,Billing & Payments,invoice,False
TK-246852,Billing & Payments,Connectivity,connectivity,True
TK-246853,Other,Connectivity,connectivity,True
TK-246854,Charging & Battery,App & Firmware,app_firmware,True
TK-246855,Warranty & Repair,Warranty & Repair,warranty_repair,False
TK-246856,Charging & Battery,Delivery & Shipping,not_delivered,True
TK-246857,Returns & Refunds,Returns & Refunds,refund_status,False
TK-246858,Returns & Refunds,Returns & Refunds,refund_generic,False
TK-246859,Other,Other,unclassified,False
TK-246860,Delivery & Shipping,Delivery & Shipping,address_change,False
TK-246861,Delivery & Shipping,Delivery & Shipping,damaged_wrong,False
TK-246862,Product Enquiry,Product Enquiry,enquiry,False
TK-246864,Delivery & Shipping,Delivery & Shipping,damaged_wrong,False
TK-246865,Billing & Payments,Billing & Payments,invoice,False
TK-246866,Returns & Refunds,Returns & Refunds,refund_status,False
TK-246868,Returns & Refunds,Returns & Refunds,refund_status,False
TK-246869,Connectivity,Delivery & Shipping,not_delivered,True
TK-246870,Returns & Refunds,Returns & Refunds,refund_status,False
TK-246871,Other,App & Firmware,app_firmware,True
TK-246872,Billing & Payments,Billing & Payments,invoice,False
TK-246873,App & Firmware,App & Firmware,app_firmware,False
TK-246875,Delivery & Shipping,Delivery & Shipping,not_delivered,False
TK-246876,Billing & Payments,Billing & Payments,coupon,False
TK-246877,Billing & Payments,Billing & Payments,dup_payment,False
TK-246879,Billing & Payments,Billing & Payments,invoice,False
TK-246880,Product Enquiry,Product Enquiry,enquiry,False
TK-246882,Returns & Refunds,Returns & Refunds,refund_status,False
TK-246884,Billing & Payments,Billing & Payments,coupon,False
TK-246885,App & Firmware,App & Firmware,app_firmware,False
TK-246887,Returns & Refunds,Returns & Refunds,refund_status,False
TK-246888,Connectivity,Connectivity,connectivity,False
TK-246889,Other,Account & Login,login,True
TK-246891,Other,Warranty & Repair,warranty_repair,True
TK-246892,Connectivity,Connectivity,connectivity,False
TK-246893,Charging & Battery,Charging & Battery,battery,False
TK-246894,Product Enquiry,Product Enquiry,enquiry,False
TK-246895,Other,Product Enquiry,enquiry,True
TK-246897,Delivery & Shipping,Delivery & Shipping,not_delivered,False
TK-246898,Returns & Refunds,Returns & Refunds,refund_status,False
TK-246900,Warranty & Repair,Other,unclassified,False
TK-246901,Returns & Refunds,Returns & Refunds,return_pickup,False
TK-246902,Charging & Battery,App & Firmware,app_firmware,True
TK-246903,Product Enquiry,Product Enquiry,enquiry,False
TK-246904,Returns & Refunds,Returns & Refunds,return_pickup,False
TK-246905,Billing & Payments,Returns & Refunds,refund_status,True
TK-246906,Returns & Refunds,Returns & Refunds,return_pickup,False
TK-246907,Connectivity,Connectivity,connectivity,False
TK-246909,Delivery & Shipping,Delivery & Shipping,not_delivered,False
TK-246910,Charging & Battery,Returns & Refunds,refund_generic,True
TK-246911,Billing & Payments,Billing & Payments,coupon,False
TK-246913,Other,Product Enquiry,enquiry,True
TK-246915,Account & Login,Account & Login,login,False
TK-246916,Billing & Payments,Billing & Payments,coupon,False
TK-246917,Charging & Battery,Billing & Payments,dup_payment,True
TK-246918,App & Firmware,Product Enquiry,enquiry,True
TK-246919,Other,Billing & Payments,cancel,True
TK-246920,Audio Quality,Connectivity,connectivity,True
TK-246921,Delivery & Shipping,Delivery & Shipping,not_delivered,False
TK-246923,Delivery & Shipping,Delivery & Shipping,damaged_wrong,False
TK-246924,App & Firmware,App & Firmware,app_firmware,False
TK-246925,Other,App & Firmware,app_firmware,True
TK-246926,App & Firmware,App & Firmware,app_firmware,False
TK-246927,Other,Product Enquiry,enquiry,True
TK-246928,Connectivity,Connectivity,connectivity,False
TK-246929,Returns & Refunds,Returns & Refunds,return_pickup,False
TK-246930,Other,Delivery & Shipping,address_change,True
TK-246932,Connectivity,Connectivity,connectivity,False
TK-246934,Billing & Payments,Billing & Payments,coupon,False
TK-246935,Product Enquiry,Product Enquiry,enquiry,False
TK-246937,Delivery & Shipping,Delivery & Shipping,not_delivered,False
TK-246938,Charging & Battery,Charging & Battery,battery,False
TK-246939,Billing & Payments,Billing & Payments,dup_payment,False
TK-246940,Returns & Refunds,Delivery & Shipping,not_delivered,True
TK-246941,Returns & Refunds,Returns & Refunds,return_pickup,False
TK-246942,Other,Product Enquiry,enquiry,True
TK-246943,Product Enquiry,Product Enquiry,enquiry,False
TK-246944,App & Firmware,App & Firmware,app_firmware,False
TK-246945,Returns & Refunds,Returns & Refunds,refund_status,False
TK-246946,Connectivity,Connectivity,connectivity,False
TK-246948,Billing & Payments,Billing & Payments,dup_payment,False
TK-246949,Warranty & Repair,Other,unclassified,False
TK-246950,Delivery & Shipping,Delivery & Shipping,not_delivered,False
TK-246951,Other,Delivery & Shipping,address_change,True
TK-246953,Delivery & Shipping,Delivery & Shipping,not_delivered,False
TK-246954,Charging & Battery,Charging & Battery,battery,False
TK-246955,Returns & Refunds,Returns & Refunds,return_pickup,False
TK-246956,Delivery & Shipping,Returns & Refunds,return_pickup,True
TK-246957,Other,Connectivity,connectivity,True
TK-246958,App & Firmware,App & Firmware,app_firmware,False
TK-246959,Returns & Refunds,Returns & Refunds,return_pickup,False
TK-246961,App & Firmware,Connectivity,connectivity,True
TK-246962,Delivery & Shipping,Delivery & Shipping,damaged_wrong,False
TK-246963,Connectivity,Connectivity,connectivity,False
TK-246964,Connectivity,Connectivity,connectivity,False
TK-246965,Charging & Battery,Charging & Battery,battery,False
TK-246966,Returns & Refunds,Delivery & Shipping,not_delivered,True
TK-246968,Charging & Battery,Charging & Battery,battery,False
TK-246969,Other,Billing & Payments,dup_payment,True
TK-246971,Returns & Refunds,Returns & Refunds,refund_status,False
TK-246972,Account & Login,Account & Login,login,False
TK-246973,Billing & Payments,Billing & Payments,dup_payment,False
TK-246974,Other,Product Enquiry,enquiry,True
TK-246975,Returns & Refunds,Delivery & Shipping,not_delivered,True
TK-246977,Delivery & Shipping,Delivery & Shipping,damaged_wrong,False
TK-246978,Account & Login,Account & Login,login,False
TK-246980,Returns & Refunds,Returns & Refunds,refund_status,False
TK-246981,Connectivity,App & Firmware,app_firmware,True
TK-246983,Other,Billing & Payments,cancel,True
TK-246984,Delivery & Shipping,Delivery & Shipping,not_delivered,False
TK-246985,Product Enquiry,Product Enquiry,enquiry,False
TK-246986,Connectivity,Connectivity,connectivity,False
TK-246987,Returns & Refunds,Returns & Refunds,return_pickup,False
TK-246988,Billing & Payments,Billing & Payments,coupon,False
TK-246990,Audio Quality,Audio Quality,audio,False
TK-246991,Billing & Payments,Connectivity,connectivity,True
TK-246992,App & Firmware,Connectivity,connectivity,True
TK-246993,Delivery & Shipping,Delivery & Shipping,damaged_wrong,False
TK-246994,Returns & Refunds,Other,unclassified,False
TK-246995,Delivery & Shipping,Delivery & Shipping,not_delivered,False
TK-246997,Delivery & Shipping,Delivery & Shipping,damaged_wrong,False
TK-246999,Warranty & Repair,Warranty & Repair,warranty_repair,False
TK-247000,Delivery & Shipping,Delivery & Shipping,damaged_wrong,False
TK-247001,Delivery & Shipping,Delivery & Shipping,not_delivered,False
TK-247002,Charging & Battery,Charging & Battery,battery,False
TK-247003,Product Enquiry,Product Enquiry,enquiry,False
TK-247004,Audio Quality,Audio Quality,audio,False
TK-247005,Returns & Refunds,Returns & Refunds,return_pickup,False
TK-247006,Warranty & Repair,Delivery & Shipping,damaged_wrong,True
TK-247007,Billing & Payments,Billing & Payments,dup_payment,False
TK-247008,App & Firmware,Connectivity,connectivity,True
TK-247009,Charging & Battery,Charging & Battery,battery,False
TK-247010,Delivery & Shipping,Delivery & Shipping,not_delivered,False
TK-247012,Charging & Battery,Charging & Battery,battery,False
TK-247014,Charging & Battery,Returns & Refunds,refund_generic,True
TK-247015,Other,Billing & Payments,dup_payment,True
TK-247016,Other,App & Firmware,app_firmware,True
TK-247017,Charging & Battery,Returns & Refunds,refund_generic,True
TK-247018,Delivery & Shipping,Returns & Refunds,return_pickup,True
TK-247019,Charging & Battery,Charging & Battery,battery,False
TK-247020,Charging & Battery,Billing & Payments,dup_payment,True
TK-247022,Other,Billing & Payments,dup_payment,True
TK-247024,Product Enquiry,Product Enquiry,enquiry,False
TK-247025,Billing & Payments,Billing & Payments,dup_payment,False
TK-247026,Other,Billing & Payments,dup_payment,True
TK-247027,Other,Delivery & Shipping,address_change,True
TK-247028,App & Firmware,App & Firmware,app_firmware,False
TK-247029,Billing & Payments,Billing & Payments,dup_payment,False
TK-247030,Billing & Payments,Billing & Payments,invoice,False
TK-247031,Returns & Refunds,Returns & Refunds,return_pickup,False
TK-247032,Delivery & Shipping,Delivery & Shipping,not_delivered,False
TK-247033,Charging & Battery,Charging & Battery,battery,False
TK-247035,Product Enquiry,Product Enquiry,enquiry,False
TK-247036,Charging & Battery,Charging & Battery,battery,False
TK-247037,Delivery & Shipping,Delivery & Shipping,damaged_wrong,False
TK-247038,Connectivity,Connectivity,connectivity,False
TK-247039,Other,Delivery & Shipping,address_change,True
TK-247040,Billing & Payments,Billing & Payments,coupon,False
TK-247041,Product Enquiry,Product Enquiry,enquiry,False
TK-247042,Billing & Payments,Returns & Refunds,refund_status,True
TK-247043,Audio Quality,Audio Quality,audio,False
TK-247044,Billing & Payments,Billing & Payments,dup_payment,False
TK-247046,Charging & Battery,Charging & Battery,battery,False
TK-247047,Other,Billing & Payments,cancel,True
TK-247048,Billing & Payments,Billing & Payments,invoice,False
TK-247049,Account & Login,Account & Login,login,False
TK-247050,Charging & Battery,Charging & Battery,battery,False
TK-247051,Delivery & Shipping,Delivery & Shipping,damaged_wrong,False
TK-247052,Other,Delivery & Shipping,not_delivered,True
TK-247053,Connectivity,Connectivity,connectivity,False
TK-247054,Delivery & Shipping,Delivery & Shipping,not_delivered,False
TK-247056,Other,Delivery & Shipping,not_delivered,True
TK-247057,App & Firmware,Connectivity,connectivity,True
TK-247058,Billing & Payments,Billing & Payments,coupon,False
TK-247059,Warranty & Repair,Audio Quality,audio,True
TK-247060,Other,Audio Quality,audio,True
TK-247061,Returns & Refunds,Returns & Refunds,refund_status,False
TK-247062,Billing & Payments,Billing & Payments,invoice,False
TK-247064,Product Enquiry,Product Enquiry,enquiry,False
TK-247065,Connectivity,Connectivity,connectivity,False
TK-247067,Warranty & Repair,Charging & Battery,battery,True
TK-247068,Other,Delivery & Shipping,not_delivered,True
TK-247069,Delivery & Shipping,Returns & Refunds,return_pickup,True
TK-247070,Billing & Payments,Billing & Payments,coupon,False
TK-247071,Delivery & Shipping,Delivery & Shipping,not_delivered,False
TK-247072,Product Enquiry,Product Enquiry,enquiry,False
TK-247073,Billing & Payments,Billing & Payments,dup_payment,False
TK-247074,Billing & Payments,Billing & Payments,coupon,False
TK-247075,Returns & Refunds,Returns & Refunds,refund_status,False
TK-247076,Other,Audio Quality,audio,True
TK-247077,Returns & Refunds,Returns & Refunds,refund_status,False
TK-247079,Delivery & Shipping,Delivery & Shipping,not_delivered,False
TK-247081,Audio Quality,Audio Quality,mic_issue,False
TK-247082,Delivery & Shipping,Delivery & Shipping,not_delivered,False
TK-247084,App & Firmware,App & Firmware,app_firmware,False
TK-247085,Delivery & Shipping,Billing & Payments,cancel,True
TK-247087,Delivery & Shipping,Delivery & Shipping,damaged_wrong,False
TK-247089,Other,Billing & Payments,cancel,True
TK-247090,Connectivity,Connectivity,connectivity,False
TK-247091,Audio Quality,Delivery & Shipping,damaged_wrong,True
TK-247092,Delivery & Shipping,Delivery & Shipping,not_delivered,False
TK-247093,Delivery & Shipping,Delivery & Shipping,damaged_wrong,False
TK-247094,Billing & Payments,Billing & Payments,dup_payment,False
TK-247095,Other,Billing & Payments,cancel,True
TK-247097,Warranty & Repair,Other,unclassified,False
TK-247098,Billing & Payments,Billing & Payments,invoice,False
TK-247100,Charging & Battery,Charging & Battery,battery,False
TK-247101,Delivery & Shipping,Delivery & Shipping,not_delivered,False
TK-247102,Other,Billing & Payments,cancel,True
TK-247103,Returns & Refunds,Returns & Refunds,refund_status,False
TK-247104,Billing & Payments,Billing & Payments,coupon,False
TK-247105,Audio Quality,Audio Quality,audio,False
TK-247106,App & Firmware,App & Firmware,app_firmware,False
TK-247107,Audio Quality,Audio Quality,audio,False
TK-247108,Other,Other,unclassified,False
TK-247109,App & Firmware,Connectivity,connectivity,True
TK-247110,Billing & Payments,Billing & Payments,invoice,False
TK-247111,Account & Login,Account & Login,login,False
TK-247112,Billing & Payments,Billing & Payments,invoice,False
TK-247114,Other,Delivery & Shipping,not_delivered,True
TK-247116,Charging & Battery,App & Firmware,app_firmware,True
TK-247117,Returns & Refunds,Returns & Refunds,refund_status,False
TK-247118,Billing & Payments,Billing & Payments,dup_payment,False
TK-247119,Warranty & Repair,Warranty & Repair,warranty_repair,False
TK-247121,Other,App & Firmware,app_firmware,True
TK-247122,Charging & Battery,Warranty & Repair,warranty_repair,True
TK-247123,Connectivity,App & Firmware,app_firmware,True
TK-247124,Other,Connectivity,connectivity,True
TK-247126,Billing & Payments,Billing & Payments,dup_payment,False
TK-247127,Delivery & Shipping,Delivery & Shipping,not_delivered,False
TK-247128,Billing & Payments,Billing & Payments,coupon,False
TK-247129,Billing & Payments,Billing & Payments,dup_payment,False
TK-247130,Connectivity,Connectivity,connectivity,False
TK-247131,Audio Quality,Audio Quality,audio,False
TK-247132,Product Enquiry,Product Enquiry,enquiry,False
TK-247133,Account & Login,Account & Login,login,False
TK-247134,Billing & Payments,Returns & Refunds,refund_status,True
TK-247136,Billing & Payments,Billing & Payments,coupon,False
TK-247137,Warranty & Repair,Warranty & Repair,warranty_repair,False
TK-247138,Returns & Refunds,Returns & Refunds,refund_status,False
TK-247139,Connectivity,Connectivity,connectivity,False
TK-247140,Charging & Battery,Delivery & Shipping,not_delivered,True
TK-247141,Warranty & Repair,Warranty & Repair,warranty_repair,False
TK-247142,Billing & Payments,Billing & Payments,dup_payment,False
TK-247143,Charging & Battery,Charging & Battery,battery,False
TK-247144,Billing & Payments,Billing & Payments,dup_payment,False
TK-247145,Delivery & Shipping,Delivery & Shipping,not_delivered,False
TK-247147,Other,Delivery & Shipping,address_change,True
TK-247148,Returns & Refunds,Returns & Refunds,refund_status,False
TK-247149,Delivery & Shipping,Delivery & Shipping,damaged_wrong,False
TK-247151,Charging & Battery,Charging & Battery,battery,False
TK-247153,Delivery & Shipping,Delivery & Shipping,damaged_wrong,False
TK-247155,Other,Connectivity,connectivity,True
TK-247157,Returns & Refunds,Returns & Refunds,refund_status,False
TK-247159,Other,Other,unclassified,False
TK-247160,Audio Quality,Audio Quality,audio,False
TK-247162,Connectivity,Connectivity,connectivity,False
TK-247163,Charging & Battery,Billing & Payments,dup_payment,True
TK-247164,Delivery & Shipping,Billing & Payments,cancel,True
TK-247165,Billing & Payments,Billing & Payments,invoice,False
TK-247166,Delivery & Shipping,Delivery & Shipping,damaged_wrong,False
TK-247168,Delivery & Shipping,Delivery & Shipping,not_delivered,False
TK-247170,Returns & Refunds,Delivery & Shipping,not_delivered,True
TK-247172,Connectivity,Connectivity,connectivity,False
TK-247173,App & Firmware,App & Firmware,app_firmware,False
TK-247174,Account & Login,Account & Login,login,False
TK-247176,Returns & Refunds,Returns & Refunds,return_pickup,False
TK-247178,Returns & Refunds,Delivery & Shipping,not_delivered,True
TK-247179,Account & Login,Account & Login,login,False
TK-247181,App & Firmware,App & Firmware,app_firmware,False
TK-247182,Other,App & Firmware,app_firmware,True
TK-247183,Billing & Payments,Billing & Payments,dup_payment,False
TK-247184,Audio Quality,Audio Quality,mic_issue,False
TK-247185,Product Enquiry,Product Enquiry,enquiry,False
TK-247186,Delivery & Shipping,Delivery & Shipping,not_delivered,False
TK-247188,Audio Quality,Audio Quality,mic_issue,False
TK-247189,Other,Billing & Payments,dup_payment,True
TK-247190,Account & Login,Account & Login,login,False
TK-247192,Delivery & Shipping,Delivery & Shipping,damaged_wrong,False
TK-247193,Audio Quality,Audio Quality,audio,False
TK-247194,Delivery & Shipping,Delivery & Shipping,not_delivered,False
TK-247195,Audio Quality,Delivery & Shipping,damaged_wrong,True
TK-247196,Audio Quality,Audio Quality,mic_issue,False
TK-247197,Connectivity,Connectivity,connectivity,False
TK-247199,Audio Quality,Audio Quality,audio,False
TK-247200,Delivery & Shipping,Delivery & Shipping,not_delivered,False
TK-247201,Other,Account & Login,login,True
TK-247202,Other,Delivery & Shipping,not_delivered,True
TK-247203,Billing & Payments,Billing & Payments,invoice,False
TK-247204,Warranty & Repair,Warranty & Repair,warranty_repair,False
TK-247205,Other,App & Firmware,app_firmware,True
TK-247206,Charging & Battery,Billing & Payments,dup_payment,True
TK-247207,Returns & Refunds,Other,unclassified,False
TK-247208,App & Firmware,Other,unclassified,False
TK-247209,Delivery & Shipping,Delivery & Shipping,damaged_wrong,False
TK-247210,Charging & Battery,Charging & Battery,battery,False
TK-247211,Other,Billing & Payments,cancel,True
TK-247212,Charging & Battery,Charging & Battery,battery,False
TK-247213,Delivery & Shipping,Delivery & Shipping,not_delivered,False
TK-247214,Billing & Payments,Billing & Payments,coupon,False
TK-247215,Other,Warranty & Repair,warranty_repair,True
TK-247216,Product Enquiry,Product Enquiry,enquiry,False
TK-247217,App & Firmware,App & Firmware,app_firmware,False
TK-247219,Delivery & Shipping,Delivery & Shipping,not_delivered,False
TK-247220,Billing & Payments,Billing & Payments,invoice,False
TK-247221,Connectivity,Connectivity,connectivity,False
TK-247223,Other,Product Enquiry,enquiry,True
TK-247224,Billing & Payments,Connectivity,connectivity,True
TK-247226,Billing & Payments,Billing & Payments,invoice,False
TK-247227,Warranty & Repair,Delivery & Shipping,damaged_wrong,True
TK-247228,Other,Charging & Battery,battery,True
TK-247229,Audio Quality,Audio Quality,audio,False
TK-247230,Other,Warranty & Repair,warranty_repair,True
TK-247231,App & Firmware,Other,unclassified,False
TK-247232,Connectivity,Connectivity,connectivity,False
TK-247233,Warranty & Repair,Warranty & Repair,warranty_repair,False
TK-247234,Other,Delivery & Shipping,address_change,True
TK-247235,Charging & Battery,Charging & Battery,battery,False
TK-247236,Audio Quality,Audio Quality,audio,False
TK-247237,Account & Login,Account & Login,login,False
TK-247238,Delivery & Shipping,Delivery & Shipping,not_delivered,False
TK-247239,Delivery & Shipping,Delivery & Shipping,address_change,False
TK-247241,Billing & Payments,Delivery & Shipping,not_delivered,True
TK-247242,Charging & Battery,Charging & Battery,battery,False
TK-247243,Billing & Payments,Billing & Payments,dup_payment,False
TK-247244,Billing & Payments,Billing & Payments,invoice,False
TK-247246,Delivery & Shipping,Delivery & Shipping,not_delivered,False
TK-247247,Connectivity,Connectivity,connectivity,False
TK-247248,Product Enquiry,Connectivity,connectivity,True
TK-247249,Audio Quality,Connectivity,connectivity,True
TK-247250,Billing & Payments,Billing & Payments,coupon,False
TK-247251,Billing & Payments,Billing & Payments,invoice,False
TK-247252,Billing & Payments,Billing & Payments,dup_payment,False
TK-247253,Billing & Payments,Connectivity,connectivity,True
TK-247254,Connectivity,Connectivity,connectivity,False
TK-247255,Other,Billing & Payments,dup_payment,True
TK-247256,Other,Delivery & Shipping,address_change,True
TK-247257,Delivery & Shipping,Delivery & Shipping,address_change,False
TK-247259,Billing & Payments,Billing & Payments,dup_payment,False
TK-247260,Returns & Refunds,Delivery & Shipping,not_delivered,True
TK-247261,Warranty & Repair,Warranty & Repair,warranty_repair,False
TK-247262,Delivery & Shipping,Delivery & Shipping,not_delivered,False
TK-247263,Delivery & Shipping,Delivery & Shipping,not_delivered,False
TK-247264,Delivery & Shipping,Delivery & Shipping,not_delivered,False
TK-247265,Returns & Refunds,Returns & Refunds,return_pickup,False
TK-247266,Delivery & Shipping,Delivery & Shipping,not_delivered,False
TK-247267,Warranty & Repair,Warranty & Repair,warranty_repair,False
TK-247268,Connectivity,Connectivity,connectivity,False
TK-247269,Billing & Payments,Billing & Payments,dup_payment,False
TK-247270,Billing & Payments,Billing & Payments,coupon,False
TK-247271,Connectivity,Connectivity,connectivity,False
TK-247272,Delivery & Shipping,Delivery & Shipping,not_delivered,False
TK-247274,Charging & Battery,App & Firmware,app_firmware,True
TK-247275,Charging & Battery,Charging & Battery,battery,False
TK-247276,Delivery & Shipping,Delivery & Shipping,damaged_wrong,False
TK-247277,Connectivity,Connectivity,connectivity,False
TK-247279,Returns & Refunds,Delivery & Shipping,not_delivered,True
TK-247281,Delivery & Shipping,Delivery & Shipping,damaged_wrong,False
TK-247283,Delivery & Shipping,Delivery & Shipping,damaged_wrong,False
TK-247284,Connectivity,Audio Quality,audio,True
TK-247285,Other,Delivery & Shipping,damaged_wrong,True
TK-247286,Billing & Payments,Billing & Payments,coupon,False
TK-247287,Delivery & Shipping,Delivery & Shipping,damaged_wrong,False
TK-247288,Returns & Refunds,Returns & Refunds,return_pickup,False
TK-247289,Account & Login,Account & Login,login,False
TK-247290,Delivery & Shipping,Delivery & Shipping,damaged_wrong,False
TK-247292,Billing & Payments,Billing & Payments,dup_payment,False
TK-247293,Warranty & Repair,Other,unclassified,False
TK-247294,Audio Quality,Audio Quality,audio,False
TK-247296,Delivery & Shipping,Delivery & Shipping,damaged_wrong,False
TK-247297,Other,Delivery & Shipping,not_delivered,True
TK-247298,Delivery & Shipping,Delivery & Shipping,not_delivered,False
TK-247299,Audio Quality,Audio Quality,audio,False
TK-247301,Connectivity,Connectivity,connectivity,False
TK-247302,Returns & Refunds,Returns & Refunds,return_pickup,False
TK-247303,Billing & Payments,Returns & Refunds,refund_status,True
TK-247305,Delivery & Shipping,Delivery & Shipping,damaged_wrong,False
TK-247307,Other,Delivery & Shipping,address_change,True
TK-247308,Returns & Refunds,Returns & Refunds,refund_status,False
TK-247309,Charging & Battery,Charging & Battery,battery,False
TK-247310,Charging & Battery,Charging & Battery,battery,False
TK-247312,Delivery & Shipping,Delivery & Shipping,not_delivered,False
TK-247313,Warranty & Repair,Returns & Refunds,refund_generic,True
TK-247314,Audio Quality,Delivery & Shipping,damaged_wrong,True
TK-247315,App & Firmware,App & Firmware,app_firmware,False
TK-247316,Connectivity,Connectivity,connectivity,False
TK-247318,Returns & Refunds,Returns & Refunds,refund_status,False
TK-247319,Product Enquiry,Product Enquiry,enquiry,False
TK-247320,Delivery & Shipping,Delivery & Shipping,not_delivered,False
TK-247321,Other,Billing & Payments,dup_payment,True
TK-247322,Billing & Payments,Billing & Payments,cancel,False
TK-247323,App & Firmware,Charging & Battery,battery,True
TK-247324,Audio Quality,Audio Quality,mic_issue,False
TK-247325,Charging & Battery,Charging & Battery,battery,False
TK-247327,Billing & Payments,Billing & Payments,coupon,False
TK-247329,Other,Billing & Payments,cancel,True
TK-247331,Returns & Refunds,Returns & Refunds,return_pickup,False
TK-247332,Returns & Refunds,Delivery & Shipping,damaged_wrong,True
TK-247334,Returns & Refunds,Returns & Refunds,return_pickup,False
TK-247336,Audio Quality,Delivery & Shipping,not_delivered,True
TK-247337,Billing & Payments,Billing & Payments,invoice,False
TK-247338,Product Enquiry,Product Enquiry,enquiry,False
TK-247339,Audio Quality,Audio Quality,audio,False
TK-247340,Billing & Payments,Billing & Payments,dup_payment,False
TK-247341,Other,Billing & Payments,cancel,True
TK-247342,Other,Account & Login,login,True
TK-247344,Returns & Refunds,Returns & Refunds,refund_status,False
TK-247345,Returns & Refunds,Returns & Refunds,return_pickup,False
TK-247347,Delivery & Shipping,Delivery & Shipping,not_delivered,False
TK-247348,Product Enquiry,Product Enquiry,enquiry,False
TK-247349,Delivery & Shipping,Other,unclassified,False
TK-247350,Charging & Battery,Charging & Battery,battery,False
TK-247351,Connectivity,Connectivity,connectivity,False
TK-247353,Billing & Payments,Billing & Payments,dup_payment,False
TK-247355,Delivery & Shipping,Delivery & Shipping,not_delivered,False
TK-247356,Account & Login,Account & Login,login,False
TK-247357,Account & Login,Account & Login,login,False
TK-247358,Delivery & Shipping,Delivery & Shipping,not_delivered,False
TK-247359,Billing & Payments,Billing & Payments,dup_payment,False
TK-247360,Connectivity,Connectivity,connectivity,False
TK-247361,Billing & Payments,Billing & Payments,dup_payment,False
TK-247362,Delivery & Shipping,Delivery & Shipping,not_delivered,False
TK-247364,Billing & Payments,Billing & Payments,coupon,False
TK-247366,Returns & Refunds,Returns & Refunds,return_pickup,False
TK-247368,App & Firmware,App & Firmware,app_firmware,False
TK-247370,Returns & Refunds,Returns & Refunds,refund_status,False
TK-247371,Billing & Payments,Billing & Payments,coupon,False
TK-247372,App & Firmware,App & Firmware,app_firmware,False
TK-247373,Charging & Battery,Charging & Battery,battery,False
TK-247374,Other,Billing & Payments,cancel,True
TK-247376,Billing & Payments,Billing & Payments,dup_payment,False
TK-247377,Warranty & Repair,Delivery & Shipping,damaged_wrong,True
TK-247378,Delivery & Shipping,Delivery & Shipping,not_delivered,False
TK-247379,Billing & Payments,Billing & Payments,coupon,False
TK-247380,Billing & Payments,Connectivity,connectivity,True
TK-247381,Delivery & Shipping,Delivery & Shipping,damaged_wrong,False
TK-247383,Delivery & Shipping,Returns & Refunds,return_pickup,True
TK-247384,Product Enquiry,Product Enquiry,enquiry,False
TK-247385,Delivery & Shipping,Delivery & Shipping,not_delivered,False
TK-247387,Connectivity,Audio Quality,audio,True
TK-247388,Billing & Payments,Billing & Payments,dup_payment,False
TK-247390,Delivery & Shipping,Delivery & Shipping,damaged_wrong,False
TK-247392,Connectivity,Connectivity,connectivity,False
TK-247393,Delivery & Shipping,Delivery & Shipping,damaged_wrong,False
TK-247394,Charging & Battery,Charging & Battery,battery,False
TK-247395,Delivery & Shipping,Delivery & Shipping,damaged_wrong,False
TK-247396,Returns & Refunds,Returns & Refunds,refund_status,False
TK-247397,App & Firmware,App & Firmware,app_firmware,False
TK-247398,Warranty & Repair,Warranty & Repair,warranty_repair,False
TK-247399,Audio Quality,Returns & Refunds,refund_generic,True
TK-247400,Returns & Refunds,Returns & Refunds,return_pickup,False
TK-247401,Charging & Battery,App & Firmware,app_firmware,True
TK-247402,Connectivity,Connectivity,connectivity,False
TK-247403,Charging & Battery,Billing & Payments,dup_payment,True
TK-247404,Delivery & Shipping,Delivery & Shipping,not_delivered,False
TK-247405,Delivery & Shipping,Delivery & Shipping,damaged_wrong,False
TK-247406,Warranty & Repair,Audio Quality,audio,True
TK-247407,Charging & Battery,Charging & Battery,battery,False
TK-247409,Other,Billing & Payments,cancel,True
TK-247410,Returns & Refunds,Returns & Refunds,refund_status,False
TK-247411,Other,Billing & Payments,invoice,True
TK-247413,Billing & Payments,Billing & Payments,dup_payment,False
TK-247414,Charging & Battery,Returns & Refunds,refund_generic,True
TK-247416,Connectivity,Connectivity,connectivity,False
TK-247417,Audio Quality,Audio Quality,audio,False
TK-247418,Charging & Battery,Charging & Battery,battery,False
TK-247419,Returns & Refunds,Delivery & Shipping,damaged_wrong,True
TK-247420,Billing & Payments,Billing & Payments,dup_payment,False
TK-247421,Returns & Refunds,Returns & Refunds,return_pickup,False
TK-247422,Delivery & Shipping,Delivery & Shipping,not_delivered,False
TK-247424,Other,Warranty & Repair,warranty_repair,True
TK-247425,Returns & Refunds,Returns & Refunds,return_pickup,False
TK-247426,Connectivity,Connectivity,connectivity,False
TK-247427,Delivery & Shipping,Delivery & Shipping,not_delivered,False
TK-247429,Billing & Payments,Connectivity,connectivity,True
TK-247430,App & Firmware,App & Firmware,app_firmware,False
TK-247431,Returns & Refunds,Returns & Refunds,return_pickup,False
TK-247432,Warranty & Repair,Warranty & Repair,warranty_repair,False
TK-247433,Returns & Refunds,Returns & Refunds,refund_status,False
TK-247434,Delivery & Shipping,Delivery & Shipping,not_delivered,False
TK-247435,Delivery & Shipping,Delivery & Shipping,not_delivered,False
TK-247436,Delivery & Shipping,Delivery & Shipping,damaged_wrong,False
TK-247437,Delivery & Shipping,Delivery & Shipping,damaged_wrong,False
TK-247438,Charging & Battery,Billing & Payments,dup_payment,True
TK-247440,Returns & Refunds,Returns & Refunds,refund_status,False
TK-247441,App & Firmware,App & Firmware,app_firmware,False
TK-247442,Other,Product Enquiry,enquiry,True
TK-247443,Connectivity,Connectivity,connectivity,False
TK-247444,Delivery & Shipping,Returns & Refunds,return_pickup,True
TK-247446,Connectivity,Connectivity,connectivity,False
TK-247447,Billing & Payments,Returns & Refunds,refund_status,True
TK-247448,Billing & Payments,Billing & Payments,coupon,False
TK-247450,Connectivity,Connectivity,connectivity,False
TK-247451,Other,Delivery & Shipping,not_delivered,True
TK-247452,Account & Login,Account & Login,login,False
TK-247453,Other,Connectivity,connectivity,True
TK-247454,Charging & Battery,Warranty & Repair,warranty_repair,True
TK-247455,Audio Quality,Audio Quality,audio,False
TK-247456,Other,Delivery & Shipping,not_delivered,True
TK-247457,Returns & Refunds,Returns & Refunds,return_pickup,False
TK-247458,Account & Login,Billing & Payments,invoice,True
TK-247459,Delivery & Shipping,Delivery & Shipping,damaged_wrong,False
TK-247460,Other,Other,unclassified,False
TK-247462,Warranty & Repair,Warranty & Repair,warranty_repair,False
TK-247463,Warranty & Repair,Returns & Refunds,return_pickup,True
TK-247464,Billing & Payments,Billing & Payments,coupon,False
TK-247465,Delivery & Shipping,Delivery & Shipping,damaged_wrong,False
TK-247467,App & Firmware,App & Firmware,app_firmware,False
TK-247469,Charging & Battery,Warranty & Repair,warranty_repair,True
TK-247470,Other,Delivery & Shipping,not_delivered,True
TK-247472,Charging & Battery,App & Firmware,app_firmware,True
TK-247473,Delivery & Shipping,Billing & Payments,dup_payment,True
TK-247474,Audio Quality,Audio Quality,audio,False
TK-247475,Other,Delivery & Shipping,not_delivered,True
TK-247476,Other,Warranty & Repair,warranty_repair,True
TK-247478,Connectivity,Connectivity,connectivity,False
TK-247479,Warranty & Repair,Warranty & Repair,warranty_repair,False
TK-247480,Billing & Payments,Connectivity,connectivity,True
TK-247482,Delivery & Shipping,Delivery & Shipping,not_delivered,False
TK-247483,Account & Login,Account & Login,login,False
TK-247484,Returns & Refunds,Returns & Refunds,refund_status,False
TK-247485,Returns & Refunds,Returns & Refunds,refund_status,False
TK-247486,Billing & Payments,Billing & Payments,invoice,False
TK-247488,Returns & Refunds,Returns & Refunds,refund_status,False
TK-247489,Other,Billing & Payments,cancel,True
TK-247490,Product Enquiry,Product Enquiry,enquiry,False
TK-247491,Delivery & Shipping,Delivery & Shipping,not_delivered,False
TK-247492,Delivery & Shipping,Delivery & Shipping,not_delivered,False
TK-247493,Other,Product Enquiry,enquiry,True
TK-247494,Charging & Battery,Charging & Battery,battery,False
TK-247496,Delivery & Shipping,Delivery & Shipping,not_delivered,False
TK-247497,Charging & Battery,Charging & Battery,battery,False
TK-247498,Audio Quality,Audio Quality,mic_issue,False
TK-247499,Billing & Payments,Returns & Refunds,refund_generic,True
TK-247500,App & Firmware,App & Firmware,app_firmware,False
TK-247501,Product Enquiry,Product Enquiry,enquiry,False
TK-247502,Audio Quality,Audio Quality,mic_issue,False
TK-247503,Charging & Battery,Delivery & Shipping,not_delivered,True
TK-247505,Connectivity,Connectivity,connectivity,False
TK-247506,Delivery & Shipping,Returns & Refunds,return_pickup,True
TK-247507,Delivery & Shipping,Delivery & Shipping,not_delivered,False
TK-247509,Delivery & Shipping,Delivery & Shipping,not_delivered,False
TK-247510,Account & Login,Account & Login,login,False
TK-247511,Billing & Payments,Billing & Payments,dup_payment,False
TK-247513,Delivery & Shipping,Delivery & Shipping,not_delivered,False
TK-247515,Billing & Payments,Returns & Refunds,refund_status,True
TK-247516,Billing & Payments,Billing & Payments,coupon,False
TK-247518,Connectivity,Connectivity,connectivity,False
TK-247520,Other,Connectivity,connectivity,True
TK-247521,Audio Quality,Audio Quality,audio,False
TK-247522,Charging & Battery,App & Firmware,app_firmware,True
TK-247523,Delivery & Shipping,Delivery & Shipping,not_delivered,False
TK-247524,Delivery & Shipping,Delivery & Shipping,not_delivered,False
TK-247525,Billing & Payments,Billing & Payments,dup_payment,False
TK-247526,Billing & Payments,Billing & Payments,coupon,False
TK-247527,Returns & Refunds,Returns & Refunds,refund_generic,False
TK-247529,Connectivity,App & Firmware,app_firmware,True
TK-247530,Other,Delivery & Shipping,not_delivered,True
TK-247531,Delivery & Shipping,Delivery & Shipping,not_delivered,False
TK-247533,Delivery & Shipping,Delivery & Shipping,damaged_wrong,False
TK-247534,Connectivity,Connectivity,connectivity,False
TK-247535,Delivery & Shipping,Delivery & Shipping,damaged_wrong,False
TK-247536,Warranty & Repair,Warranty & Repair,warranty_repair,False
TK-247538,Returns & Refunds,Returns & Refunds,refund_status,False
TK-247539,Warranty & Repair,Other,unclassified,False
TK-247541,Other,Delivery & Shipping,not_delivered,True
TK-247543,Returns & Refunds,Returns & Refunds,return_pickup,False
TK-247545,Warranty & Repair,Warranty & Repair,warranty_repair,False
TK-247546,Returns & Refunds,Returns & Refunds,refund_status,False
TK-247547,App & Firmware,App & Firmware,app_firmware,False
TK-247548,Other,Billing & Payments,dup_payment,True
TK-247549,Warranty & Repair,Other,unclassified,False
TK-247550,Returns & Refunds,Delivery & Shipping,not_delivered,True
TK-247552,Warranty & Repair,Delivery & Shipping,damaged_wrong,True
TK-247553,Other,Billing & Payments,dup_payment,True
TK-247554,Delivery & Shipping,Delivery & Shipping,not_delivered,False
TK-247555,Other,Delivery & Shipping,not_delivered,True
TK-247556,Other,Billing & Payments,cancel,True
TK-247557,Delivery & Shipping,Delivery & Shipping,damaged_wrong,False
TK-247559,Delivery & Shipping,Returns & Refunds,return_pickup,True
TK-247560,Account & Login,Account & Login,login,False
TK-247561,Account & Login,Account & Login,login,False
TK-247563,Delivery & Shipping,Delivery & Shipping,not_delivered,False
TK-247564,Other,Delivery & Shipping,not_delivered,True
TK-247565,Product Enquiry,Product Enquiry,enquiry,False
TK-247567,Billing & Payments,Billing & Payments,dup_payment,False
TK-247568,Other,Delivery & Shipping,address_change,True
TK-247569,Billing & Payments,Billing & Payments,dup_payment,False
TK-247570,App & Firmware,Connectivity,connectivity,True
TK-247572,Returns & Refunds,Returns & Refunds,refund_status,False
TK-247573,Other,Charging & Battery,battery,True
TK-247575,Billing & Payments,Billing & Payments,dup_payment,False
TK-247576,Other,Connectivity,connectivity,True
TK-247577,App & Firmware,App & Firmware,app_firmware,False
TK-247578,Delivery & Shipping,Delivery & Shipping,not_delivered,False
TK-247579,Delivery & Shipping,Delivery & Shipping,not_delivered,False
TK-247580,Connectivity,Returns & Refunds,refund_generic,True
TK-247581,Audio Quality,Audio Quality,audio,False
TK-247583,Other,Warranty & Repair,warranty_repair,True
TK-247584,Billing & Payments,Returns & Refunds,refund_status,True
TK-247585,Charging & Battery,Audio Quality,audio,True
TK-247586,Audio Quality,Audio Quality,mic_issue,False
TK-247587,Delivery & Shipping,Returns & Refunds,return_pickup,True
TK-247588,Product Enquiry,Product Enquiry,enquiry,False
TK-247590,Delivery & Shipping,Delivery & Shipping,not_delivered,False
TK-247592,Other,Delivery & Shipping,address_change,True
TK-247593,Returns & Refunds,Returns & Refunds,refund_status,False
TK-247594,Other,Delivery & Shipping,address_change,True
TK-247595,Delivery & Shipping,Delivery & Shipping,damaged_wrong,False
TK-247597,Billing & Payments,Billing & Payments,invoice,False
TK-247598,Delivery & Shipping,Delivery & Shipping,not_delivered,False
TK-247599,App & Firmware,App & Firmware,app_firmware,False
TK-247600,App & Firmware,App & Firmware,app_firmware,False
TK-247601,Audio Quality,Audio Quality,mic_issue,False
TK-247603,Returns & Refunds,Returns & Refunds,return_pickup,False
TK-247604,Other,Billing & Payments,cancel,True
TK-247606,App & Firmware,Delivery & Shipping,not_delivered,True
TK-247608,Delivery & Shipping,Delivery & Shipping,damaged_wrong,False
TK-247609,Connectivity,Connectivity,connectivity,False
TK-247611,Delivery & Shipping,Delivery & Shipping,not_delivered,False
TK-247612,Billing & Payments,Billing & Payments,dup_payment,False
TK-247614,Connectivity,Connectivity,connectivity,False
TK-247616,Returns & Refunds,Other,unclassified,False
TK-247617,Warranty & Repair,Warranty & Repair,warranty_repair,False
TK-247618,Returns & Refunds,Returns & Refunds,refund_status,False
TK-247620,Billing & Payments,Billing & Payments,dup_payment,False
TK-247621,Other,Billing & Payments,cancel,True
TK-247622,Other,Product Enquiry,enquiry,True
TK-247623,Delivery & Shipping,Delivery & Shipping,damaged_wrong,False
TK-247624,Audio Quality,Audio Quality,audio,False
TK-247626,Returns & Refunds,Returns & Refunds,refund_status,False
TK-247627,Returns & Refunds,Returns & Refunds,return_pickup,False
TK-247628,Audio Quality,Other,unclassified,False
TK-247630,Charging & Battery,Charging & Battery,battery,False
TK-247631,Delivery & Shipping,Returns & Refunds,return_pickup,True
TK-247632,Other,Delivery & Shipping,address_change,True
TK-247633,Returns & Refunds,Returns & Refunds,refund_status,False
TK-247634,Delivery & Shipping,Delivery & Shipping,not_delivered,False
TK-247635,Charging & Battery,Charging & Battery,battery,False
TK-247636,Returns & Refunds,Returns & Refunds,refund_status,False
TK-247638,Product Enquiry,Product Enquiry,enquiry,False
TK-247640,Audio Quality,Audio Quality,audio,False
TK-247641,Delivery & Shipping,Delivery & Shipping,not_delivered,False
TK-247642,Product Enquiry,Other,unclassified,False
TK-247644,Audio Quality,Audio Quality,audio,False
TK-247646,Audio Quality,Audio Quality,audio,False
TK-247647,Returns & Refunds,Returns & Refunds,return_pickup,False
TK-247649,Returns & Refunds,Returns & Refunds,refund_status,False
TK-247650,Other,Billing & Payments,dup_payment,True
TK-247651,Delivery & Shipping,Delivery & Shipping,not_delivered,False
TK-247652,Billing & Payments,Billing & Payments,invoice,False
TK-247653,Billing & Payments,Billing & Payments,coupon,False
TK-247654,Audio Quality,Audio Quality,audio,False
TK-247655,Delivery & Shipping,Delivery & Shipping,not_delivered,False
TK-247657,Connectivity,Connectivity,connectivity,False
TK-247658,Other,Delivery & Shipping,not_delivered,True
TK-247660,Billing & Payments,Billing & Payments,invoice,False
TK-247662,Connectivity,Audio Quality,audio,True
TK-247663,Delivery & Shipping,Delivery & Shipping,not_delivered,False
TK-247664,Returns & Refunds,Returns & Refunds,refund_status,False
TK-247665,Other,Connectivity,connectivity,True
TK-247667,Other,Delivery & Shipping,not_delivered,True
TK-247668,Warranty & Repair,Audio Quality,audio,True
TK-247669,Billing & Payments,Billing & Payments,invoice,False
TK-247670,Audio Quality,Audio Quality,mic_issue,False
TK-247671,App & Firmware,App & Firmware,app_firmware,False
TK-247672,Connectivity,Connectivity,connectivity,False
TK-247674,Delivery & Shipping,Delivery & Shipping,not_delivered,False
TK-247675,Connectivity,Connectivity,connectivity,False
TK-247676,Audio Quality,Audio Quality,mic_issue,False
TK-247677,App & Firmware,App & Firmware,app_firmware,False
TK-247678,Charging & Battery,Charging & Battery,battery,False
TK-247679,Connectivity,Connectivity,connectivity,False
TK-247681,Delivery & Shipping,Delivery & Shipping,damaged_wrong,False
TK-247682,Delivery & Shipping,Delivery & Shipping,damaged_wrong,False
TK-247683,Charging & Battery,Charging & Battery,battery,False
TK-247684,Product Enquiry,Product Enquiry,enquiry,False
TK-247686,Connectivity,Connectivity,connectivity,False
TK-247687,Delivery & Shipping,Delivery & Shipping,damaged_wrong,False
TK-247688,Warranty & Repair,Warranty & Repair,warranty_repair,False
TK-247689,Connectivity,Connectivity,connectivity,False
TK-247690,Delivery & Shipping,Delivery & Shipping,not_delivered,False
TK-247692,Billing & Payments,Billing & Payments,dup_payment,False
TK-247694,Returns & Refunds,Returns & Refunds,refund_status,False
TK-247696,Charging & Battery,Billing & Payments,dup_payment,True
TK-247697,Charging & Battery,Audio Quality,audio,True
TK-247699,Connectivity,Connectivity,connectivity,False
TK-247700,Delivery & Shipping,Delivery & Shipping,not_delivered,False
TK-247701,Delivery & Shipping,Delivery & Shipping,not_delivered,False
TK-247702,Audio Quality,Connectivity,connectivity,True
TK-247703,Connectivity,Connectivity,connectivity,False
TK-247705,Warranty & Repair,Warranty & Repair,warranty_repair,False
TK-247706,Other,App & Firmware,app_firmware,True
TK-247707,Charging & Battery,Charging & Battery,battery,False
TK-247708,Charging & Battery,Charging & Battery,battery,False
TK-247709,Delivery & Shipping,Delivery & Shipping,damaged_wrong,False
TK-247710,Delivery & Shipping,Delivery & Shipping,not_delivered,False
TK-247712,Billing & Payments,Billing & Payments,coupon,False
TK-247713,App & Firmware,App & Firmware,app_firmware,False
TK-247714,Other,Audio Quality,audio,True
TK-247715,Delivery & Shipping,Delivery & Shipping,damaged_wrong,False
TK-247716,Delivery & Shipping,Delivery & Shipping,not_delivered,False
TK-247717,Other,Delivery & Shipping,not_delivered,True
TK-247718,Audio Quality,Audio Quality,audio,False
TK-247719,Product Enquiry,Product Enquiry,enquiry,False
TK-247721,App & Firmware,Charging & Battery,battery,True
TK-247723,Connectivity,Connectivity,connectivity,False
TK-247725,Delivery & Shipping,Delivery & Shipping,damaged_wrong,False
TK-247727,Charging & Battery,Charging & Battery,battery,False
TK-247728,Delivery & Shipping,Delivery & Shipping,not_delivered,False
TK-247729,Billing & Payments,Billing & Payments,dup_payment,False
TK-247730,Product Enquiry,Product Enquiry,enquiry,False
TK-247731,Audio Quality,Audio Quality,mic_issue,False
TK-247732,Audio Quality,Audio Quality,audio,False
TK-247733,Returns & Refunds,Returns & Refunds,return_pickup,False
TK-247734,App & Firmware,App & Firmware,app_firmware,False
TK-247735,Connectivity,Connectivity,connectivity,False
TK-247737,Delivery & Shipping,Delivery & Shipping,not_delivered,False
TK-247738,App & Firmware,Charging & Battery,battery,True
TK-247740,Other,Delivery & Shipping,address_change,True
TK-247741,Connectivity,Connectivity,connectivity,False
TK-247743,Returns & Refunds,Returns & Refunds,return_pickup,False
TK-247744,Warranty & Repair,Other,unclassified,False
TK-247745,Billing & Payments,Billing & Payments,dup_payment,False
TK-247746,Billing & Payments,Billing & Payments,dup_payment,False
TK-247748,App & Firmware,Charging & Battery,battery,True
TK-247749,Connectivity,Connectivity,connectivity,False
TK-247750,Returns & Refunds,Returns & Refunds,return_pickup,False
TK-247751,Other,Delivery & Shipping,not_delivered,True
TK-247753,Charging & Battery,Charging & Battery,battery,False
TK-247754,App & Firmware,App & Firmware,app_firmware,False
TK-247756,Charging & Battery,Other,unclassified,False
TK-247757,Delivery & Shipping,Delivery & Shipping,not_delivered,False
TK-247759,Delivery & Shipping,Delivery & Shipping,not_delivered,False
TK-247760,Delivery & Shipping,Delivery & Shipping,not_delivered,False
TK-247761,Connectivity,Connectivity,connectivity,False
TK-247762,App & Firmware,App & Firmware,app_firmware,False
TK-247763,Returns & Refunds,Returns & Refunds,return_pickup,False
TK-247764,Account & Login,Account & Login,login,False
TK-247765,Returns & Refunds,Returns & Refunds,return_pickup,False
TK-247767,Audio Quality,Audio Quality,audio,False
TK-247769,Returns & Refunds,Returns & Refunds,refund_status,False
TK-247770,Audio Quality,Audio Quality,audio,False
TK-247772,Delivery & Shipping,Returns & Refunds,return_pickup,True
TK-247773,Other,Billing & Payments,cancel,True
TK-247774,Other,Billing & Payments,cancel,True
TK-247775,Returns & Refunds,Delivery & Shipping,not_delivered,True
TK-247776,Delivery & Shipping,Delivery & Shipping,damaged_wrong,False
TK-247777,Other,Delivery & Shipping,not_delivered,True
TK-247778,Warranty & Repair,App & Firmware,app_firmware,True
TK-247779,Charging & Battery,Other,unclassified,False
TK-247780,Returns & Refunds,Other,unclassified,False
TK-247781,App & Firmware,App & Firmware,app_firmware,False
TK-247782,Product Enquiry,Product Enquiry,enquiry,False
TK-247783,Delivery & Shipping,Delivery & Shipping,damaged_wrong,False
TK-247784,Other,Product Enquiry,enquiry,True
TK-247786,Account & Login,Account & Login,login,False
TK-247788,Delivery & Shipping,Delivery & Shipping,damaged_wrong,False
TK-247789,Connectivity,Connectivity,connectivity,False
TK-247790,Connectivity,App & Firmware,app_firmware,True
TK-247791,Charging & Battery,Delivery & Shipping,not_delivered,True
TK-247793,Returns & Refunds,Delivery & Shipping,damaged_wrong,True
TK-247794,Returns & Refunds,Returns & Refunds,return_pickup,False
TK-247795,Delivery & Shipping,Delivery & Shipping,damaged_wrong,False
TK-247796,App & Firmware,Other,unclassified,False
TK-247797,Charging & Battery,Charging & Battery,battery,False
TK-247798,Billing & Payments,Billing & Payments,dup_payment,False
TK-247799,Returns & Refunds,Returns & Refunds,refund_status,False
TK-247800,Warranty & Repair,Audio Quality,audio,True
TK-247801,Delivery & Shipping,Billing & Payments,dup_payment,True
TK-247803,Other,Delivery & Shipping,not_delivered,True
TK-247804,Billing & Payments,Returns & Refunds,refund_status,True
TK-247805,Delivery & Shipping,Delivery & Shipping,not_delivered,False
TK-247806,Connectivity,Connectivity,connectivity,False
TK-247808,Connectivity,Audio Quality,audio,True
TK-247809,Billing & Payments,Billing & Payments,dup_payment,False
TK-247811,Delivery & Shipping,Billing & Payments,dup_payment,True
TK-247812,Other,Billing & Payments,cancel,True
TK-247813,Connectivity,App & Firmware,app_firmware,True
TK-247815,Other,Charging & Battery,battery,True
TK-247817,Other,Delivery & Shipping,not_delivered,True
TK-247819,App & Firmware,App & Firmware,app_firmware,False
TK-247820,App & Firmware,Delivery & Shipping,not_delivered,True
TK-247821,Charging & Battery,Charging & Battery,battery,False
TK-247822,Billing & Payments,Billing & Payments,dup_payment,False
TK-247823,Other,Delivery & Shipping,not_delivered,True
TK-247824,Account & Login,Account & Login,login,False
TK-247826,Product Enquiry,Product Enquiry,enquiry,False
TK-247828,Delivery & Shipping,Delivery & Shipping,not_delivered,False
TK-247830,Delivery & Shipping,Delivery & Shipping,damaged_wrong,False
TK-247831,App & Firmware,Charging & Battery,battery,True
TK-247833,Audio Quality,Other,unclassified,False
TK-247834,Billing & Payments,Billing & Payments,invoice,False
TK-247835,Account & Login,Billing & Payments,invoice,True
TK-247836,Warranty & Repair,Audio Quality,audio,True
TK-247837,Billing & Payments,Billing & Payments,coupon,False
TK-247838,App & Firmware,Connectivity,connectivity,True
TK-247840,Other,Billing & Payments,cancel,True
TK-247841,Connectivity,Connectivity,connectivity,False
TK-247842,Returns & Refunds,Returns & Refunds,refund_status,False
TK-247843,Other,Delivery & Shipping,not_delivered,True
TK-247844,App & Firmware,App & Firmware,app_firmware,False
TK-247845,Delivery & Shipping,Delivery & Shipping,not_delivered,False
TK-247846,Billing & Payments,Billing & Payments,dup_payment,False
TK-247847,Audio Quality,Audio Quality,mic_issue,False
TK-247848,Other,Billing & Payments,cancel,True
TK-247849,Billing & Payments,Billing & Payments,coupon,False
TK-247851,Audio Quality,Audio Quality,audio,False
TK-247852,Other,Billing & Payments,dup_payment,True
TK-247853,Other,Delivery & Shipping,not_delivered,True
TK-247854,Audio Quality,Audio Quality,audio,False
TK-247855,App & Firmware,App & Firmware,app_firmware,False
TK-247856,Other,Product Enquiry,enquiry,True
TK-247857,Billing & Payments,Billing & Payments,coupon,False
TK-247858,Delivery & Shipping,Delivery & Shipping,not_delivered,False
TK-247860,Returns & Refunds,Returns & Refunds,return_pickup,False
TK-247861,Warranty & Repair,Warranty & Repair,warranty_repair,False
TK-247863,Product Enquiry,Product Enquiry,enquiry,False
TK-247864,Product Enquiry,Product Enquiry,enquiry,False
TK-247865,Delivery & Shipping,Delivery & Shipping,not_delivered,False
TK-247866,Billing & Payments,Billing & Payments,coupon,False
TK-247868,Product Enquiry,Product Enquiry,enquiry,False
TK-247869,Other,Billing & Payments,cancel,True
TK-247870,App & Firmware,Account & Login,login,True
TK-247871,Warranty & Repair,Warranty & Repair,warranty_repair,False
TK-247873,Other,Connectivity,connectivity,True
TK-247874,Audio Quality,Audio Quality,audio,False
TK-247875,Delivery & Shipping,Delivery & Shipping,not_delivered,False
TK-247877,Connectivity,Delivery & Shipping,not_delivered,True
TK-247879,Audio Quality,Audio Quality,audio,False
TK-247881,Delivery & Shipping,Delivery & Shipping,not_delivered,False
TK-247882,Audio Quality,Audio Quality,audio,False
TK-247883,Delivery & Shipping,Delivery & Shipping,damaged_wrong,False
TK-247884,Delivery & Shipping,Delivery & Shipping,not_delivered,False
TK-247885,Returns & Refunds,Returns & Refunds,return_pickup,False
TK-247887,Audio Quality,Audio Quality,audio,False
TK-247888,App & Firmware,Charging & Battery,battery,True
TK-247889,Audio Quality,Audio Quality,audio,False
TK-247891,Charging & Battery,Charging & Battery,battery,False
TK-247893,Billing & Payments,Billing & Payments,dup_payment,False
TK-247894,Audio Quality,Audio Quality,audio,False
TK-247895,Delivery & Shipping,Returns & Refunds,return_pickup,True
TK-247896,Billing & Payments,Returns & Refunds,refund_status,True
TK-247897,Billing & Payments,Billing & Payments,invoice,False
TK-247899,Product Enquiry,Product Enquiry,enquiry,False
TK-247901,Billing & Payments,Billing & Payments,dup_payment,False
TK-247902,Other,Account & Login,login,True
TK-247903,Connectivity,Connectivity,connectivity,False
TK-247905,Delivery & Shipping,Delivery & Shipping,not_delivered,False
TK-247907,Audio Quality,Audio Quality,audio,False
TK-247908,Other,Charging & Battery,battery,True
TK-247909,Product Enquiry,Product Enquiry,enquiry,False
TK-247911,Billing & Payments,Billing & Payments,coupon,False
TK-247912,Returns & Refunds,Returns & Refunds,return_pickup,False
TK-247913,Billing & Payments,Connectivity,connectivity,True
TK-247914,Billing & Payments,Billing & Payments,invoice,False
TK-247915,Connectivity,Connectivity,connectivity,False
TK-247916,Billing & Payments,Billing & Payments,coupon,False
TK-247918,Account & Login,Account & Login,login,False
TK-247919,Audio Quality,Audio Quality,audio,False
TK-247921,Billing & Payments,Billing & Payments,dup_payment,False
TK-247922,App & Firmware,App & Firmware,app_firmware,False
TK-247923,Delivery & Shipping,Billing & Payments,dup_payment,True
TK-247924,App & Firmware,App & Firmware,app_firmware,False
TK-247925,Other,Delivery & Shipping,not_delivered,True
TK-247926,Charging & Battery,Audio Quality,audio,True
TK-247927,Billing & Payments,Billing & Payments,dup_payment,False
TK-247928,Charging & Battery,App & Firmware,app_firmware,True
TK-247930,Delivery & Shipping,Delivery & Shipping,damaged_wrong,False
TK-247931,Charging & Battery,Delivery & Shipping,not_delivered,True
TK-247933,Delivery & Shipping,Delivery & Shipping,damaged_wrong,False
TK-247934,Delivery & Shipping,Delivery & Shipping,not_delivered,False
TK-247935,Delivery & Shipping,Delivery & Shipping,not_delivered,False
TK-247937,Returns & Refunds,Returns & Refunds,refund_status,False
TK-247938,Audio Quality,Audio Quality,audio,False
TK-247939,Other,Billing & Payments,cancel,True
TK-247940,Charging & Battery,Charging & Battery,battery,False
TK-247942,Delivery & Shipping,Delivery & Shipping,damaged_wrong,False
TK-247944,Charging & Battery,Charging & Battery,battery,False
TK-247945,Delivery & Shipping,Delivery & Shipping,address_change,False
TK-247946,Returns & Refunds,Returns & Refunds,return_pickup,False
TK-247947,Returns & Refunds,Delivery & Shipping,not_delivered,True
TK-247948,Delivery & Shipping,Delivery & Shipping,not_delivered,False
TK-247949,Audio Quality,Audio Quality,audio,False
TK-247950,Connectivity,App & Firmware,app_firmware,True
TK-247951,Product Enquiry,Charging & Battery,battery,True
TK-247953,Other,Warranty & Repair,warranty_repair,True
TK-247954,Connectivity,App & Firmware,app_firmware,True
TK-247955,Charging & Battery,Charging & Battery,battery,False
TK-247956,Audio Quality,Audio Quality,audio,False
TK-247957,Other,Delivery & Shipping,not_delivered,True
TK-247958,Returns & Refunds,Delivery & Shipping,damaged_wrong,True
TK-247960,Account & Login,Account & Login,login,False
TK-247962,Delivery & Shipping,Delivery & Shipping,not_delivered,False
TK-247963,Product Enquiry,Billing & Payments,coupon,True
TK-247965,Billing & Payments,Billing & Payments,invoice,False
TK-247966,Other,Other,unclassified,False
TK-247967,Product Enquiry,Product Enquiry,enquiry,False
TK-247968,Other,Delivery & Shipping,address_change,True
TK-247969,Other,Delivery & Shipping,damaged_wrong,True
TK-247970,Warranty & Repair,Warranty & Repair,warranty_repair,False
TK-247971,Product Enquiry,Product Enquiry,enquiry,False
TK-247972,Audio Quality,Audio Quality,audio,False
TK-247973,Warranty & Repair,Warranty & Repair,warranty_repair,False
TK-247974,Other,Billing & Payments,coupon,True
TK-247975,Other,Product Enquiry,enquiry,True
TK-247976,Other,Billing & Payments,cancel,True
TK-247978,Charging & Battery,Charging & Battery,battery,False
TK-247979,Charging & Battery,Charging & Battery,battery,False
TK-247980,Billing & Payments,Billing & Payments,dup_payment,False
TK-247981,Other,Billing & Payments,cancel,True
TK-247982,Billing & Payments,Returns & Refunds,refund_status,True
TK-247983,Billing & Payments,App & Firmware,app_firmware,True
TK-247984,Billing & Payments,Billing & Payments,invoice,False
TK-247985,Audio Quality,Audio Quality,mic_issue,False
TK-247987,Delivery & Shipping,Charging & Battery,battery,True
TK-247988,Charging & Battery,Charging & Battery,battery,False
TK-247990,Other,Delivery & Shipping,not_delivered,True
TK-247992,Connectivity,Connectivity,connectivity,False
TK-247993,Delivery & Shipping,Delivery & Shipping,not_delivered,False
TK-247994,Audio Quality,Audio Quality,audio,False
TK-247995,Returns & Refunds,Returns & Refunds,refund_status,False
TK-247996,Connectivity,Connectivity,connectivity,False
TK-247997,App & Firmware,App & Firmware,app_firmware,False
TK-247998,Other,Delivery & Shipping,address_change,True
TK-247999,Delivery & Shipping,Delivery & Shipping,not_delivered,False
TK-248000,Charging & Battery,Charging & Battery,battery,False
TK-248001,Returns & Refunds,Returns & Refunds,refund_generic,False
TK-248003,Delivery & Shipping,Delivery & Shipping,not_delivered,False
TK-248004,Delivery & Shipping,Delivery & Shipping,not_delivered,False
TK-248006,Charging & Battery,App & Firmware,app_firmware,True
TK-248007,Other,Billing & Payments,cancel,True
TK-248009,Billing & Payments,Billing & Payments,dup_payment,False
TK-248010,Audio Quality,Delivery & Shipping,damaged_wrong,True
TK-248011,Charging & Battery,Billing & Payments,dup_payment,True
TK-248013,Connectivity,Connectivity,connectivity,False
TK-248014,Billing & Payments,Connectivity,connectivity,True
TK-248015,Other,App & Firmware,app_firmware,True
TK-248016,Returns & Refunds,Returns & Refunds,refund_status,False
TK-248017,Billing & Payments,Billing & Payments,invoice,False
TK-248018,Connectivity,Connectivity,connectivity,False
TK-248019,Delivery & Shipping,Delivery & Shipping,damaged_wrong,False
TK-248020,App & Firmware,App & Firmware,app_firmware,False
TK-248022,App & Firmware,App & Firmware,app_firmware,False
TK-248023,Billing & Payments,Billing & Payments,coupon,False
TK-248024,Billing & Payments,Billing & Payments,coupon,False
TK-248025,Warranty & Repair,Audio Quality,audio,True
TK-248026,Delivery & Shipping,Delivery & Shipping,damaged_wrong,False
TK-248028,Other,Delivery & Shipping,not_delivered,True
TK-248029,Connectivity,Connectivity,connectivity,False
TK-248031,Delivery & Shipping,Delivery & Shipping,not_delivered,False
TK-248032,Other,Product Enquiry,enquiry,True
TK-248034,Connectivity,Connectivity,connectivity,False
TK-248036,Charging & Battery,Charging & Battery,battery,False
TK-248037,Other,Billing & Payments,dup_payment,True
TK-248039,Charging & Battery,Audio Quality,audio,True
TK-248040,Other,Billing & Payments,dup_payment,True
TK-248042,Other,Billing & Payments,cancel,True
TK-248043,Audio Quality,Audio Quality,audio,False
TK-248045,Returns & Refunds,Returns & Refunds,return_pickup,False
TK-248046,Connectivity,Connectivity,connectivity,False
TK-248047,Billing & Payments,Billing & Payments,dup_payment,False
TK-248048,App & Firmware,App & Firmware,app_firmware,False
TK-248049,Returns & Refunds,Returns & Refunds,refund_status,False
TK-248050,Billing & Payments,Returns & Refunds,refund_status,True
TK-248051,Returns & Refunds,Delivery & Shipping,not_delivered,True
TK-248052,Other,Billing & Payments,dup_payment,True
TK-248053,Other,App & Firmware,app_firmware,True
TK-248054,Charging & Battery,Charging & Battery,battery,False
TK-248055,App & Firmware,Charging & Battery,battery,True
TK-248057,Returns & Refunds,Returns & Refunds,return_pickup,False
TK-248058,Delivery & Shipping,Delivery & Shipping,damaged_wrong,False
TK-248059,Audio Quality,Audio Quality,audio,False
TK-248060,Returns & Refunds,Returns & Refunds,refund_status,False
TK-248061,Connectivity,Connectivity,connectivity,False
TK-248062,Returns & Refunds,Returns & Refunds,return_pickup,False
TK-248063,Billing & Payments,Billing & Payments,coupon,False
TK-248064,Charging & Battery,Other,unclassified,False
TK-248066,App & Firmware,Charging & Battery,battery,True
TK-248067,Audio Quality,Audio Quality,mic_issue,False
TK-248069,Audio Quality,Audio Quality,audio,False
TK-248070,Billing & Payments,Billing & Payments,invoice,False
TK-248072,Billing & Payments,App & Firmware,app_firmware,True
TK-248073,Billing & Payments,Billing & Payments,coupon,False
TK-248074,Audio Quality,Audio Quality,audio,False
TK-248076,Delivery & Shipping,Delivery & Shipping,damaged_wrong,False
TK-248077,Account & Login,Account & Login,login,False
TK-248078,Warranty & Repair,Warranty & Repair,warranty_repair,False
TK-248079,Delivery & Shipping,Delivery & Shipping,damaged_wrong,False
TK-248080,Billing & Payments,Billing & Payments,coupon,False
TK-248081,Returns & Refunds,Returns & Refunds,return_pickup,False
TK-248082,Charging & Battery,Charging & Battery,battery,False
TK-248083,Warranty & Repair,Warranty & Repair,warranty_repair,False
TK-248084,Returns & Refunds,Returns & Refunds,refund_generic,False
TK-248086,Connectivity,Connectivity,connectivity,False
TK-248087,Billing & Payments,Account & Login,login,True
TK-248088,Other,Warranty & Repair,warranty_repair,True
TK-248089,Returns & Refunds,Returns & Refunds,return_pickup,False
TK-248090,Returns & Refunds,Returns & Refunds,refund_status,False
TK-248092,Other,Billing & Payments,cancel,True
TK-248093,Returns & Refunds,Returns & Refunds,refund_status,False
TK-248094,Delivery & Shipping,Returns & Refunds,return_pickup,True
TK-248095,Product Enquiry,Product Enquiry,enquiry,False
TK-248096,Delivery & Shipping,Delivery & Shipping,damaged_wrong,False
TK-248097,Charging & Battery,Charging & Battery,battery,False
TK-248098,Audio Quality,Audio Quality,audio,False
TK-248099,Warranty & Repair,Warranty & Repair,warranty_repair,False
TK-248100,Other,Billing & Payments,cancel,True
TK-248101,Warranty & Repair,Warranty & Repair,warranty_repair,False
TK-248102,Product Enquiry,Product Enquiry,enquiry,False
TK-248104,Warranty & Repair,Other,unclassified,False
TK-248105,Delivery & Shipping,Delivery & Shipping,damaged_wrong,False
TK-248107,Delivery & Shipping,Delivery & Shipping,not_delivered,False
TK-248108,Delivery & Shipping,Delivery & Shipping,damaged_wrong,False
TK-248109,Returns & Refunds,Returns & Refunds,refund_status,False
TK-248111,Billing & Payments,Billing & Payments,dup_payment,False
TK-248113,Audio Quality,Audio Quality,audio,False
TK-248114,Delivery & Shipping,Delivery & Shipping,not_delivered,False
TK-248115,Warranty & Repair,Warranty & Repair,warranty_repair,False
TK-248116,Connectivity,Connectivity,connectivity,False
TK-248118,Product Enquiry,Product Enquiry,enquiry,False
TK-248119,App & Firmware,App & Firmware,app_firmware,False
TK-248120,Charging & Battery,Audio Quality,audio,True
TK-248122,Billing & Payments,Billing & Payments,invoice,False
TK-248123,Charging & Battery,Charging & Battery,battery,False
TK-248125,Charging & Battery,Billing & Payments,dup_payment,True
TK-248127,Audio Quality,Audio Quality,audio,False
TK-248129,Billing & Payments,Billing & Payments,invoice,False
TK-248130,Warranty & Repair,Other,unclassified,False
TK-248131,Billing & Payments,Billing & Payments,dup_payment,False
TK-248133,Delivery & Shipping,Delivery & Shipping,not_delivered,False
TK-248135,Delivery & Shipping,Delivery & Shipping,damaged_wrong,False
TK-248136,Returns & Refunds,Returns & Refunds,refund_status,False
TK-248138,Connectivity,Connectivity,connectivity,False
TK-248139,Other,App & Firmware,app_firmware,True
TK-248140,Returns & Refunds,Returns & Refunds,refund_status,False
TK-248141,App & Firmware,Connectivity,connectivity,True
TK-248142,Audio Quality,Returns & Refunds,refund_generic,True
TK-248143,Other,Billing & Payments,cancel,True
TK-248144,App & Firmware,App & Firmware,app_firmware,False
TK-248145,App & Firmware,Account & Login,login,True
TK-248146,Other,Billing & Payments,coupon,True
TK-248147,Product Enquiry,Product Enquiry,enquiry,False
TK-248148,App & Firmware,App & Firmware,app_firmware,False
TK-248150,Returns & Refunds,Delivery & Shipping,not_delivered,True
TK-248151,Billing & Payments,Billing & Payments,dup_payment,False
TK-248152,Billing & Payments,Billing & Payments,dup_payment,False
TK-248154,App & Firmware,Delivery & Shipping,not_delivered,True
TK-248155,Billing & Payments,Billing & Payments,dup_payment,False
TK-248157,Product Enquiry,Product Enquiry,enquiry,False
TK-248159,Other,Billing & Payments,dup_payment,True
TK-248160,Returns & Refunds,Returns & Refunds,refund_status,False
TK-248162,Other,Billing & Payments,invoice,True
TK-248163,Connectivity,Connectivity,connectivity,False
TK-248164,Billing & Payments,Billing & Payments,invoice,False
TK-248165,Other,Billing & Payments,dup_payment,True
TK-248167,Connectivity,Connectivity,connectivity,False
TK-248168,App & Firmware,App & Firmware,app_firmware,False
TK-248169,Billing & Payments,App & Firmware,app_firmware,True
TK-248170,Billing & Payments,Billing & Payments,dup_payment,False
TK-248171,Returns & Refunds,Returns & Refunds,return_pickup,False
TK-248172,Connectivity,Connectivity,connectivity,False
TK-248173,Returns & Refunds,Returns & Refunds,return_pickup,False
TK-248174,Audio Quality,Audio Quality,audio,False
TK-248176,Billing & Payments,Billing & Payments,coupon,False
TK-248177,Warranty & Repair,Warranty & Repair,warranty_repair,False
TK-248178,Product Enquiry,Product Enquiry,enquiry,False
TK-248180,Charging & Battery,Audio Quality,audio,True
TK-248181,Other,Billing & Payments,cancel,True
TK-248182,Other,Delivery & Shipping,address_change,True
TK-248184,Warranty & Repair,Warranty & Repair,warranty_repair,False
TK-248186,Connectivity,Connectivity,connectivity,False
TK-248187,Other,Charging & Battery,battery,True
TK-248188,Returns & Refunds,Returns & Refunds,refund_status,False
TK-248190,Product Enquiry,Product Enquiry,enquiry,False
TK-248192,Audio Quality,Audio Quality,mic_issue,False
TK-248193,App & Firmware,App & Firmware,app_firmware,False
TK-248194,Delivery & Shipping,Delivery & Shipping,not_delivered,False
TK-248196,Billing & Payments,Other,unclassified,False
TK-248197,Account & Login,Account & Login,login,False
TK-248198,Returns & Refunds,Warranty & Repair,warranty_repair,True
TK-248199,Connectivity,Connectivity,connectivity,False
TK-248200,Delivery & Shipping,Delivery & Shipping,not_delivered,False
TK-248202,Other,Billing & Payments,dup_payment,True
TK-248203,Returns & Refunds,Returns & Refunds,refund_status,False
TK-248204,Billing & Payments,Billing & Payments,cancel,False
TK-248205,App & Firmware,App & Firmware,app_firmware,False
TK-248206,Warranty & Repair,Audio Quality,audio,True
TK-248208,Delivery & Shipping,Billing & Payments,dup_payment,True
TK-248209,Audio Quality,Audio Quality,audio,False
TK-248210,App & Firmware,Connectivity,connectivity,True
TK-248211,Billing & Payments,Billing & Payments,dup_payment,False
TK-248213,App & Firmware,Charging & Battery,battery,True
TK-248214,Billing & Payments,Billing & Payments,dup_payment,False
TK-248215,Billing & Payments,Billing & Payments,coupon,False
TK-248216,Returns & Refunds,Delivery & Shipping,not_delivered,True
TK-248217,Billing & Payments,Billing & Payments,dup_payment,False
TK-248219,Product Enquiry,Product Enquiry,enquiry,False
TK-248220,Delivery & Shipping,Delivery & Shipping,not_delivered,False
TK-248221,Charging & Battery,Charging & Battery,battery,False
TK-248222,Billing & Payments,Billing & Payments,dup_payment,False
TK-248223,Warranty & Repair,Charging & Battery,battery,True
TK-248224,Charging & Battery,Charging & Battery,battery,False
TK-248226,Product Enquiry,Product Enquiry,enquiry,False
TK-248227,Connectivity,Connectivity,connectivity,False
TK-248228,Charging & Battery,Charging & Battery,battery,False
TK-248230,Other,Delivery & Shipping,not_delivered,True
TK-248231,Charging & Battery,Delivery & Shipping,not_delivered,True
TK-248232,Other,Billing & Payments,dup_payment,True
TK-248233,App & Firmware,App & Firmware,app_firmware,False
TK-248234,Returns & Refunds,Returns & Refunds,refund_status,False
TK-248235,Audio Quality,Audio Quality,audio,False
TK-248237,Audio Quality,Returns & Refunds,return_pickup,True
TK-248238,Connectivity,Connectivity,connectivity,False
TK-248239,Billing & Payments,Billing & Payments,invoice,False
TK-248240,Returns & Refunds,Returns & Refunds,refund_status,False
TK-248241,Returns & Refunds,Returns & Refunds,refund_status,False
TK-248242,Returns & Refunds,Returns & Refunds,return_pickup,False
TK-248243,Returns & Refunds,Returns & Refunds,refund_status,False
TK-248244,Other,Charging & Battery,battery,True
TK-248245,Other,Billing & Payments,cancel,True
TK-248246,Billing & Payments,Billing & Payments,invoice,False
TK-248247,Audio Quality,Audio Quality,mic_issue,False
TK-248248,Product Enquiry,Product Enquiry,enquiry,False
TK-248249,Charging & Battery,Charging & Battery,battery,False
TK-248250,Billing & Payments,Billing & Payments,coupon,False
TK-248251,Charging & Battery,Charging & Battery,battery,False
TK-248252,Connectivity,Connectivity,connectivity,False
TK-248253,Other,Billing & Payments,cancel,True
TK-248255,Connectivity,Connectivity,connectivity,False
TK-248256,Returns & Refunds,Returns & Refunds,refund_status,False
TK-248257,Product Enquiry,Product Enquiry,enquiry,False
TK-248259,Audio Quality,Delivery & Shipping,not_delivered,True
TK-248260,Product Enquiry,Other,unclassified,False
TK-248261,App & Firmware,Connectivity,connectivity,True
TK-248262,Other,Billing & Payments,cancel,True
TK-248263,Billing & Payments,Returns & Refunds,refund_status,True
TK-248264,Delivery & Shipping,Delivery & Shipping,damaged_wrong,False
TK-248265,Charging & Battery,Charging & Battery,battery,False
TK-248266,Returns & Refunds,Returns & Refunds,refund_status,False
TK-248267,Delivery & Shipping,Delivery & Shipping,damaged_wrong,False
TK-248269,Audio Quality,Audio Quality,audio,False
TK-248270,Delivery & Shipping,Billing & Payments,cancel,True
TK-248272,Warranty & Repair,Warranty & Repair,warranty_repair,False
TK-248273,Other,Billing & Payments,cancel,True
TK-248274,Connectivity,Connectivity,connectivity,False
TK-248275,Connectivity,Connectivity,connectivity,False
TK-248277,App & Firmware,App & Firmware,app_firmware,False
TK-248278,Delivery & Shipping,Delivery & Shipping,damaged_wrong,False
TK-248280,Audio Quality,Warranty & Repair,warranty_repair,True
TK-248281,Delivery & Shipping,Delivery & Shipping,not_delivered,False
TK-248282,Other,Billing & Payments,cancel,True
TK-248283,Delivery & Shipping,Delivery & Shipping,damaged_wrong,False
TK-248284,Connectivity,Connectivity,connectivity,False
TK-248285,Other,Billing & Payments,dup_payment,True
TK-248286,Other,Delivery & Shipping,not_delivered,True
TK-248288,Returns & Refunds,Delivery & Shipping,not_delivered,True
TK-248289,Returns & Refunds,Returns & Refunds,return_pickup,False
TK-248291,Other,Audio Quality,audio,True
TK-248293,Audio Quality,Returns & Refunds,return_pickup,True
TK-248294,Warranty & Repair,Warranty & Repair,warranty_repair,False
TK-248295,Delivery & Shipping,Delivery & Shipping,not_delivered,False
TK-248296,Product Enquiry,Product Enquiry,enquiry,False
TK-248297,Charging & Battery,Delivery & Shipping,not_delivered,True
TK-248298,Connectivity,Audio Quality,mic_issue,True
TK-248299,Connectivity,Connectivity,connectivity,False
TK-248300,Audio Quality,Delivery & Shipping,damaged_wrong,True
TK-248302,Other,Billing & Payments,dup_payment,True
TK-248304,Other,Billing & Payments,cancel,True
TK-248306,Delivery & Shipping,Delivery & Shipping,damaged_wrong,False
TK-248307,Other,Audio Quality,audio,True
TK-248308,Charging & Battery,Billing & Payments,dup_payment,True
TK-248310,Delivery & Shipping,Delivery & Shipping,damaged_wrong,False
TK-248312,Billing & Payments,Billing & Payments,dup_payment,False
TK-248313,Audio Quality,Audio Quality,audio,False
TK-248314,Billing & Payments,Billing & Payments,coupon,False
TK-248315,Charging & Battery,Charging & Battery,battery,False
TK-248316,Other,Billing & Payments,dup_payment,True
TK-248318,Billing & Payments,Billing & Payments,coupon,False
TK-248319,App & Firmware,App & Firmware,app_firmware,False
TK-248321,Charging & Battery,Charging & Battery,battery,False
TK-248322,Connectivity,Audio Quality,audio,True
TK-248324,Delivery & Shipping,Billing & Payments,dup_payment,True
TK-248326,Returns & Refunds,Returns & Refunds,refund_status,False
TK-248327,Returns & Refunds,Returns & Refunds,return_pickup,False
TK-248329,App & Firmware,App & Firmware,app_firmware,False
TK-248330,Other,Delivery & Shipping,not_delivered,True
TK-248331,Billing & Payments,Billing & Payments,dup_payment,False
TK-248332,Audio Quality,Audio Quality,audio,False
TK-248333,Returns & Refunds,Returns & Refunds,refund_status,False
TK-248334,App & Firmware,Connectivity,connectivity,True
TK-248335,Other,Billing & Payments,dup_payment,True
TK-248337,Warranty & Repair,Charging & Battery,battery,True
TK-248338,Other,Delivery & Shipping,address_change,True
TK-248340,Delivery & Shipping,Delivery & Shipping,not_delivered,False
TK-248341,Delivery & Shipping,Delivery & Shipping,not_delivered,False
TK-248343,Audio Quality,Delivery & Shipping,damaged_wrong,True
TK-248344,Warranty & Repair,Warranty & Repair,warranty_repair,False
TK-248345,App & Firmware,App & Firmware,app_firmware,False
TK-248346,Billing & Payments,App & Firmware,app_firmware,True
TK-248348,Other,Delivery & Shipping,not_delivered,True
TK-248349,Audio Quality,Audio Quality,audio,False
TK-248351,Billing & Payments,Billing & Payments,dup_payment,False
TK-248352,Other,Billing & Payments,cancel,True
TK-248354,Other,Billing & Payments,invoice,True
TK-248356,Billing & Payments,Billing & Payments,dup_payment,False
TK-248357,Returns & Refunds,Returns & Refunds,return_pickup,False
TK-248358,App & Firmware,App & Firmware,app_firmware,False
TK-248359,Connectivity,Audio Quality,audio,True
TK-248360,Connectivity,Connectivity,connectivity,False
TK-248361,Audio Quality,Audio Quality,mic_issue,False
TK-248362,Charging & Battery,Billing & Payments,dup_payment,True
TK-248363,Warranty & Repair,Delivery & Shipping,damaged_wrong,True
TK-248364,Connectivity,Connectivity,connectivity,False
TK-248365,App & Firmware,App & Firmware,app_firmware,False
TK-248366,Charging & Battery,App & Firmware,app_firmware,True
TK-248367,Other,Connectivity,connectivity,True
TK-248368,Billing & Payments,Billing & Payments,cancel,False
TK-248369,Billing & Payments,Other,unclassified,False
TK-248371,Delivery & Shipping,Delivery & Shipping,not_delivered,False
TK-248372,Delivery & Shipping,Billing & Payments,dup_payment,True
TK-248373,Delivery & Shipping,Delivery & Shipping,not_delivered,False
TK-248375,Account & Login,Account & Login,login,False
TK-248376,App & Firmware,App & Firmware,app_firmware,False
TK-248377,Billing & Payments,Billing & Payments,coupon,False
TK-248378,Product Enquiry,Product Enquiry,enquiry,False
TK-248379,Billing & Payments,Billing & Payments,invoice,False
TK-248380,Billing & Payments,Billing & Payments,coupon,False
TK-248381,Product Enquiry,Product Enquiry,enquiry,False
TK-248382,Delivery & Shipping,Delivery & Shipping,not_delivered,False
TK-248383,Other,Billing & Payments,dup_payment,True
TK-248384,Billing & Payments,Billing & Payments,dup_payment,False
TK-248385,Returns & Refunds,Returns & Refunds,refund_status,False
TK-248386,Other,Charging & Battery,battery,True
TK-248387,Charging & Battery,Charging & Battery,battery,False
TK-248388,Audio Quality,Audio Quality,audio,False
TK-248389,Billing & Payments,Billing & Payments,dup_payment,False
TK-248390,Delivery & Shipping,Delivery & Shipping,not_delivered,False
TK-248391,Other,Billing & Payments,cancel,True
TK-248392,Other,Billing & Payments,dup_payment,True
TK-248393,Billing & Payments,Billing & Payments,dup_payment,False
TK-248394,Other,Billing & Payments,cancel,True
TK-248395,Delivery & Shipping,Delivery & Shipping,not_delivered,False
TK-248397,Connectivity,Connectivity,connectivity,False
TK-248398,Audio Quality,Other,unclassified,False
TK-248400,Charging & Battery,Charging & Battery,battery,False
TK-248401,App & Firmware,Connectivity,connectivity,True
TK-248402,Returns & Refunds,Returns & Refunds,return_pickup,False
TK-248403,Charging & Battery,App & Firmware,app_firmware,True
TK-248404,Connectivity,Connectivity,connectivity,False
TK-248405,Other,Delivery & Shipping,not_delivered,True
TK-248406,App & Firmware,App & Firmware,app_firmware,False
TK-248407,Billing & Payments,Billing & Payments,invoice,False
TK-248408,Billing & Payments,Billing & Payments,dup_payment,False
TK-248409,Warranty & Repair,Warranty & Repair,warranty_repair,False
TK-248410,Billing & Payments,Returns & Refunds,refund_status,True
TK-248411,Delivery & Shipping,Delivery & Shipping,not_delivered,False
TK-248413,Charging & Battery,Billing & Payments,dup_payment,True
TK-248414,Billing & Payments,Billing & Payments,invoice,False
TK-248416,Connectivity,Connectivity,connectivity,False
TK-248417,Delivery & Shipping,Delivery & Shipping,not_delivered,False
TK-248418,Returns & Refunds,Returns & Refunds,return_pickup,False
TK-248419,Account & Login,Account & Login,login,False
TK-248420,Connectivity,App & Firmware,app_firmware,True
TK-248421,Delivery & Shipping,Delivery & Shipping,damaged_wrong,False
TK-248422,Connectivity,App & Firmware,app_firmware,True
TK-248423,Billing & Payments,Billing & Payments,invoice,False
TK-248425,App & Firmware,App & Firmware,app_firmware,False
TK-248426,App & Firmware,Connectivity,connectivity,True
TK-248427,Delivery & Shipping,Delivery & Shipping,not_delivered,False
TK-248428,Delivery & Shipping,Delivery & Shipping,damaged_wrong,False
TK-248429,Billing & Payments,Billing & Payments,invoice,False
TK-248430,Returns & Refunds,Delivery & Shipping,not_delivered,True
TK-248431,Delivery & Shipping,Delivery & Shipping,damaged_wrong,False
TK-248432,Warranty & Repair,Warranty & Repair,warranty_repair,False
TK-248434,Billing & Payments,Billing & Payments,dup_payment,False
TK-248436,Billing & Payments,Returns & Refunds,refund_status,True
TK-248438,Delivery & Shipping,Returns & Refunds,return_pickup,True
TK-248439,App & Firmware,App & Firmware,app_firmware,False
TK-248440,Returns & Refunds,Delivery & Shipping,not_delivered,True
TK-248442,Delivery & Shipping,Delivery & Shipping,not_delivered,False
TK-248443,Connectivity,Connectivity,connectivity,False
TK-248445,Billing & Payments,Billing & Payments,dup_payment,False
TK-248446,Delivery & Shipping,Delivery & Shipping,damaged_wrong,False
TK-248447,App & Firmware,Connectivity,connectivity,True
TK-248448,Warranty & Repair,Warranty & Repair,warranty_repair,False
TK-248449,Delivery & Shipping,Delivery & Shipping,not_delivered,False
TK-248450,App & Firmware,App & Firmware,app_firmware,False
TK-248451,Returns & Refunds,Returns & Refunds,refund_status,False
TK-248452,Other,Delivery & Shipping,address_change,True
TK-248453,Audio Quality,Audio Quality,audio,False
TK-248454,Returns & Refunds,Returns & Refunds,refund_status,False
TK-248456,Audio Quality,Connectivity,connectivity,True
TK-248457,Audio Quality,Audio Quality,audio,False
TK-248458,Audio Quality,Delivery & Shipping,damaged_wrong,True
TK-248459,Connectivity,Other,unclassified,False
TK-248460,Warranty & Repair,Warranty & Repair,warranty_repair,False
TK-248461,App & Firmware,App & Firmware,app_firmware,False
TK-248462,Warranty & Repair,Warranty & Repair,warranty_repair,False
TK-248463,Product Enquiry,Product Enquiry,enquiry,False
TK-248465,Audio Quality,Audio Quality,audio,False
TK-248467,Connectivity,Connectivity,connectivity,False
TK-248468,Delivery & Shipping,Delivery & Shipping,not_delivered,False
TK-248469,Other,Billing & Payments,invoice,True
TK-248470,Other,Product Enquiry,enquiry,True
TK-248472,Other,Billing & Payments,invoice,True
TK-248474,Other,Account & Login,login,True
TK-248475,Other,App & Firmware,app_firmware,True
TK-248476,App & Firmware,App & Firmware,app_firmware,False
TK-248478,Other,Delivery & Shipping,not_delivered,True
TK-248479,Billing & Payments,Billing & Payments,dup_payment,False
TK-248481,Charging & Battery,Charging & Battery,battery,False
TK-248482,Returns & Refunds,Returns & Refunds,return_pickup,False
TK-248483,Charging & Battery,App & Firmware,app_firmware,True
TK-248484,Other,App & Firmware,app_firmware,True
TK-248485,Returns & Refunds,Returns & Refunds,return_pickup,False
TK-248487,Other,Account & Login,login,True
TK-248488,App & Firmware,Charging & Battery,battery,True
TK-248490,Billing & Payments,Billing & Payments,invoice,False
TK-248491,Billing & Payments,Billing & Payments,dup_payment,False
TK-248493,Charging & Battery,Charging & Battery,battery,False
TK-248494,Connectivity,Connectivity,connectivity,False
TK-248495,Delivery & Shipping,Delivery & Shipping,not_delivered,False
TK-248496,Other,Billing & Payments,cancel,True
TK-248497,Audio Quality,Other,unclassified,False
TK-248499,Charging & Battery,App & Firmware,app_firmware,True
TK-248500,Other,Delivery & Shipping,not_delivered,True
TK-248501,Product Enquiry,Product Enquiry,enquiry,False
TK-248502,Charging & Battery,Charging & Battery,battery,False
TK-248503,Returns & Refunds,Returns & Refunds,refund_status,False
TK-248504,Returns & Refunds,Returns & Refunds,return_pickup,False
TK-248505,Charging & Battery,Audio Quality,audio,True
TK-248506,Delivery & Shipping,Delivery & Shipping,damaged_wrong,False
TK-248508,Connectivity,Connectivity,connectivity,False
TK-248510,Delivery & Shipping,Delivery & Shipping,not_delivered,False
TK-248511,Billing & Payments,Billing & Payments,dup_payment,False
TK-248512,Returns & Refunds,Returns & Refunds,refund_status,False
TK-248514,Charging & Battery,Audio Quality,audio,True
TK-248515,Delivery & Shipping,Billing & Payments,dup_payment,True
TK-248516,Connectivity,Connectivity,connectivity,False
TK-248518,Audio Quality,Delivery & Shipping,damaged_wrong,True
TK-248519,Billing & Payments,Billing & Payments,invoice,False
TK-248520,Charging & Battery,Returns & Refunds,refund_generic,True
TK-248521,Account & Login,Other,unclassified,False
TK-248523,Product Enquiry,Product Enquiry,enquiry,False
TK-248524,Connectivity,Connectivity,connectivity,False
TK-248525,Billing & Payments,Billing & Payments,dup_payment,False
TK-248526,Warranty & Repair,Warranty & Repair,warranty_repair,False
TK-248527,Delivery & Shipping,Returns & Refunds,return_pickup,True
TK-248528,Other,Billing & Payments,cancel,True
TK-248529,Returns & Refunds,Returns & Refunds,return_pickup,False
TK-248531,Product Enquiry,Product Enquiry,enquiry,False
TK-248533,Other,Delivery & Shipping,not_delivered,True
TK-248535,Account & Login,Account & Login,login,False
TK-248536,Product Enquiry,Product Enquiry,enquiry,False
TK-248537,Warranty & Repair,Returns & Refunds,refund_generic,True
TK-248538,Delivery & Shipping,Delivery & Shipping,not_delivered,False
TK-248540,Connectivity,Connectivity,connectivity,False
TK-248542,Product Enquiry,Product Enquiry,enquiry,False
TK-248544,Other,Warranty & Repair,warranty_repair,True
TK-248546,Delivery & Shipping,Delivery & Shipping,not_delivered,False
TK-248547,Billing & Payments,Connectivity,connectivity,True
TK-248548,Billing & Payments,Billing & Payments,dup_payment,False
TK-248549,App & Firmware,App & Firmware,app_firmware,False
TK-248550,Other,Delivery & Shipping,not_delivered,True
TK-248552,Connectivity,Connectivity,connectivity,False
TK-248553,Charging & Battery,Charging & Battery,battery,False
TK-248554,Returns & Refunds,Returns & Refunds,return_pickup,False
TK-248556,Audio Quality,Returns & Refunds,refund_generic,True
TK-248557,Product Enquiry,Product Enquiry,enquiry,False
TK-248558,Charging & Battery,Charging & Battery,battery,False
TK-248559,Returns & Refunds,Returns & Refunds,return_pickup,False
TK-248560,Charging & Battery,Billing & Payments,dup_payment,True
TK-248562,Other,Delivery & Shipping,address_change,True
TK-248564,Audio Quality,Connectivity,connectivity,True
TK-248565,Charging & Battery,Charging & Battery,battery,False
TK-248566,Account & Login,Account & Login,login,False
TK-248567,Delivery & Shipping,Delivery & Shipping,damaged_wrong,False
TK-248568,Delivery & Shipping,Delivery & Shipping,damaged_wrong,False
TK-248570,Billing & Payments,Billing & Payments,coupon,False
TK-248571,Charging & Battery,Charging & Battery,battery,False
TK-248572,Account & Login,Account & Login,login,False
TK-248573,Charging & Battery,Warranty & Repair,warranty_repair,True
TK-248574,App & Firmware,App & Firmware,app_firmware,False
TK-248575,Delivery & Shipping,Delivery & Shipping,not_delivered,False
TK-248576,Audio Quality,Audio Quality,mic_issue,False
TK-248577,Delivery & Shipping,Delivery & Shipping,damaged_wrong,False
TK-248578,Delivery & Shipping,Delivery & Shipping,damaged_wrong,False
TK-248579,Other,Delivery & Shipping,not_delivered,True
TK-248581,Returns & Refunds,Delivery & Shipping,not_delivered,True
TK-248582,Delivery & Shipping,Delivery & Shipping,not_delivered,False
TK-248583,Other,Billing & Payments,cancel,True
TK-248584,App & Firmware,Charging & Battery,battery,True
TK-248586,Charging & Battery,Charging & Battery,battery,False
TK-248587,Delivery & Shipping,Delivery & Shipping,not_delivered,False
TK-248588,Delivery & Shipping,Delivery & Shipping,not_delivered,False
TK-248589,Delivery & Shipping,Delivery & Shipping,address_change,False
TK-248590,Delivery & Shipping,Delivery & Shipping,damaged_wrong,False
TK-248592,Audio Quality,Audio Quality,audio,False
TK-248594,Connectivity,Connectivity,connectivity,False
TK-248595,Warranty & Repair,Warranty & Repair,warranty_repair,False
TK-248596,Billing & Payments,Billing & Payments,invoice,False
TK-248597,Returns & Refunds,Returns & Refunds,return_pickup,False
TK-248598,Other,Delivery & Shipping,address_change,True
TK-248599,Connectivity,Connectivity,connectivity,False
TK-248601,Warranty & Repair,Audio Quality,audio,True
TK-248602,Product Enquiry,Product Enquiry,enquiry,False
TK-248603,Charging & Battery,Charging & Battery,battery,False
TK-248605,App & Firmware,App & Firmware,app_firmware,False
TK-248607,Connectivity,Connectivity,connectivity,False
TK-248609,Connectivity,Connectivity,connectivity,False
TK-248610,Billing & Payments,Returns & Refunds,refund_status,True
TK-248612,Delivery & Shipping,Delivery & Shipping,not_delivered,False
TK-248613,Returns & Refunds,Returns & Refunds,return_pickup,False
TK-248615,Other,Billing & Payments,cancel,True
TK-248616,Charging & Battery,Charging & Battery,battery,False
TK-248617,Delivery & Shipping,Delivery & Shipping,damaged_wrong,False
TK-248618,Billing & Payments,Billing & Payments,coupon,False
TK-248619,App & Firmware,App & Firmware,app_firmware,False
TK-248620,Connectivity,Connectivity,connectivity,False
TK-248621,Billing & Payments,Returns & Refunds,refund_status,True
TK-248622,Charging & Battery,Charging & Battery,battery,False
TK-248623,Warranty & Repair,Warranty & Repair,warranty_repair,False
TK-248624,App & Firmware,App & Firmware,app_firmware,False
TK-248626,Audio Quality,Audio Quality,audio,False
TK-248627,Other,Delivery & Shipping,not_delivered,True
TK-248628,Connectivity,App & Firmware,app_firmware,True
TK-248629,Product Enquiry,Product Enquiry,enquiry,False
TK-248630,Billing & Payments,Billing & Payments,coupon,False
TK-248632,Billing & Payments,Connectivity,connectivity,True
TK-248633,Connectivity,Connectivity,connectivity,False
TK-248634,Delivery & Shipping,Delivery & Shipping,not_delivered,False
TK-248636,Delivery & Shipping,Delivery & Shipping,not_delivered,False
TK-248637,Delivery & Shipping,Charging & Battery,battery,True
TK-248638,Returns & Refunds,Returns & Refunds,refund_status,False
TK-248639,Connectivity,Audio Quality,audio,True
TK-248641,Delivery & Shipping,Delivery & Shipping,damaged_wrong,False
TK-248642,Returns & Refunds,Returns & Refunds,refund_status,False
TK-248644,App & Firmware,App & Firmware,app_firmware,False
TK-248646,Billing & Payments,Billing & Payments,invoice,False
TK-248648,Returns & Refunds,Returns & Refunds,return_pickup,False
TK-248650,Connectivity,Connectivity,connectivity,False
TK-248651,Other,Delivery & Shipping,address_change,True
TK-248652,Audio Quality,Audio Quality,audio,False
TK-248654,Product Enquiry,Product Enquiry,enquiry,False
TK-248655,Other,Delivery & Shipping,not_delivered,True
TK-248657,Billing & Payments,Billing & Payments,dup_payment,False
TK-248658,Other,Delivery & Shipping,address_change,True
TK-248659,Connectivity,Connectivity,connectivity,False
TK-248660,Billing & Payments,Billing & Payments,dup_payment,False
TK-248661,Charging & Battery,Charging & Battery,battery,False
TK-248663,Billing & Payments,Billing & Payments,invoice,False
TK-248664,Billing & Payments,Billing & Payments,invoice,False
TK-248666,Connectivity,Connectivity,connectivity,False
TK-248667,Audio Quality,Audio Quality,audio,False
TK-248668,Connectivity,Connectivity,connectivity,False
TK-248670,Charging & Battery,Charging & Battery,battery,False
TK-248672,Other,Audio Quality,audio,True
TK-248673,Product Enquiry,Product Enquiry,enquiry,False
TK-248674,Other,Billing & Payments,dup_payment,True
TK-248676,Audio Quality,Audio Quality,audio,False
TK-248677,Delivery & Shipping,Delivery & Shipping,damaged_wrong,False
TK-248678,Delivery & Shipping,Delivery & Shipping,not_delivered,False
TK-248679,Connectivity,Audio Quality,audio,True
TK-248681,Returns & Refunds,Returns & Refunds,return_pickup,False
TK-248682,Account & Login,Account & Login,login,False
TK-248683,Product Enquiry,Product Enquiry,enquiry,False
TK-248685,Audio Quality,Audio Quality,audio,False
TK-248687,Audio Quality,Audio Quality,mic_issue,False
TK-248688,Delivery & Shipping,Delivery & Shipping,damaged_wrong,False
TK-248689,Account & Login,Account & Login,login,False
TK-248690,Audio Quality,Connectivity,connectivity,True
TK-248692,Charging & Battery,Charging & Battery,battery,False
TK-248693,Delivery & Shipping,Delivery & Shipping,damaged_wrong,False
TK-248694,Audio Quality,Audio Quality,audio,False
TK-248695,Audio Quality,Audio Quality,mic_issue,False
TK-248696,Billing & Payments,Billing & Payments,coupon,False
TK-248697,Delivery & Shipping,Delivery & Shipping,damaged_wrong,False
TK-248698,Billing & Payments,Billing & Payments,dup_payment,False
TK-248699,Other,Billing & Payments,cancel,True
TK-248700,Billing & Payments,Billing & Payments,coupon,False
TK-248702,Warranty & Repair,Warranty & Repair,warranty_repair,False
TK-248703,Delivery & Shipping,Delivery & Shipping,not_delivered,False
TK-248704,Other,Account & Login,login,True
TK-248705,Product Enquiry,Product Enquiry,enquiry,False
TK-248707,Delivery & Shipping,Billing & Payments,dup_payment,True
TK-248709,Audio Quality,Audio Quality,audio,False
TK-248711,Delivery & Shipping,Delivery & Shipping,damaged_wrong,False
TK-248712,Returns & Refunds,Returns & Refunds,refund_status,False
TK-248713,Delivery & Shipping,Delivery & Shipping,damaged_wrong,False
TK-248714,Delivery & Shipping,Delivery & Shipping,not_delivered,False
TK-248715,Charging & Battery,Charging & Battery,battery,False
TK-248717,Returns & Refunds,Returns & Refunds,return_pickup,False
TK-248718,Other,Other,unclassified,False
TK-248719,Delivery & Shipping,Delivery & Shipping,not_delivered,False
TK-248721,Returns & Refunds,Returns & Refunds,refund_status,False
TK-248722,Audio Quality,Connectivity,connectivity,True
TK-248724,Other,Connectivity,connectivity,True
TK-248725,Other,Delivery & Shipping,address_change,True
TK-248727,Billing & Payments,Returns & Refunds,refund_status,True
TK-248728,Charging & Battery,Charging & Battery,battery,False
TK-248730,Delivery & Shipping,Delivery & Shipping,not_delivered,False
TK-248731,Connectivity,Connectivity,connectivity,False
TK-248733,Billing & Payments,Billing & Payments,coupon,False
TK-248734,Billing & Payments,Billing & Payments,invoice,False
TK-248735,Product Enquiry,Product Enquiry,enquiry,False
TK-248736,Audio Quality,Connectivity,connectivity,True
TK-248737,Other,Connectivity,connectivity,True
TK-248738,Delivery & Shipping,Billing & Payments,dup_payment,True
TK-248740,Connectivity,Connectivity,connectivity,False
TK-248741,Audio Quality,Audio Quality,audio,False
TK-248742,Billing & Payments,Billing & Payments,dup_payment,False
TK-248743,Delivery & Shipping,Delivery & Shipping,not_delivered,False
TK-248744,Charging & Battery,Charging & Battery,battery,False
TK-248746,Other,Delivery & Shipping,address_change,True
TK-248747,Charging & Battery,Charging & Battery,battery,False
TK-248749,Audio Quality,Audio Quality,audio,False
TK-248750,Billing & Payments,Billing & Payments,coupon,False
TK-248752,Other,Billing & Payments,cancel,True
TK-248754,Delivery & Shipping,Delivery & Shipping,not_delivered,False
TK-248755,Billing & Payments,Billing & Payments,dup_payment,False
TK-248756,App & Firmware,Connectivity,connectivity,True
TK-248758,App & Firmware,Charging & Battery,battery,True
TK-248760,Delivery & Shipping,Delivery & Shipping,not_delivered,False
TK-248761,Audio Quality,Audio Quality,audio,False
TK-248763,Other,Billing & Payments,cancel,True
TK-248764,Connectivity,Connectivity,connectivity,False
TK-248765,App & Firmware,App & Firmware,app_firmware,False
TK-248766,Audio Quality,Audio Quality,audio,False
TK-248767,App & Firmware,App & Firmware,app_firmware,False
TK-248768,Billing & Payments,Billing & Payments,dup_payment,False
TK-248770,Other,Audio Quality,audio,True
TK-248771,Other,Delivery & Shipping,not_delivered,True
TK-248772,App & Firmware,Returns & Refunds,refund_generic,True
TK-248774,App & Firmware,Delivery & Shipping,not_delivered,True
TK-248775,Connectivity,Connectivity,connectivity,False
TK-248776,Delivery & Shipping,Delivery & Shipping,damaged_wrong,False
TK-248777,Other,Billing & Payments,cancel,True
TK-248779,Other,Warranty & Repair,warranty_repair,True
TK-248780,Returns & Refunds,Delivery & Shipping,damaged_wrong,True
TK-248782,Delivery & Shipping,Delivery & Shipping,not_delivered,False
TK-248783,Delivery & Shipping,Delivery & Shipping,not_delivered,False
TK-248784,Connectivity,Warranty & Repair,warranty_repair,True
TK-248785,App & Firmware,App & Firmware,app_firmware,False
TK-248787,Other,Billing & Payments,dup_payment,True
TK-248789,Delivery & Shipping,Delivery & Shipping,not_delivered,False
TK-248791,Billing & Payments,Billing & Payments,coupon,False
TK-248792,App & Firmware,App & Firmware,app_firmware,False
TK-248793,Charging & Battery,Charging & Battery,battery,False
TK-248795,Delivery & Shipping,Delivery & Shipping,not_delivered,False
TK-248796,Billing & Payments,Returns & Refunds,refund_status,True
TK-248797,Product Enquiry,Product Enquiry,enquiry,False
TK-248798,Product Enquiry,Product Enquiry,enquiry,False
TK-248799,Warranty & Repair,Other,unclassified,False
TK-248800,Delivery & Shipping,Delivery & Shipping,damaged_wrong,False
TK-248801,Charging & Battery,Returns & Refunds,refund_generic,True
TK-248802,Delivery & Shipping,Delivery & Shipping,not_delivered,False
TK-248804,Billing & Payments,Billing & Payments,coupon,False
TK-248806,Returns & Refunds,Returns & Refunds,refund_generic,False
TK-248807,Billing & Payments,Billing & Payments,coupon,False
TK-248809,Other,Billing & Payments,cancel,True
TK-248811,Charging & Battery,Charging & Battery,battery,False
TK-248813,Charging & Battery,Charging & Battery,battery,False
TK-248814,Delivery & Shipping,Delivery & Shipping,not_delivered,False
TK-248815,Returns & Refunds,Returns & Refunds,return_pickup,False
TK-248817,Account & Login,Account & Login,login,False
TK-248818,Billing & Payments,Billing & Payments,dup_payment,False
TK-248820,Delivery & Shipping,Delivery & Shipping,damaged_wrong,False
TK-248821,Delivery & Shipping,Delivery & Shipping,not_delivered,False
TK-248823,Other,Billing & Payments,cancel,True
TK-248824,App & Firmware,Charging & Battery,battery,True
TK-248826,Warranty & Repair,App & Firmware,app_firmware,True
TK-248828,Connectivity,App & Firmware,app_firmware,True
TK-248829,Connectivity,Connectivity,connectivity,False
TK-248830,Warranty & Repair,Warranty & Repair,warranty_repair,False
TK-248831,Delivery & Shipping,Delivery & Shipping,damaged_wrong,False
TK-248832,Charging & Battery,Charging & Battery,battery,False
TK-248834,Other,Delivery & Shipping,not_delivered,True
TK-248835,App & Firmware,App & Firmware,app_firmware,False
TK-248836,Delivery & Shipping,Delivery & Shipping,damaged_wrong,False
TK-248837,Returns & Refunds,Returns & Refunds,refund_status,False
TK-248838,Connectivity,Audio Quality,mic_issue,True
TK-248840,Charging & Battery,App & Firmware,app_firmware,True
TK-248841,Delivery & Shipping,Delivery & Shipping,damaged_wrong,False
TK-248842,Other,Connectivity,connectivity,True
TK-248843,Charging & Battery,Charging & Battery,battery,False
TK-248844,Account & Login,Account & Login,login,False
TK-248845,Billing & Payments,Billing & Payments,coupon,False
TK-248846,Billing & Payments,Billing & Payments,coupon,False
TK-248848,Delivery & Shipping,Delivery & Shipping,damaged_wrong,False
TK-248849,Other,Billing & Payments,coupon,True
TK-248850,Connectivity,Connectivity,connectivity,False
TK-248851,Charging & Battery,Charging & Battery,battery,False
TK-248853,Other,Billing & Payments,cancel,True
TK-248854,App & Firmware,Product Enquiry,enquiry,True
TK-248856,Delivery & Shipping,Delivery & Shipping,not_delivered,False
TK-248857,Charging & Battery,Charging & Battery,battery,False
TK-248858,Returns & Refunds,Returns & Refunds,refund_status,False
TK-248859,Billing & Payments,Billing & Payments,invoice,False
TK-248861,Returns & Refunds,Returns & Refunds,return_pickup,False
TK-248862,Returns & Refunds,Delivery & Shipping,damaged_wrong,True
TK-248863,Delivery & Shipping,Delivery & Shipping,not_delivered,False
TK-248864,Audio Quality,Audio Quality,audio,False
TK-248865,Returns & Refunds,Returns & Refunds,return_pickup,False
TK-248866,Billing & Payments,Billing & Payments,invoice,False
TK-248867,Delivery & Shipping,Delivery & Shipping,damaged_wrong,False
TK-248868,Returns & Refunds,Returns & Refunds,refund_status,False
TK-248870,Billing & Payments,Billing & Payments,dup_payment,False
TK-248871,Charging & Battery,Charging & Battery,battery,False
TK-248872,Other,Delivery & Shipping,address_change,True
TK-248873,Audio Quality,Audio Quality,mic_issue,False
TK-248874,Charging & Battery,Billing & Payments,dup_payment,True
TK-248875,Delivery & Shipping,Returns & Refunds,return_pickup,True
TK-248876,Connectivity,Connectivity,connectivity,False
TK-248877,App & Firmware,App & Firmware,app_firmware,False
TK-248878,Warranty & Repair,App & Firmware,app_firmware,True
TK-248879,Product Enquiry,Product Enquiry,enquiry,False
TK-248880,Warranty & Repair,Warranty & Repair,warranty_repair,False
TK-248881,Charging & Battery,Charging & Battery,battery,False
TK-248882,Delivery & Shipping,Delivery & Shipping,damaged_wrong,False
TK-248883,Billing & Payments,Billing & Payments,invoice,False
TK-248884,Returns & Refunds,Returns & Refunds,return_pickup,False
TK-248885,Billing & Payments,Billing & Payments,coupon,False
TK-248887,Warranty & Repair,Warranty & Repair,warranty_repair,False
TK-248888,Charging & Battery,Audio Quality,audio,True
TK-248889,Other,Billing & Payments,cancel,True
TK-248890,Connectivity,Connectivity,connectivity,False
TK-248891,Audio Quality,Audio Quality,audio,False
TK-248892,Billing & Payments,Billing & Payments,dup_payment,False
TK-248893,Connectivity,Connectivity,connectivity,False
TK-248894,App & Firmware,App & Firmware,app_firmware,False
TK-248896,Charging & Battery,Billing & Payments,dup_payment,True
TK-248897,Delivery & Shipping,Delivery & Shipping,not_delivered,False
TK-248898,Audio Quality,Delivery & Shipping,damaged_wrong,True
TK-248899,Charging & Battery,App & Firmware,app_firmware,True
TK-248900,Connectivity,Connectivity,connectivity,False
TK-248901,Delivery & Shipping,Delivery & Shipping,damaged_wrong,False
TK-248902,Audio Quality,Audio Quality,audio,False
TK-248903,Other,Delivery & Shipping,not_delivered,True
TK-248904,Warranty & Repair,Warranty & Repair,warranty_repair,False
TK-248905,Other,Billing & Payments,cancel,True
TK-248907,Charging & Battery,App & Firmware,app_firmware,True
TK-248908,Other,Billing & Payments,cancel,True
TK-248909,Charging & Battery,Charging & Battery,battery,False
TK-248910,Charging & Battery,Audio Quality,audio,True
TK-248911,App & Firmware,App & Firmware,app_firmware,False
TK-248912,Delivery & Shipping,Delivery & Shipping,damaged_wrong,False
TK-248913,Connectivity,Connectivity,connectivity,False
TK-248914,Product Enquiry,Billing & Payments,coupon,True
TK-248915,Product Enquiry,Product Enquiry,enquiry,False
TK-248916,Delivery & Shipping,Returns & Refunds,refund_generic,True
TK-248917,Billing & Payments,Other,unclassified,False
TK-248918,Billing & Payments,Billing & Payments,invoice,False
TK-248919,Returns & Refunds,Returns & Refunds,return_pickup,False
TK-248920,Product Enquiry,Product Enquiry,enquiry,False
TK-248922,Returns & Refunds,Delivery & Shipping,damaged_wrong,True
TK-248923,Returns & Refunds,Returns & Refunds,return_pickup,False
TK-248924,Connectivity,Connectivity,connectivity,False
TK-248925,Billing & Payments,Returns & Refunds,refund_generic,True
TK-248926,Returns & Refunds,Returns & Refunds,refund_status,False
TK-248927,Billing & Payments,Billing & Payments,coupon,False
TK-248928,App & Firmware,App & Firmware,app_firmware,False
TK-248929,Audio Quality,Audio Quality,audio,False
TK-248930,Delivery & Shipping,Delivery & Shipping,not_delivered,False
TK-248932,Other,Billing & Payments,cancel,True
TK-248933,Returns & Refunds,Delivery & Shipping,damaged_wrong,True
TK-248934,Other,Billing & Payments,cancel,True
TK-248935,Other,Audio Quality,mic_issue,True
TK-248937,Billing & Payments,Returns & Refunds,refund_status,True
TK-248938,Delivery & Shipping,Delivery & Shipping,not_delivered,False
TK-248939,Connectivity,Connectivity,connectivity,False
TK-248940,App & Firmware,App & Firmware,app_firmware,False
TK-248942,Returns & Refunds,Returns & Refunds,return_pickup,False
TK-248943,App & Firmware,App & Firmware,app_firmware,False
TK-248944,Warranty & Repair,Warranty & Repair,warranty_repair,False
TK-248945,Returns & Refunds,Returns & Refunds,return_pickup,False
TK-248946,Warranty & Repair,Other,unclassified,False
TK-248947,Product Enquiry,Product Enquiry,enquiry,False
TK-248948,Audio Quality,Audio Quality,audio,False
TK-248949,Other,Billing & Payments,cancel,True
TK-248950,Connectivity,Connectivity,connectivity,False
TK-248951,Delivery & Shipping,Delivery & Shipping,damaged_wrong,False
TK-248952,Audio Quality,Connectivity,connectivity,True
TK-248953,Billing & Payments,Billing & Payments,dup_payment,False
TK-248954,Billing & Payments,Billing & Payments,dup_payment,False
TK-248955,Connectivity,Connectivity,connectivity,False
TK-248956,Account & Login,Account & Login,login,False
TK-248958,Account & Login,Account & Login,login,False
TK-248959,Audio Quality,Audio Quality,audio,False
TK-248960,App & Firmware,App & Firmware,app_firmware,False
TK-248961,Account & Login,Account & Login,login,False
TK-248962,Product Enquiry,Product Enquiry,enquiry,False
TK-248963,Billing & Payments,Billing & Payments,dup_payment,False
TK-248965,Billing & Payments,Billing & Payments,dup_payment,False
TK-248966,Other,Billing & Payments,cancel,True
TK-248967,Charging & Battery,Charging & Battery,battery,False
TK-248969,App & Firmware,App & Firmware,app_firmware,False
TK-248970,Warranty & Repair,Warranty & Repair,warranty_repair,False
TK-248972,Delivery & Shipping,Delivery & Shipping,damaged_wrong,False
TK-248973,App & Firmware,Other,unclassified,False
TK-248975,Delivery & Shipping,Delivery & Shipping,not_delivered,False
TK-248976,Charging & Battery,Returns & Refunds,refund_generic,True
TK-248978,Charging & Battery,Charging & Battery,battery,False
TK-248979,Billing & Payments,Billing & Payments,dup_payment,False
TK-248980,Audio Quality,Audio Quality,audio,False
TK-248982,Connectivity,App & Firmware,app_firmware,True
TK-248983,Billing & Payments,Billing & Payments,coupon,False
TK-248984,Returns & Refunds,Returns & Refunds,return_pickup,False
TK-248985,Other,Delivery & Shipping,not_delivered,True
TK-248986,Charging & Battery,Charging & Battery,battery,False
TK-248987,App & Firmware,App & Firmware,app_firmware,False
TK-248989,Other,Billing & Payments,cancel,True
TK-248991,Charging & Battery,App & Firmware,app_firmware,True
TK-248992,Connectivity,Connectivity,connectivity,False
TK-248993,Warranty & Repair,Warranty & Repair,warranty_repair,False
TK-248995,Product Enquiry,Product Enquiry,enquiry,False
TK-248996,Other,Billing & Payments,dup_payment,True
TK-248998,Delivery & Shipping,Delivery & Shipping,not_delivered,False
TK-248999,Connectivity,Connectivity,connectivity,False
TK-249000,Delivery & Shipping,Delivery & Shipping,damaged_wrong,False
TK-249001,Delivery & Shipping,Delivery & Shipping,not_delivered,False
TK-249002,Charging & Battery,Charging & Battery,battery,False
TK-249003,Other,Warranty & Repair,warranty_repair,True
TK-249004,Returns & Refunds,Returns & Refunds,refund_status,False
TK-249006,Other,Billing & Payments,cancel,True
TK-249007,Delivery & Shipping,Delivery & Shipping,not_delivered,False
TK-249008,Delivery & Shipping,Returns & Refunds,return_pickup,True
TK-249009,Connectivity,Connectivity,connectivity,False
TK-249010,Delivery & Shipping,Delivery & Shipping,address_change,False
TK-249011,Connectivity,Returns & Refunds,refund_generic,True
TK-249012,Delivery & Shipping,Delivery & Shipping,not_delivered,False
TK-249014,Other,Billing & Payments,cancel,True
TK-249015,App & Firmware,Account & Login,login,True
TK-249016,Product Enquiry,Product Enquiry,enquiry,False
TK-249017,Delivery & Shipping,Delivery & Shipping,not_delivered,False
TK-249018,Billing & Payments,Billing & Payments,dup_payment,False
TK-249019,App & Firmware,App & Firmware,app_firmware,False
TK-249020,Delivery & Shipping,Delivery & Shipping,not_delivered,False
TK-249021,Delivery & Shipping,Delivery & Shipping,not_delivered,False
TK-249022,Other,Product Enquiry,enquiry,True
TK-249023,Delivery & Shipping,Delivery & Shipping,not_delivered,False
TK-249024,Returns & Refunds,Returns & Refunds,refund_generic,False
TK-249026,Delivery & Shipping,Delivery & Shipping,not_delivered,False
TK-249027,Audio Quality,Audio Quality,mic_issue,False
TK-249028,Billing & Payments,Billing & Payments,invoice,False
TK-249029,App & Firmware,App & Firmware,app_firmware,False
TK-249030,Audio Quality,Audio Quality,mic_issue,False
TK-249031,Other,Billing & Payments,cancel,True
TK-249032,Delivery & Shipping,Delivery & Shipping,damaged_wrong,False
TK-249033,App & Firmware,App & Firmware,app_firmware,False
TK-249034,Audio Quality,Audio Quality,audio,False
TK-249035,Product Enquiry,Product Enquiry,enquiry,False
TK-249036,Delivery & Shipping,Delivery & Shipping,damaged_wrong,False
TK-249037,Product Enquiry,Billing & Payments,coupon,True
TK-249039,Warranty & Repair,Returns & Refunds,refund_generic,True
TK-249040,Connectivity,Connectivity,connectivity,False
TK-249041,Other,Delivery & Shipping,not_delivered,True
TK-249042,Delivery & Shipping,Delivery & Shipping,not_delivered,False
TK-249044,App & Firmware,App & Firmware,app_firmware,False
TK-249045,Returns & Refunds,Returns & Refunds,refund_status,False
TK-249047,Charging & Battery,Charging & Battery,battery,False
TK-249048,Warranty & Repair,Warranty & Repair,warranty_repair,False
TK-249050,Returns & Refunds,Returns & Refunds,refund_status,False
TK-249051,Returns & Refunds,Delivery & Shipping,damaged_wrong,True
TK-249052,Billing & Payments,Billing & Payments,dup_payment,False
TK-249053,Billing & Payments,Billing & Payments,coupon,False
TK-249055,Charging & Battery,Delivery & Shipping,not_delivered,True
TK-249056,Charging & Battery,App & Firmware,app_firmware,True
TK-249058,App & Firmware,App & Firmware,app_firmware,False
TK-249060,Billing & Payments,Billing & Payments,invoice,False
TK-249061,Billing & Payments,App & Firmware,app_firmware,True
TK-249062,Other,Product Enquiry,enquiry,True
TK-249063,Other,App & Firmware,app_firmware,True
TK-249065,Delivery & Shipping,Delivery & Shipping,damaged_wrong,False
TK-249066,App & Firmware,App & Firmware,app_firmware,False
TK-249068,Product Enquiry,Product Enquiry,enquiry,False
TK-249070,Returns & Refunds,Delivery & Shipping,not_delivered,True
TK-249072,Product Enquiry,Product Enquiry,enquiry,False
TK-249073,Audio Quality,Audio Quality,mic_issue,False
TK-249074,Other,Delivery & Shipping,not_delivered,True
TK-249076,Audio Quality,Audio Quality,audio,False
TK-249077,Delivery & Shipping,Delivery & Shipping,not_delivered,False
TK-249079,Delivery & Shipping,Delivery & Shipping,not_delivered,False
TK-249081,Connectivity,Connectivity,connectivity,False
TK-249082,Delivery & Shipping,Delivery & Shipping,not_delivered,False
TK-249084,Delivery & Shipping,Delivery & Shipping,not_delivered,False
TK-249085,Audio Quality,Audio Quality,audio,False
TK-249086,Other,Billing & Payments,cancel,True
TK-249087,Delivery & Shipping,Delivery & Shipping,not_delivered,False
TK-249089,App & Firmware,App & Firmware,app_firmware,False
TK-249090,Billing & Payments,Billing & Payments,coupon,False
TK-249091,Delivery & Shipping,Delivery & Shipping,damaged_wrong,False
TK-249092,Other,Billing & Payments,cancel,True
TK-249093,Other,Account & Login,login,True
TK-249094,Returns & Refunds,Returns & Refunds,return_pickup,False
TK-249095,Billing & Payments,Returns & Refunds,refund_status,True
TK-249096,Returns & Refunds,Returns & Refunds,refund_status,False
TK-249097,Billing & Payments,Billing & Payments,dup_payment,False
TK-249098,Warranty & Repair,Warranty & Repair,warranty_repair,False
TK-249099,Charging & Battery,Returns & Refunds,refund_generic,True
TK-249100,Billing & Payments,Billing & Payments,dup_payment,False
TK-249101,Billing & Payments,Billing & Payments,coupon,False
TK-249102,App & Firmware,App & Firmware,app_firmware,False
TK-249104,Returns & Refunds,Returns & Refunds,refund_generic,False
TK-249105,Other,Billing & Payments,cancel,True
TK-249106,Product Enquiry,Product Enquiry,enquiry,False
TK-249108,Other,Delivery & Shipping,address_change,True
TK-249110,Product Enquiry,Product Enquiry,enquiry,False
TK-249112,Audio Quality,Audio Quality,audio,False
TK-249113,Charging & Battery,Charging & Battery,battery,False
TK-249114,Other,Product Enquiry,enquiry,True
TK-249115,Delivery & Shipping,Delivery & Shipping,not_delivered,False
TK-249117,App & Firmware,Billing & Payments,dup_payment,True
TK-249119,Billing & Payments,Billing & Payments,cancel,False
TK-249120,Other,App & Firmware,app_firmware,True
TK-249121,Connectivity,Connectivity,connectivity,False
TK-249122,Charging & Battery,Charging & Battery,battery,False
TK-249124,Product Enquiry,Billing & Payments,coupon,True
TK-249125,Delivery & Shipping,Delivery & Shipping,not_delivered,False
TK-249127,Charging & Battery,Charging & Battery,battery,False
TK-249128,Charging & Battery,Charging & Battery,battery,False
TK-249130,Account & Login,Account & Login,login,False
TK-249131,Connectivity,Connectivity,connectivity,False
TK-249133,Audio Quality,Audio Quality,audio,False
TK-249134,App & Firmware,App & Firmware,app_firmware,False
TK-249135,Other,Delivery & Shipping,address_change,True
TK-249137,Delivery & Shipping,Delivery & Shipping,not_delivered,False
TK-249138,Returns & Refunds,Returns & Refunds,return_pickup,False
TK-249139,Connectivity,Connectivity,connectivity,False
TK-249141,Billing & Payments,Billing & Payments,invoice,False
TK-249143,App & Firmware,App & Firmware,app_firmware,False
TK-249144,Delivery & Shipping,Delivery & Shipping,not_delivered,False
TK-249145,Audio Quality,Audio Quality,mic_issue,False
TK-249146,App & Firmware,Connectivity,connectivity,True
TK-249147,Other,Billing & Payments,dup_payment,True
TK-249148,Returns & Refunds,Returns & Refunds,return_pickup,False
TK-249149,Returns & Refunds,Returns & Refunds,return_pickup,False
TK-249150,Returns & Refunds,Returns & Refunds,return_pickup,False
TK-249152,Billing & Payments,Billing & Payments,dup_payment,False
TK-249153,Returns & Refunds,Returns & Refunds,return_pickup,False
TK-249154,Audio Quality,Delivery & Shipping,not_delivered,True
TK-249155,Warranty & Repair,Other,unclassified,False
TK-249156,Charging & Battery,App & Firmware,app_firmware,True
TK-249157,Delivery & Shipping,Delivery & Shipping,damaged_wrong,False
TK-249158,Other,Delivery & Shipping,address_change,True
TK-249160,Charging & Battery,Charging & Battery,battery,False
TK-249161,Audio Quality,Audio Quality,mic_issue,False
TK-249163,Billing & Payments,Billing & Payments,invoice,False
TK-249165,Returns & Refunds,Returns & Refunds,return_pickup,False
TK-249166,Other,Billing & Payments,cancel,True
TK-249167,Returns & Refunds,Returns & Refunds,return_pickup,False
TK-249168,Product Enquiry,Product Enquiry,enquiry,False
TK-249169,Returns & Refunds,Delivery & Shipping,damaged_wrong,True
TK-249170,Product Enquiry,Billing & Payments,coupon,True
TK-249171,Product Enquiry,Product Enquiry,enquiry,False
TK-249172,App & Firmware,App & Firmware,app_firmware,False
TK-249173,Returns & Refunds,Returns & Refunds,refund_status,False
TK-249175,Audio Quality,Audio Quality,audio,False
TK-249176,Delivery & Shipping,Delivery & Shipping,damaged_wrong,False
TK-249177,Other,Delivery & Shipping,not_delivered,True
TK-249179,Delivery & Shipping,Delivery & Shipping,not_delivered,False
TK-249181,Warranty & Repair,App & Firmware,app_firmware,True
TK-249182,Charging & Battery,Charging & Battery,battery,False
TK-249183,Account & Login,Account & Login,login,False
TK-249184,Delivery & Shipping,Delivery & Shipping,not_delivered,False
TK-249186,Warranty & Repair,Audio Quality,audio,True
TK-249187,Connectivity,Connectivity,connectivity,False
TK-249188,Charging & Battery,Audio Quality,audio,True
TK-249189,Warranty & Repair,Warranty & Repair,warranty_repair,False
TK-249190,Connectivity,Connectivity,connectivity,False
TK-249191,Billing & Payments,Billing & Payments,coupon,False
TK-249192,Charging & Battery,Charging & Battery,battery,False
TK-249194,Returns & Refunds,Returns & Refunds,refund_status,False
TK-249195,Billing & Payments,Billing & Payments,dup_payment,False
TK-249196,Billing & Payments,Returns & Refunds,refund_status,True
TK-249197,Billing & Payments,Billing & Payments,coupon,False
TK-249198,Billing & Payments,Billing & Payments,dup_payment,False
TK-249199,Charging & Battery,Charging & Battery,battery,False
TK-249200,App & Firmware,Charging & Battery,battery,True
TK-249201,Returns & Refunds,Returns & Refunds,refund_status,False
TK-249202,Account & Login,Account & Login,login,False
TK-249203,Connectivity,Connectivity,connectivity,False
TK-249204,Connectivity,Connectivity,connectivity,False
TK-249205,Returns & Refunds,Returns & Refunds,refund_status,False
TK-249206,Returns & Refunds,Returns & Refunds,return_pickup,False
TK-249207,App & Firmware,Delivery & Shipping,not_delivered,True
TK-249208,Returns & Refunds,Returns & Refunds,refund_status,False
TK-249210,Connectivity,Connectivity,connectivity,False
TK-249211,Delivery & Shipping,Delivery & Shipping,not_delivered,False
TK-249212,Other,Product Enquiry,enquiry,True
TK-249213,Billing & Payments,Billing & Payments,coupon,False
TK-249214,Connectivity,Connectivity,connectivity,False
TK-249215,Billing & Payments,Billing & Payments,coupon,False
TK-249216,Charging & Battery,Billing & Payments,dup_payment,True
TK-249217,Billing & Payments,Billing & Payments,invoice,False
TK-249218,Charging & Battery,Charging & Battery,battery,False
TK-249219,Audio Quality,Audio Quality,audio,False
TK-249220,Product Enquiry,Product Enquiry,enquiry,False
TK-249222,Audio Quality,Audio Quality,mic_issue,False
TK-249224,Audio Quality,Audio Quality,audio,False
TK-249225,Account & Login,Account & Login,login,False
TK-249226,Billing & Payments,Billing & Payments,coupon,False
TK-249227,Audio Quality,Audio Quality,audio,False
TK-249228,Connectivity,Connectivity,connectivity,False
TK-249229,Billing & Payments,Billing & Payments,invoice,False
TK-249230,Audio Quality,Audio Quality,audio,False
TK-249231,Connectivity,Connectivity,connectivity,False
TK-249233,Delivery & Shipping,Delivery & Shipping,not_delivered,False
TK-249234,Other,Billing & Payments,cancel,True
TK-249235,App & Firmware,App & Firmware,app_firmware,False
TK-249236,Other,Delivery & Shipping,not_delivered,True
TK-249238,Product Enquiry,Product Enquiry,enquiry,False
TK-249239,Connectivity,Connectivity,connectivity,False
TK-249240,Other,Billing & Payments,cancel,True
TK-249241,Charging & Battery,Delivery & Shipping,not_delivered,True
TK-249242,Billing & Payments,Billing & Payments,coupon,False
TK-249244,Other,Billing & Payments,cancel,True
TK-249245,Delivery & Shipping,Billing & Payments,dup_payment,True
TK-249247,Account & Login,Account & Login,login,False
TK-249248,Audio Quality,Audio Quality,audio,False
TK-249249,Returns & Refunds,Returns & Refunds,refund_status,False
TK-249250,Audio Quality,Audio Quality,audio,False
TK-249251,Delivery & Shipping,Delivery & Shipping,not_delivered,False
TK-249253,Charging & Battery,Charging & Battery,battery,False
TK-249254,Delivery & Shipping,Delivery & Shipping,address_change,False
TK-249255,Connectivity,Connectivity,connectivity,False
TK-249256,Other,Delivery & Shipping,address_change,True
TK-249258,App & Firmware,App & Firmware,app_firmware,False
TK-249260,Other,Billing & Payments,cancel,True
TK-249261,Other,Delivery & Shipping,address_change,True
TK-249262,Other,App & Firmware,app_firmware,True
TK-249263,Connectivity,Connectivity,connectivity,False
TK-249264,Delivery & Shipping,Delivery & Shipping,not_delivered,False
TK-249266,Connectivity,Connectivity,connectivity,False
TK-249267,Charging & Battery,Delivery & Shipping,not_delivered,True
TK-249269,Delivery & Shipping,Delivery & Shipping,not_delivered,False
TK-249270,App & Firmware,App & Firmware,app_firmware,False
TK-249272,Other,Delivery & Shipping,not_delivered,True
TK-249274,Delivery & Shipping,Delivery & Shipping,not_delivered,False
TK-249275,Audio Quality,Audio Quality,audio,False
TK-249276,Other,Billing & Payments,dup_payment,True
TK-249277,Delivery & Shipping,Delivery & Shipping,damaged_wrong,False
TK-249279,Returns & Refunds,Delivery & Shipping,damaged_wrong,True
TK-249281,App & Firmware,App & Firmware,app_firmware,False
TK-249282,Warranty & Repair,Warranty & Repair,warranty_repair,False
TK-249283,Other,Billing & Payments,cancel,True
TK-249284,Product Enquiry,Product Enquiry,enquiry,False
TK-249285,Billing & Payments,Billing & Payments,coupon,False
TK-249286,Delivery & Shipping,Delivery & Shipping,not_delivered,False
TK-249288,Connectivity,App & Firmware,app_firmware,True
TK-249290,Returns & Refunds,Delivery & Shipping,damaged_wrong,True
TK-249291,Billing & Payments,Billing & Payments,invoice,False
TK-249292,Billing & Payments,Billing & Payments,coupon,False
TK-249293,Delivery & Shipping,Delivery & Shipping,not_delivered,False
TK-249294,Billing & Payments,Billing & Payments,coupon,False
TK-249295,Connectivity,Connectivity,connectivity,False
TK-249296,Delivery & Shipping,Delivery & Shipping,not_delivered,False
TK-249298,Other,Billing & Payments,cancel,True
TK-249299,Billing & Payments,Billing & Payments,coupon,False
TK-249300,Connectivity,Audio Quality,audio,True
TK-249301,Other,Billing & Payments,coupon,True
TK-249302,Connectivity,Connectivity,connectivity,False
TK-249303,Audio Quality,Audio Quality,mic_issue,False
TK-249304,Charging & Battery,Charging & Battery,battery,False
TK-249305,Billing & Payments,Billing & Payments,invoice,False
TK-249307,Warranty & Repair,Charging & Battery,battery,True
TK-249308,App & Firmware,App & Firmware,app_firmware,False
TK-249310,Charging & Battery,Charging & Battery,battery,False
TK-249311,Charging & Battery,Charging & Battery,battery,False
TK-249312,Connectivity,Connectivity,connectivity,False
TK-249313,Delivery & Shipping,Delivery & Shipping,damaged_wrong,False
TK-249315,Audio Quality,Audio Quality,audio,False
TK-249317,App & Firmware,App & Firmware,app_firmware,False
TK-249318,Audio Quality,Other,unclassified,False
TK-249319,Other,Warranty & Repair,warranty_repair,True
TK-249321,Delivery & Shipping,Delivery & Shipping,not_delivered,False
TK-249322,Charging & Battery,Charging & Battery,battery,False
TK-249323,Charging & Battery,Charging & Battery,battery,False
TK-249324,Audio Quality,Audio Quality,audio,False
TK-249325,Billing & Payments,Billing & Payments,invoice,False
TK-249326,Returns & Refunds,Returns & Refunds,refund_status,False
TK-249327,Delivery & Shipping,Delivery & Shipping,not_delivered,False
TK-249328,Warranty & Repair,Other,unclassified,False
TK-249329,Billing & Payments,Billing & Payments,invoice,False
TK-249331,Delivery & Shipping,Delivery & Shipping,not_delivered,False
TK-249333,Billing & Payments,Billing & Payments,dup_payment,False
TK-249335,Charging & Battery,Charging & Battery,battery,False
TK-249336,Connectivity,Connectivity,connectivity,False
TK-249337,Delivery & Shipping,Delivery & Shipping,not_delivered,False
TK-249338,Other,Delivery & Shipping,not_delivered,True
TK-249340,Delivery & Shipping,Delivery & Shipping,not_delivered,False
TK-249341,Audio Quality,Audio Quality,audio,False
TK-249342,Other,Billing & Payments,cancel,True
TK-249343,App & Firmware,App & Firmware,app_firmware,False
TK-249344,App & Firmware,App & Firmware,app_firmware,False
TK-249346,Returns & Refunds,Returns & Refunds,refund_status,False
TK-249347,Charging & Battery,Charging & Battery,battery,False
TK-249348,App & Firmware,App & Firmware,app_firmware,False
TK-249349,Account & Login,Account & Login,login,False
TK-249350,Billing & Payments,Billing & Payments,dup_payment,False
TK-249351,Returns & Refunds,Returns & Refunds,refund_status,False
TK-249352,Delivery & Shipping,App & Firmware,app_firmware,True
TK-249353,Billing & Payments,Billing & Payments,dup_payment,False
TK-249354,Returns & Refunds,Returns & Refunds,return_pickup,False
TK-249355,Billing & Payments,Connectivity,connectivity,True
TK-249356,Other,Connectivity,connectivity,True
TK-249358,Billing & Payments,Billing & Payments,coupon,False
TK-249359,Other,Warranty & Repair,warranty_repair,True
TK-249360,Connectivity,Connectivity,connectivity,False
TK-249362,Connectivity,Connectivity,connectivity,False
TK-249364,Billing & Payments,Connectivity,connectivity,True
TK-249365,Product Enquiry,Product Enquiry,enquiry,False
TK-249366,Connectivity,Connectivity,connectivity,False
TK-249367,Delivery & Shipping,Charging & Battery,battery,True
TK-249369,Audio Quality,Audio Quality,audio,False
TK-249371,App & Firmware,App & Firmware,app_firmware,False
TK-249373,Account & Login,Account & Login,login,False
TK-249375,Charging & Battery,Charging & Battery,battery,False
TK-249376,Connectivity,Connectivity,connectivity,False
TK-249377,Billing & Payments,Billing & Payments,dup_payment,False
TK-249378,Returns & Refunds,Returns & Refunds,refund_status,False
TK-249379,Charging & Battery,Charging & Battery,battery,False
TK-249381,Audio Quality,Connectivity,connectivity,True
TK-249382,Delivery & Shipping,Delivery & Shipping,not_delivered,False
TK-249384,Delivery & Shipping,Delivery & Shipping,damaged_wrong,False
TK-249385,Delivery & Shipping,Delivery & Shipping,damaged_wrong,False
TK-249387,Connectivity,Connectivity,connectivity,False
TK-249388,Connectivity,Connectivity,connectivity,False
TK-249389,Audio Quality,Audio Quality,audio,False
TK-249390,App & Firmware,App & Firmware,app_firmware,False
TK-249392,Delivery & Shipping,Returns & Refunds,return_pickup,True
TK-249393,Audio Quality,Audio Quality,audio,False
TK-249394,Connectivity,Connectivity,connectivity,False
TK-249395,Delivery & Shipping,Delivery & Shipping,damaged_wrong,False
TK-249396,Billing & Payments,Billing & Payments,invoice,False
TK-249397,Returns & Refunds,Returns & Refunds,return_pickup,False
TK-249398,Audio Quality,Audio Quality,audio,False
TK-249399,Returns & Refunds,Returns & Refunds,return_pickup,False
TK-249400,Delivery & Shipping,Delivery & Shipping,not_delivered,False
TK-249402,Product Enquiry,Product Enquiry,enquiry,False
TK-249403,Delivery & Shipping,Delivery & Shipping,not_delivered,False
TK-249404,Other,Billing & Payments,cancel,True
TK-249405,Returns & Refunds,Returns & Refunds,refund_status,False
TK-249407,App & Firmware,Account & Login,login,True
TK-249409,Returns & Refunds,Returns & Refunds,refund_status,False
TK-249410,Connectivity,Connectivity,connectivity,False
TK-249411,Connectivity,Connectivity,connectivity,False
TK-249412,App & Firmware,App & Firmware,app_firmware,False
TK-249413,App & Firmware,App & Firmware,app_firmware,False
TK-249414,Delivery & Shipping,Delivery & Shipping,not_delivered,False
TK-249415,Other,Billing & Payments,coupon,True
TK-249416,Charging & Battery,Other,unclassified,False
TK-249417,Returns & Refunds,Returns & Refunds,return_pickup,False
TK-249419,Warranty & Repair,Warranty & Repair,warranty_repair,False
TK-249420,Charging & Battery,Charging & Battery,battery,False
TK-249421,Warranty & Repair,Warranty & Repair,warranty_repair,False
TK-249422,App & Firmware,Charging & Battery,battery,True
TK-249424,Delivery & Shipping,Delivery & Shipping,damaged_wrong,False
TK-249425,Delivery & Shipping,Delivery & Shipping,not_delivered,False
TK-249426,Warranty & Repair,App & Firmware,app_firmware,True
TK-249427,Charging & Battery,Charging & Battery,battery,False
TK-249428,Charging & Battery,Charging & Battery,battery,False
TK-249429,Audio Quality,Audio Quality,audio,False
TK-249430,Billing & Payments,Billing & Payments,invoice,False
TK-249432,Returns & Refunds,Returns & Refunds,return_pickup,False
TK-249433,Other,Audio Quality,audio,True
TK-249434,Connectivity,Connectivity,connectivity,False
TK-249435,Connectivity,Connectivity,connectivity,False
TK-249436,Returns & Refunds,Delivery & Shipping,damaged_wrong,True
TK-249437,Connectivity,Connectivity,connectivity,False
TK-249439,Account & Login,Account & Login,login,False
TK-249441,Account & Login,Account & Login,login,False
TK-249442,Charging & Battery,Audio Quality,audio,True
TK-249443,Billing & Payments,Billing & Payments,dup_payment,False
TK-249444,Connectivity,Connectivity,connectivity,False
TK-249446,Returns & Refunds,Returns & Refunds,refund_status,False
TK-249448,Delivery & Shipping,Delivery & Shipping,not_delivered,False
TK-249449,Connectivity,App & Firmware,app_firmware,True
TK-249450,Charging & Battery,Charging & Battery,battery,False
TK-249451,Other,Audio Quality,audio,True
TK-249452,Billing & Payments,Billing & Payments,dup_payment,False
TK-249454,Charging & Battery,Charging & Battery,battery,False
TK-249455,App & Firmware,App & Firmware,app_firmware,False
TK-249457,Other,Account & Login,login,True
TK-249458,Product Enquiry,Product Enquiry,enquiry,False
TK-249459,Connectivity,Connectivity,connectivity,False
TK-249461,Delivery & Shipping,Delivery & Shipping,damaged_wrong,False
TK-249462,Returns & Refunds,Delivery & Shipping,not_delivered,True
TK-249464,Audio Quality,Audio Quality,audio,False
TK-249465,Delivery & Shipping,Delivery & Shipping,not_delivered,False
TK-249467,Warranty & Repair,Warranty & Repair,warranty_repair,False
TK-249469,Billing & Payments,Billing & Payments,coupon,False
TK-249470,Connectivity,Connectivity,connectivity,False
TK-249471,Returns & Refunds,Delivery & Shipping,not_delivered,True
TK-249473,Account & Login,Account & Login,login,False
TK-249475,Connectivity,Connectivity,connectivity,False
TK-249476,Connectivity,Connectivity,connectivity,False
TK-249478,Product Enquiry,Product Enquiry,enquiry,False
TK-249479,Connectivity,Connectivity,connectivity,False
TK-249480,Product Enquiry,Product Enquiry,enquiry,False
TK-249482,Audio Quality,Audio Quality,audio,False
TK-249483,Delivery & Shipping,Delivery & Shipping,not_delivered,False
TK-249484,Other,Delivery & Shipping,not_delivered,True
TK-249486,Other,Delivery & Shipping,not_delivered,True
TK-249487,Connectivity,Connectivity,connectivity,False
TK-249488,Connectivity,Connectivity,connectivity,False
TK-249489,Billing & Payments,Billing & Payments,dup_payment,False
TK-249491,Charging & Battery,Charging & Battery,battery,False
TK-249492,Charging & Battery,Charging & Battery,battery,False
TK-249494,Audio Quality,Audio Quality,audio,False
TK-249495,Delivery & Shipping,Delivery & Shipping,not_delivered,False
TK-249497,Delivery & Shipping,Delivery & Shipping,not_delivered,False
TK-249499,Account & Login,Account & Login,login,False
TK-249500,Billing & Payments,Connectivity,connectivity,True
TK-249501,Other,Delivery & Shipping,not_delivered,True
TK-249502,Warranty & Repair,Returns & Refunds,refund_generic,True
TK-249503,Product Enquiry,Product Enquiry,enquiry,False
TK-249504,Delivery & Shipping,Delivery & Shipping,damaged_wrong,False
TK-249505,Account & Login,Account & Login,login,False
TK-249506,Warranty & Repair,Warranty & Repair,warranty_repair,False
TK-249507,Other,Billing & Payments,dup_payment,True
TK-249508,Other,App & Firmware,app_firmware,True
TK-249509,Returns & Refunds,Returns & Refunds,refund_status,False
TK-249510,Charging & Battery,Charging & Battery,battery,False
TK-249511,Charging & Battery,Charging & Battery,battery,False
TK-249512,Delivery & Shipping,Delivery & Shipping,damaged_wrong,False
TK-249513,Account & Login,Account & Login,login,False
TK-249514,Returns & Refunds,Returns & Refunds,return_pickup,False
TK-249515,Delivery & Shipping,Delivery & Shipping,damaged_wrong,False
TK-249516,Returns & Refunds,Returns & Refunds,return_pickup,False
TK-249517,Charging & Battery,Audio Quality,audio,True
TK-249518,Billing & Payments,Billing & Payments,dup_payment,False
TK-249519,Delivery & Shipping,Delivery & Shipping,not_delivered,False
TK-249520,Charging & Battery,Delivery & Shipping,not_delivered,True
TK-249521,Billing & Payments,Billing & Payments,invoice,False
TK-249523,Other,Product Enquiry,enquiry,True
TK-249524,Audio Quality,Audio Quality,mic_issue,False
TK-249526,App & Firmware,App & Firmware,app_firmware,False
TK-249528,Warranty & Repair,Delivery & Shipping,damaged_wrong,True
TK-249529,Returns & Refunds,Returns & Refunds,return_pickup,False
TK-249530,Audio Quality,Connectivity,connectivity,True
TK-249532,Other,Product Enquiry,enquiry,True
TK-249533,Delivery & Shipping,Delivery & Shipping,damaged_wrong,False
TK-249534,Other,Billing & Payments,cancel,True
TK-249536,App & Firmware,App & Firmware,app_firmware,False
TK-249537,Delivery & Shipping,Delivery & Shipping,not_delivered,False
TK-249538,App & Firmware,Connectivity,connectivity,True
TK-249539,Warranty & Repair,Warranty & Repair,warranty_repair,False
TK-249540,Delivery & Shipping,Delivery & Shipping,damaged_wrong,False
TK-249541,Billing & Payments,Billing & Payments,coupon,False
TK-249542,Warranty & Repair,Warranty & Repair,warranty_repair,False
TK-249543,Returns & Refunds,Returns & Refunds,refund_status,False
TK-249544,Connectivity,Connectivity,connectivity,False
TK-249545,Other,Billing & Payments,dup_payment,True
TK-249546,Delivery & Shipping,Delivery & Shipping,damaged_wrong,False
TK-249547,Other,Product Enquiry,enquiry,True
TK-249548,Delivery & Shipping,Delivery & Shipping,damaged_wrong,False
TK-249549,Connectivity,Connectivity,connectivity,False
TK-249551,Returns & Refunds,Returns & Refunds,refund_status,False
TK-249553,Other,Delivery & Shipping,address_change,True
TK-249555,Billing & Payments,Billing & Payments,dup_payment,False
TK-249556,Audio Quality,Audio Quality,audio,False
TK-249557,Account & Login,Account & Login,login,False
TK-249558,Other,Delivery & Shipping,not_delivered,True
TK-249559,Returns & Refunds,Returns & Refunds,return_pickup,False
TK-249560,Connectivity,Audio Quality,audio,True
TK-249562,Connectivity,Connectivity,connectivity,False
TK-249563,Billing & Payments,Billing & Payments,coupon,False
TK-249565,Delivery & Shipping,Delivery & Shipping,not_delivered,False
TK-249567,Billing & Payments,Returns & Refunds,refund_status,True
TK-249568,App & Firmware,App & Firmware,app_firmware,False
TK-249569,Warranty & Repair,Warranty & Repair,warranty_repair,False
TK-249570,Account & Login,Account & Login,login,False
TK-249571,Connectivity,Connectivity,connectivity,False
TK-249572,Returns & Refunds,Returns & Refunds,refund_status,False
TK-249573,Returns & Refunds,Returns & Refunds,refund_status,False
TK-249574,Other,Connectivity,connectivity,True
TK-249575,Product Enquiry,Product Enquiry,enquiry,False
TK-249576,Returns & Refunds,Delivery & Shipping,damaged_wrong,True
TK-249577,Product Enquiry,Product Enquiry,enquiry,False
TK-249578,Billing & Payments,Billing & Payments,coupon,False
TK-249580,Other,Warranty & Repair,warranty_repair,True
TK-249581,Connectivity,Connectivity,connectivity,False
TK-249583,Charging & Battery,Charging & Battery,battery,False
TK-249584,Billing & Payments,Billing & Payments,dup_payment,False
TK-249585,Delivery & Shipping,Delivery & Shipping,not_delivered,False
TK-249586,App & Firmware,Charging & Battery,battery,True
TK-249587,Billing & Payments,Other,unclassified,False
TK-249588,Account & Login,Account & Login,login,False
TK-249589,Audio Quality,Audio Quality,audio,False
TK-249590,Delivery & Shipping,Delivery & Shipping,damaged_wrong,False
TK-249591,Product Enquiry,Billing & Payments,coupon,True
TK-249592,Product Enquiry,Product Enquiry,enquiry,False
TK-249593,Connectivity,Audio Quality,audio,True
TK-249594,Connectivity,Audio Quality,audio,True
TK-249595,Audio Quality,Audio Quality,mic_issue,False
TK-249596,Returns & Refunds,Returns & Refunds,refund_status,False
TK-249597,Billing & Payments,Billing & Payments,coupon,False
TK-249598,Product Enquiry,Product Enquiry,enquiry,False
TK-249599,Account & Login,Account & Login,login,False
TK-249600,Returns & Refunds,Returns & Refunds,refund_status,False
TK-249602,Connectivity,App & Firmware,app_firmware,True
TK-249603,Connectivity,Audio Quality,mic_issue,True
TK-249604,App & Firmware,App & Firmware,app_firmware,False
TK-249606,Charging & Battery,Charging & Battery,battery,False
TK-249608,Delivery & Shipping,Delivery & Shipping,damaged_wrong,False
TK-249610,Delivery & Shipping,Delivery & Shipping,not_delivered,False
TK-249611,Other,Billing & Payments,cancel,True
TK-249612,Delivery & Shipping,Delivery & Shipping,not_delivered,False
TK-249613,App & Firmware,App & Firmware,app_firmware,False
TK-249614,Charging & Battery,Billing & Payments,dup_payment,True
TK-249615,Account & Login,Account & Login,login,False
TK-249617,Charging & Battery,Charging & Battery,battery,False
TK-249618,Audio Quality,Audio Quality,audio,False
TK-249620,App & Firmware,App & Firmware,app_firmware,False
TK-249621,Charging & Battery,Charging & Battery,battery,False
TK-249623,Connectivity,Connectivity,connectivity,False
TK-249624,App & Firmware,App & Firmware,app_firmware,False
TK-249625,Connectivity,Connectivity,connectivity,False
TK-249626,Billing & Payments,Billing & Payments,dup_payment,False
TK-249628,Connectivity,Audio Quality,mic_issue,True
TK-249629,Charging & Battery,Billing & Payments,dup_payment,True
TK-249630,Warranty & Repair,Warranty & Repair,warranty_repair,False
TK-249631,Delivery & Shipping,Delivery & Shipping,not_delivered,False
TK-249632,Warranty & Repair,Warranty & Repair,warranty_repair,False
TK-249633,App & Firmware,App & Firmware,app_firmware,False
TK-249634,App & Firmware,App & Firmware,app_firmware,False
TK-249635,Other,Billing & Payments,invoice,True
TK-249636,Billing & Payments,Billing & Payments,cancel,False
TK-249638,App & Firmware,Charging & Battery,battery,True
TK-249639,Other,Billing & Payments,dup_payment,True
TK-249640,Returns & Refunds,Returns & Refunds,refund_status,False
TK-249641,Returns & Refunds,Returns & Refunds,refund_status,False
TK-249642,Audio Quality,Connectivity,connectivity,True
TK-249643,Billing & Payments,Billing & Payments,dup_payment,False
TK-249644,Other,Delivery & Shipping,not_delivered,True
TK-249645,App & Firmware,App & Firmware,app_firmware,False
TK-249646,Product Enquiry,Product Enquiry,enquiry,False
TK-249648,Connectivity,Connectivity,connectivity,False
TK-249650,Connectivity,Connectivity,connectivity,False
TK-249651,Returns & Refunds,Returns & Refunds,refund_status,False
TK-249652,Charging & Battery,Charging & Battery,battery,False
TK-249653,Other,Billing & Payments,dup_payment,True
TK-249654,Warranty & Repair,Warranty & Repair,warranty_repair,False
TK-249655,Billing & Payments,Billing & Payments,coupon,False
TK-249657,Connectivity,Connectivity,connectivity,False
TK-249658,Audio Quality,Audio Quality,audio,False
TK-249659,Delivery & Shipping,Delivery & Shipping,not_delivered,False
TK-249660,Delivery & Shipping,Delivery & Shipping,damaged_wrong,False
TK-249661,Other,Connectivity,connectivity,True
TK-249662,Audio Quality,Connectivity,connectivity,True
TK-249663,Product Enquiry,Billing & Payments,coupon,True
TK-249664,Delivery & Shipping,Delivery & Shipping,damaged_wrong,False
TK-249666,Charging & Battery,Charging & Battery,battery,False
TK-249667,Charging & Battery,Delivery & Shipping,not_delivered,True
TK-249668,Returns & Refunds,Other,unclassified,False
TK-249669,Warranty & Repair,Other,unclassified,False
TK-249670,Returns & Refunds,Delivery & Shipping,damaged_wrong,True
TK-249671,Product Enquiry,Product Enquiry,enquiry,False
TK-249672,Billing & Payments,Returns & Refunds,refund_status,True
TK-249673,Warranty & Repair,Warranty & Repair,warranty_repair,False
TK-249674,Warranty & Repair,Warranty & Repair,warranty_repair,False
TK-249675,Other,Warranty & Repair,warranty_repair,True
TK-249676,Audio Quality,Audio Quality,audio,False
TK-249678,Other,Connectivity,connectivity,True
TK-249679,Other,Billing & Payments,cancel,True
TK-249680,Returns & Refunds,Returns & Refunds,return_pickup,False
TK-249682,Returns & Refunds,Returns & Refunds,refund_status,False
TK-249683,Delivery & Shipping,Delivery & Shipping,not_delivered,False
TK-249684,Other,Product Enquiry,enquiry,True
TK-249685,Delivery & Shipping,Delivery & Shipping,not_delivered,False
TK-249686,Delivery & Shipping,Billing & Payments,cancel,True
TK-249687,Audio Quality,Audio Quality,audio,False
TK-249688,Other,Connectivity,connectivity,True
TK-249689,Connectivity,Connectivity,connectivity,False
TK-249690,Other,Billing & Payments,cancel,True
TK-249691,Audio Quality,Audio Quality,audio,False
TK-249692,Delivery & Shipping,Delivery & Shipping,not_delivered,False
TK-249693,Audio Quality,Audio Quality,audio,False
TK-249694,Charging & Battery,Audio Quality,audio,True
TK-249695,Returns & Refunds,Returns & Refunds,refund_status,False
TK-249696,Other,Billing & Payments,cancel,True
TK-249698,Other,Delivery & Shipping,not_delivered,True
TK-249700,Delivery & Shipping,Delivery & Shipping,not_delivered,False
TK-249701,Billing & Payments,Returns & Refunds,refund_status,True
TK-249703,Delivery & Shipping,Delivery & Shipping,not_delivered,False
TK-249704,Delivery & Shipping,Delivery & Shipping,not_delivered,False
TK-249705,Billing & Payments,Billing & Payments,dup_payment,False
TK-249707,Delivery & Shipping,Billing & Payments,dup_payment,True
TK-249708,Other,Billing & Payments,dup_payment,True
TK-249709,Connectivity,Connectivity,connectivity,False
TK-249710,Charging & Battery,Charging & Battery,battery,False
TK-249711,Charging & Battery,App & Firmware,app_firmware,True
TK-249712,Charging & Battery,App & Firmware,app_firmware,True
TK-249713,Charging & Battery,Charging & Battery,battery,False
TK-249715,Returns & Refunds,Returns & Refunds,refund_status,False
TK-249716,Returns & Refunds,Returns & Refunds,refund_generic,False
TK-249717,Other,Charging & Battery,battery,True
TK-249719,Other,Product Enquiry,enquiry,True
TK-249720,Audio Quality,Connectivity,connectivity,True
TK-249721,Delivery & Shipping,Delivery & Shipping,damaged_wrong,False
TK-249723,Delivery & Shipping,Delivery & Shipping,damaged_wrong,False
TK-249724,Billing & Payments,Billing & Payments,coupon,False
TK-249725,Audio Quality,Delivery & Shipping,damaged_wrong,True
TK-249726,Other,Delivery & Shipping,address_change,True
TK-249727,Returns & Refunds,Returns & Refunds,refund_status,False
TK-249728,Warranty & Repair,Warranty & Repair,warranty_repair,False
TK-249729,Other,Billing & Payments,cancel,True
TK-249730,Returns & Refunds,Returns & Refunds,return_pickup,False
TK-249732,Billing & Payments,Billing & Payments,dup_payment,False
TK-249733,Product Enquiry,Product Enquiry,enquiry,False
TK-249734,Audio Quality,Audio Quality,audio,False
TK-249736,Returns & Refunds,Returns & Refunds,return_pickup,False
TK-249737,Other,Connectivity,connectivity,True
TK-249739,Delivery & Shipping,Delivery & Shipping,damaged_wrong,False
TK-249741,Charging & Battery,Audio Quality,audio,True
TK-249742,App & Firmware,App & Firmware,app_firmware,False
TK-249743,Delivery & Shipping,Delivery & Shipping,damaged_wrong,False
TK-249744,Billing & Payments,Billing & Payments,dup_payment,False
TK-249746,Connectivity,Connectivity,connectivity,False
TK-249748,Other,Product Enquiry,enquiry,True
TK-249749,Billing & Payments,Billing & Payments,invoice,False
TK-249750,Delivery & Shipping,Delivery & Shipping,not_delivered,False
TK-249751,App & Firmware,App & Firmware,app_firmware,False
TK-249752,App & Firmware,App & Firmware,app_firmware,False
TK-249753,Billing & Payments,Billing & Payments,coupon,False
TK-249754,Account & Login,Account & Login,login,False
TK-249755,Other,Delivery & Shipping,damaged_wrong,True
TK-249756,Audio Quality,Audio Quality,audio,False
TK-249757,Connectivity,App & Firmware,app_firmware,True
TK-249758,Other,Billing & Payments,cancel,True
TK-249759,Product Enquiry,Product Enquiry,enquiry,False
TK-249760,Charging & Battery,Audio Quality,audio,True
TK-249761,Delivery & Shipping,Returns & Refunds,return_pickup,True
TK-249763,Delivery & Shipping,Delivery & Shipping,damaged_wrong,False
TK-249764,Charging & Battery,Billing & Payments,dup_payment,True
TK-249765,Connectivity,Connectivity,connectivity,False
TK-249766,Delivery & Shipping,Delivery & Shipping,damaged_wrong,False
TK-249768,Warranty & Repair,Returns & Refunds,refund_generic,True
TK-249769,Charging & Battery,App & Firmware,app_firmware,True
TK-249770,Returns & Refunds,Returns & Refunds,return_pickup,False
TK-249772,Delivery & Shipping,Delivery & Shipping,not_delivered,False
TK-249773,Charging & Battery,Charging & Battery,battery,False
TK-249774,Charging & Battery,Charging & Battery,battery,False
TK-249775,Returns & Refunds,Other,unclassified,False
TK-249776,Connectivity,Connectivity,connectivity,False
TK-249777,Charging & Battery,Charging & Battery,battery,False
TK-249778,Other,Delivery & Shipping,address_change,True
TK-249779,Connectivity,Connectivity,connectivity,False
TK-249780,Returns & Refunds,Delivery & Shipping,not_delivered,True
TK-249781,Delivery & Shipping,Delivery & Shipping,not_delivered,False
TK-249783,Delivery & Shipping,Delivery & Shipping,not_delivered,False
TK-249784,Returns & Refunds,Returns & Refunds,return_pickup,False
TK-249785,Billing & Payments,Billing & Payments,dup_payment,False
TK-249787,Other,Delivery & Shipping,not_delivered,True
TK-249788,Warranty & Repair,Warranty & Repair,warranty_repair,False
TK-249790,Other,Connectivity,connectivity,True
TK-249792,Connectivity,Connectivity,connectivity,False
TK-249793,App & Firmware,App & Firmware,app_firmware,False
TK-249794,App & Firmware,App & Firmware,app_firmware,False
TK-249795,Other,Billing & Payments,cancel,True
TK-249797,Other,Warranty & Repair,warranty_repair,True
TK-249798,Delivery & Shipping,Delivery & Shipping,not_delivered,False
TK-249799,Delivery & Shipping,Delivery & Shipping,damaged_wrong,False
TK-249800,Audio Quality,Audio Quality,audio,False
TK-249801,Charging & Battery,Audio Quality,audio,True
TK-249802,Billing & Payments,Billing & Payments,coupon,False
TK-249803,Warranty & Repair,Other,unclassified,False
TK-249804,Delivery & Shipping,Delivery & Shipping,not_delivered,False
TK-249805,Delivery & Shipping,Returns & Refunds,return_pickup,True
TK-249806,Connectivity,Connectivity,connectivity,False
TK-249807,Charging & Battery,Charging & Battery,battery,False
TK-249808,Billing & Payments,Billing & Payments,coupon,False
TK-249810,Other,Billing & Payments,cancel,True
TK-249811,Charging & Battery,Charging & Battery,battery,False
TK-249812,Audio Quality,Audio Quality,audio,False
TK-249813,Delivery & Shipping,Delivery & Shipping,damaged_wrong,False
TK-249815,Billing & Payments,Connectivity,connectivity,True
TK-249816,Billing & Payments,Billing & Payments,dup_payment,False
TK-249817,Other,Delivery & Shipping,not_delivered,True
TK-249818,Charging & Battery,Charging & Battery,battery,False
TK-249819,Delivery & Shipping,Delivery & Shipping,not_delivered,False
TK-249820,Other,Billing & Payments,cancel,True
TK-249821,Charging & Battery,App & Firmware,app_firmware,True
TK-249822,Billing & Payments,Billing & Payments,invoice,False
TK-249823,Delivery & Shipping,Delivery & Shipping,not_delivered,False
TK-249824,Billing & Payments,Billing & Payments,coupon,False
TK-249825,Product Enquiry,Product Enquiry,enquiry,False
TK-249826,Billing & Payments,Billing & Payments,coupon,False
TK-249827,Billing & Payments,App & Firmware,app_firmware,True
TK-249828,Audio Quality,Audio Quality,audio,False
TK-249830,Other,Billing & Payments,cancel,True
TK-249831,Delivery & Shipping,Delivery & Shipping,not_delivered,False
TK-249832,Charging & Battery,Other,unclassified,False
TK-249833,Other,Delivery & Shipping,not_delivered,True
TK-249835,Returns & Refunds,Returns & Refunds,return_pickup,False
TK-249836,Billing & Payments,Billing & Payments,dup_payment,False
TK-249837,Other,Delivery & Shipping,address_change,True
TK-249838,Delivery & Shipping,Delivery & Shipping,not_delivered,False
TK-249839,Audio Quality,Audio Quality,audio,False
TK-249840,Connectivity,Connectivity,connectivity,False
TK-249841,Billing & Payments,Billing & Payments,invoice,False
TK-249842,Connectivity,Connectivity,connectivity,False
TK-249844,Billing & Payments,Billing & Payments,coupon,False
TK-249845,Other,Delivery & Shipping,not_delivered,True
TK-249846,Product Enquiry,Product Enquiry,enquiry,False
TK-249847,Audio Quality,Audio Quality,audio,False
TK-249848,App & Firmware,App & Firmware,app_firmware,False
TK-249849,Other,App & Firmware,app_firmware,True
TK-249850,Delivery & Shipping,Delivery & Shipping,not_delivered,False
TK-249851,App & Firmware,App & Firmware,app_firmware,False
TK-249852,Returns & Refunds,Returns & Refunds,refund_status,False
TK-249853,Connectivity,Connectivity,connectivity,False
TK-249854,Billing & Payments,Returns & Refunds,refund_status,True
TK-249855,Audio Quality,Audio Quality,audio,False
TK-249856,Warranty & Repair,Returns & Refunds,refund_generic,True
TK-249857,Delivery & Shipping,Delivery & Shipping,damaged_wrong,False
TK-249858,Other,Billing & Payments,cancel,True
TK-249860,Delivery & Shipping,Delivery & Shipping,damaged_wrong,False
TK-249861,Audio Quality,Audio Quality,audio,False
TK-249862,App & Firmware,Charging & Battery,battery,True
TK-249863,Charging & Battery,App & Firmware,app_firmware,True
TK-249864,Delivery & Shipping,Delivery & Shipping,not_delivered,False
TK-249865,App & Firmware,App & Firmware,app_firmware,False
TK-249866,Product Enquiry,Product Enquiry,enquiry,False
TK-249868,App & Firmware,App & Firmware,app_firmware,False
TK-249869,Charging & Battery,Charging & Battery,battery,False
TK-249870,Warranty & Repair,Warranty & Repair,warranty_repair,False
TK-249871,App & Firmware,App & Firmware,app_firmware,False
TK-249872,Connectivity,Connectivity,connectivity,False
TK-249874,Warranty & Repair,Other,unclassified,False
TK-249875,Other,App & Firmware,app_firmware,True
TK-249876,Other,Charging & Battery,battery,True
TK-249877,Delivery & Shipping,Delivery & Shipping,damaged_wrong,False
TK-249878,Delivery & Shipping,Delivery & Shipping,address_change,False
TK-249880,Delivery & Shipping,Delivery & Shipping,not_delivered,False
TK-249881,Delivery & Shipping,Billing & Payments,dup_payment,True
TK-249882,Returns & Refunds,Returns & Refunds,refund_status,False
TK-249884,Billing & Payments,Billing & Payments,coupon,False
TK-249885,Charging & Battery,App & Firmware,app_firmware,True
TK-249886,App & Firmware,App & Firmware,app_firmware,False
TK-249887,Delivery & Shipping,Delivery & Shipping,not_delivered,False
TK-249888,App & Firmware,App & Firmware,app_firmware,False
TK-249890,Connectivity,App & Firmware,app_firmware,True
TK-249892,Delivery & Shipping,Delivery & Shipping,not_delivered,False
TK-249894,Other,Delivery & Shipping,not_delivered,True
TK-249895,Charging & Battery,Other,unclassified,False
TK-249897,Returns & Refunds,Returns & Refunds,refund_status,False
TK-249898,Audio Quality,Audio Quality,audio,False
TK-249899,Other,Delivery & Shipping,not_delivered,True
TK-249900,Connectivity,Connectivity,connectivity,False
TK-249901,Other,Warranty & Repair,warranty_repair,True
TK-249902,App & Firmware,App & Firmware,app_firmware,False
TK-249903,Billing & Payments,Billing & Payments,cancel,False
TK-249905,App & Firmware,App & Firmware,app_firmware,False
TK-249906,Charging & Battery,Charging & Battery,battery,False
TK-249907,Delivery & Shipping,Delivery & Shipping,not_delivered,False
TK-249908,Connectivity,Connectivity,connectivity,False
TK-249909,Billing & Payments,Billing & Payments,dup_payment,False
TK-249910,Billing & Payments,Billing & Payments,coupon,False
TK-249911,Returns & Refunds,Returns & Refunds,return_pickup,False
TK-249912,Returns & Refunds,Delivery & Shipping,damaged_wrong,True
TK-249913,Connectivity,Connectivity,connectivity,False
TK-249914,Returns & Refunds,Returns & Refunds,return_pickup,False
TK-249915,Audio Quality,Audio Quality,audio,False
TK-249916,Other,Billing & Payments,coupon,True
TK-249917,Connectivity,Connectivity,connectivity,False
TK-249919,Delivery & Shipping,Delivery & Shipping,not_delivered,False
TK-249921,Delivery & Shipping,Delivery & Shipping,not_delivered,False
TK-249922,Account & Login,Billing & Payments,invoice,True
TK-249924,Billing & Payments,Billing & Payments,invoice,False
TK-249925,App & Firmware,App & Firmware,app_firmware,False
TK-249926,App & Firmware,App & Firmware,app_firmware,False
TK-249927,Other,Charging & Battery,battery,True
TK-249928,Audio Quality,Audio Quality,audio,False
TK-249929,Charging & Battery,Charging & Battery,battery,False
TK-249930,Delivery & Shipping,Delivery & Shipping,not_delivered,False
TK-249931,Billing & Payments,Connectivity,connectivity,True
TK-249933,Warranty & Repair,Warranty & Repair,warranty_repair,False
TK-249934,Other,Billing & Payments,cancel,True
TK-249935,Warranty & Repair,Warranty & Repair,warranty_repair,False
TK-249937,Charging & Battery,Charging & Battery,battery,False
TK-249938,Connectivity,App & Firmware,app_firmware,True
TK-249939,Delivery & Shipping,Delivery & Shipping,not_delivered,False
TK-249940,Product Enquiry,Product Enquiry,enquiry,False
TK-249941,Audio Quality,Audio Quality,audio,False
TK-249942,Delivery & Shipping,Delivery & Shipping,not_delivered,False
TK-249943,Connectivity,Connectivity,connectivity,False
TK-249944,Audio Quality,Audio Quality,audio,False
TK-249945,App & Firmware,Other,unclassified,False
TK-249946,Returns & Refunds,Returns & Refunds,refund_status,False
TK-249947,Warranty & Repair,Warranty & Repair,warranty_repair,False
TK-249948,Connectivity,Connectivity,connectivity,False
TK-249949,Account & Login,Account & Login,login,False
TK-249950,Billing & Payments,Billing & Payments,coupon,False
TK-249951,Charging & Battery,Audio Quality,audio,True
TK-249952,Audio Quality,Audio Quality,audio,False
TK-249953,Audio Quality,Audio Quality,audio,False
TK-249954,Charging & Battery,App & Firmware,app_firmware,True
TK-249955,Warranty & Repair,Warranty & Repair,warranty_repair,False
TK-249956,Billing & Payments,Billing & Payments,invoice,False
TK-249957,Other,Connectivity,connectivity,True
TK-249958,Audio Quality,Audio Quality,audio,False
TK-249959,App & Firmware,Delivery & Shipping,not_delivered,True
TK-249960,Delivery & Shipping,Billing & Payments,invoice,True
TK-249961,Returns & Refunds,Returns & Refunds,return_pickup,False
TK-249962,Connectivity,Connectivity,connectivity,False
TK-249964,Other,App & Firmware,app_firmware,True
TK-249966,Billing & Payments,Billing & Payments,dup_payment,False
TK-249967,Returns & Refunds,Other,unclassified,False
TK-249968,Billing & Payments,Billing & Payments,dup_payment,False
TK-249969,Delivery & Shipping,Delivery & Shipping,not_delivered,False
TK-249970,Delivery & Shipping,Delivery & Shipping,damaged_wrong,False
TK-249971,Audio Quality,Audio Quality,audio,False
TK-249972,Returns & Refunds,Returns & Refunds,refund_status,False
TK-249973,Charging & Battery,Charging & Battery,battery,False
TK-249975,Returns & Refunds,Delivery & Shipping,not_delivered,True
TK-249976,Delivery & Shipping,Delivery & Shipping,not_delivered,False
TK-249978,Delivery & Shipping,Delivery & Shipping,damaged_wrong,False
TK-249980,App & Firmware,App & Firmware,app_firmware,False
TK-249982,Billing & Payments,Billing & Payments,invoice,False
TK-249983,Delivery & Shipping,Delivery & Shipping,damaged_wrong,False
TK-249985,Returns & Refunds,Returns & Refunds,refund_status,False
TK-249986,Warranty & Repair,Returns & Refunds,return_pickup,True
TK-249988,Account & Login,Billing & Payments,invoice,True
TK-249989,App & Firmware,Charging & Battery,battery,True
TK-249990,Billing & Payments,Delivery & Shipping,not_delivered,True
TK-249992,Returns & Refunds,Returns & Refunds,refund_status,False
TK-249993,Product Enquiry,Product Enquiry,enquiry,False
TK-249994,Other,Connectivity,connectivity,True
TK-249996,App & Firmware,App & Firmware,app_firmware,False
TK-249997,Audio Quality,Delivery & Shipping,damaged_wrong,True
TK-249999,Other,Delivery & Shipping,address_change,True
TK-250000,App & Firmware,App & Firmware,app_firmware,False
TK-250001,Product Enquiry,Product Enquiry,enquiry,False
TK-250003,Billing & Payments,Billing & Payments,invoice,False
TK-250005,Account & Login,Account & Login,login,False
TK-250006,Other,Billing & Payments,invoice,True
TK-250007,Connectivity,Connectivity,connectivity,False
TK-250008,Connectivity,Connectivity,connectivity,False
TK-250009,Delivery & Shipping,Delivery & Shipping,not_delivered,False
TK-250011,Billing & Payments,Billing & Payments,dup_payment,False
TK-250012,Returns & Refunds,Returns & Refunds,return_pickup,False
TK-250013,Billing & Payments,Billing & Payments,dup_payment,False
TK-250014,Charging & Battery,Charging & Battery,battery,False
TK-250015,Billing & Payments,Billing & Payments,coupon,False
TK-250017,App & Firmware,App & Firmware,app_firmware,False
TK-250018,Charging & Battery,Warranty & Repair,warranty_repair,True
TK-250019,Delivery & Shipping,Delivery & Shipping,damaged_wrong,False
TK-250020,Returns & Refunds,Returns & Refunds,refund_status,False
TK-250022,Connectivity,Connectivity,connectivity,False
TK-250023,Other,Returns & Refunds,refund_generic,True
TK-250024,Product Enquiry,Product Enquiry,enquiry,False
TK-250025,Returns & Refunds,Returns & Refunds,refund_status,False
TK-250027,Other,Delivery & Shipping,not_delivered,True
TK-250028,Product Enquiry,Product Enquiry,enquiry,False
TK-250029,App & Firmware,Charging & Battery,battery,True
TK-250031,Charging & Battery,Charging & Battery,battery,False
TK-250032,Delivery & Shipping,Returns & Refunds,return_pickup,True
TK-250033,Billing & Payments,Connectivity,connectivity,True
TK-250035,Other,Billing & Payments,cancel,True
TK-250036,Returns & Refunds,Delivery & Shipping,not_delivered,True
TK-250037,Other,Connectivity,connectivity,True
TK-250039,Connectivity,Audio Quality,audio,True
TK-250040,Audio Quality,Audio Quality,audio,False
TK-250042,Connectivity,Connectivity,connectivity,False
TK-250043,Other,Billing & Payments,dup_payment,True
TK-250044,Returns & Refunds,Returns & Refunds,refund_status,False
TK-250045,Warranty & Repair,Warranty & Repair,warranty_repair,False
TK-250046,Billing & Payments,Billing & Payments,dup_payment,False
TK-250047,Audio Quality,Audio Quality,mic_issue,False
TK-250048,Charging & Battery,Billing & Payments,dup_payment,True
TK-250049,Connectivity,Connectivity,connectivity,False
TK-250050,Billing & Payments,Billing & Payments,dup_payment,False
TK-250051,Delivery & Shipping,Delivery & Shipping,damaged_wrong,False
TK-250053,Delivery & Shipping,Delivery & Shipping,not_delivered,False
TK-250054,Other,Billing & Payments,cancel,True
TK-250055,Product Enquiry,Product Enquiry,enquiry,False
TK-250056,Billing & Payments,Billing & Payments,coupon,False
TK-250058,Audio Quality,Audio Quality,audio,False
TK-250060,Billing & Payments,Billing & Payments,dup_payment,False
TK-250061,Billing & Payments,Connectivity,connectivity,True
TK-250062,Returns & Refunds,Returns & Refunds,refund_status,False
TK-250064,Other,Charging & Battery,battery,True
TK-250065,Other,Product Enquiry,enquiry,True
TK-250066,Audio Quality,Audio Quality,audio,False
TK-250067,Product Enquiry,Product Enquiry,enquiry,False
TK-250069,App & Firmware,Account & Login,login,True
TK-250071,Returns & Refunds,Returns & Refunds,refund_status,False
TK-250073,Other,Connectivity,connectivity,True
TK-250074,Delivery & Shipping,Delivery & Shipping,not_delivered,False
TK-250076,Returns & Refunds,Returns & Refunds,return_pickup,False
TK-250078,Delivery & Shipping,Delivery & Shipping,damaged_wrong,False
TK-250079,Audio Quality,Audio Quality,audio,False
TK-250080,Connectivity,Connectivity,connectivity,False
TK-250081,Delivery & Shipping,Delivery & Shipping,not_delivered,False
TK-250082,Billing & Payments,Billing & Payments,dup_payment,False
TK-250083,Account & Login,Account & Login,login,False
TK-250085,Charging & Battery,Charging & Battery,battery,False
TK-250086,Other,Billing & Payments,dup_payment,True
TK-250087,Delivery & Shipping,Delivery & Shipping,not_delivered,False
TK-250088,Connectivity,Connectivity,connectivity,False
TK-250089,Billing & Payments,Billing & Payments,dup_payment,False
TK-250091,Connectivity,Connectivity,connectivity,False
TK-250092,Delivery & Shipping,Delivery & Shipping,not_delivered,False
TK-250093,Billing & Payments,Billing & Payments,coupon,False
TK-250094,Charging & Battery,Charging & Battery,battery,False
TK-250095,Delivery & Shipping,Delivery & Shipping,not_delivered,False
TK-250096,Other,Billing & Payments,cancel,True
TK-250097,Account & Login,Account & Login,login,False
TK-250098,Product Enquiry,Product Enquiry,enquiry,False
TK-250100,Product Enquiry,Product Enquiry,enquiry,False
TK-250102,Other,Billing & Payments,cancel,True
TK-250103,Other,Warranty & Repair,warranty_repair,True
TK-250105,Billing & Payments,Billing & Payments,dup_payment,False
TK-250106,Charging & Battery,Delivery & Shipping,not_delivered,True
TK-250108,Product Enquiry,Product Enquiry,enquiry,False
TK-250110,Other,Billing & Payments,dup_payment,True
TK-250112,Charging & Battery,Charging & Battery,battery,False
TK-250114,Delivery & Shipping,Delivery & Shipping,not_delivered,False
TK-250115,Connectivity,Connectivity,connectivity,False
TK-250116,Product Enquiry,Product Enquiry,enquiry,False
TK-250117,Other,Delivery & Shipping,not_delivered,True
TK-250118,Other,Billing & Payments,cancel,True
TK-250119,Product Enquiry,Product Enquiry,enquiry,False
TK-250121,Connectivity,Connectivity,connectivity,False
TK-250123,Billing & Payments,Billing & Payments,coupon,False
TK-250125,Returns & Refunds,Returns & Refunds,refund_status,False
TK-250126,Billing & Payments,Billing & Payments,dup_payment,False
TK-250127,Delivery & Shipping,Other,unclassified,False
TK-250128,Other,Billing & Payments,invoice,True
TK-250129,Audio Quality,Audio Quality,audio,False
TK-250130,Delivery & Shipping,Delivery & Shipping,not_delivered,False
TK-250131,Other,Audio Quality,mic_issue,True
TK-250132,Other,App & Firmware,app_firmware,True
TK-250134,Returns & Refunds,Returns & Refunds,return_pickup,False
TK-250135,Returns & Refunds,Returns & Refunds,refund_status,False
TK-250136,Account & Login,Account & Login,login,False
TK-250137,Returns & Refunds,Returns & Refunds,refund_status,False
TK-250138,Account & Login,Account & Login,login,False
TK-250139,Warranty & Repair,Warranty & Repair,warranty_repair,False
TK-250140,Delivery & Shipping,Billing & Payments,dup_payment,True
TK-250141,Product Enquiry,Product Enquiry,enquiry,False
TK-250143,Billing & Payments,Billing & Payments,dup_payment,False
TK-250145,Billing & Payments,Billing & Payments,coupon,False
TK-250146,Delivery & Shipping,Delivery & Shipping,not_delivered,False
TK-250147,Returns & Refunds,Returns & Refunds,refund_status,False
TK-250148,App & Firmware,App & Firmware,app_firmware,False
TK-250149,Delivery & Shipping,Delivery & Shipping,not_delivered,False
TK-250150,Delivery & Shipping,Delivery & Shipping,not_delivered,False
TK-250151,Other,Product Enquiry,enquiry,True
TK-250152,Audio Quality,Audio Quality,audio,False
TK-250153,Billing & Payments,Billing & Payments,dup_payment,False
TK-250155,Audio Quality,Delivery & Shipping,damaged_wrong,True
TK-250156,Delivery & Shipping,Delivery & Shipping,not_delivered,False
TK-250158,Delivery & Shipping,Delivery & Shipping,damaged_wrong,False
TK-250159,Warranty & Repair,Other,unclassified,False
TK-250160,Connectivity,Connectivity,connectivity,False
TK-250161,Charging & Battery,Charging & Battery,battery,False
TK-250162,Charging & Battery,Charging & Battery,battery,False
TK-250163,Billing & Payments,Billing & Payments,cancel,False
TK-250164,Other,Other,unclassified,False
TK-250165,App & Firmware,Connectivity,connectivity,True
TK-250166,Product Enquiry,Product Enquiry,enquiry,False
TK-250167,Delivery & Shipping,Delivery & Shipping,damaged_wrong,False
TK-250169,Other,Billing & Payments,cancel,True
TK-250170,Delivery & Shipping,Delivery & Shipping,not_delivered,False
TK-250172,Delivery & Shipping,Delivery & Shipping,not_delivered,False
TK-250174,Account & Login,Account & Login,login,False
TK-250175,Connectivity,Connectivity,connectivity,False
TK-250176,Other,Billing & Payments,cancel,True
TK-250177,Delivery & Shipping,Delivery & Shipping,not_delivered,False
TK-250178,Billing & Payments,Billing & Payments,dup_payment,False
TK-250179,Charging & Battery,Charging & Battery,battery,False
TK-250180,Connectivity,Connectivity,connectivity,False
TK-250182,Billing & Payments,Returns & Refunds,refund_status,True
TK-250184,Returns & Refunds,Returns & Refunds,refund_status,False
TK-250185,Connectivity,Connectivity,connectivity,False
TK-250187,Connectivity,Connectivity,connectivity,False
TK-250188,Charging & Battery,Charging & Battery,battery,False
TK-250189,Delivery & Shipping,Delivery & Shipping,not_delivered,False
TK-250191,Product Enquiry,Product Enquiry,enquiry,False
TK-250193,Delivery & Shipping,Delivery & Shipping,not_delivered,False
TK-250194,Account & Login,Account & Login,login,False
TK-250195,Delivery & Shipping,Delivery & Shipping,not_delivered,False
TK-250196,Warranty & Repair,Delivery & Shipping,damaged_wrong,True
TK-250198,Charging & Battery,Charging & Battery,battery,False
TK-250200,Other,Audio Quality,mic_issue,True
TK-250201,Returns & Refunds,Returns & Refunds,refund_status,False
TK-250202,Warranty & Repair,Warranty & Repair,warranty_repair,False
TK-250204,Connectivity,Connectivity,connectivity,False
TK-250205,Billing & Payments,Billing & Payments,invoice,False
TK-250206,App & Firmware,App & Firmware,app_firmware,False
TK-250207,Billing & Payments,Billing & Payments,dup_payment,False
TK-250208,Account & Login,Account & Login,login,False
TK-250209,Connectivity,Connectivity,connectivity,False
TK-250210,Charging & Battery,App & Firmware,app_firmware,True
TK-250212,Billing & Payments,Billing & Payments,coupon,False
TK-250214,Billing & Payments,Billing & Payments,dup_payment,False
TK-250216,Delivery & Shipping,Delivery & Shipping,not_delivered,False
TK-250217,Billing & Payments,Billing & Payments,coupon,False
TK-250218,Returns & Refunds,Returns & Refunds,refund_status,False
TK-250219,Delivery & Shipping,Delivery & Shipping,not_delivered,False
TK-250220,Billing & Payments,Billing & Payments,invoice,False
TK-250222,Audio Quality,Audio Quality,mic_issue,False
TK-250223,Charging & Battery,Charging & Battery,battery,False
TK-250224,Returns & Refunds,Returns & Refunds,return_pickup,False
TK-250225,App & Firmware,App & Firmware,app_firmware,False
TK-250226,Billing & Payments,Billing & Payments,dup_payment,False
TK-250227,App & Firmware,App & Firmware,app_firmware,False
TK-250228,Audio Quality,Delivery & Shipping,damaged_wrong,True
TK-250229,Delivery & Shipping,Delivery & Shipping,not_delivered,False
TK-250230,Other,Delivery & Shipping,not_delivered,True
TK-250231,Other,Delivery & Shipping,not_delivered,True
TK-250232,Returns & Refunds,Delivery & Shipping,not_delivered,True
TK-250233,Other,Delivery & Shipping,not_delivered,True
TK-250234,Returns & Refunds,Returns & Refunds,return_pickup,False
TK-250235,Other,Billing & Payments,dup_payment,True
TK-250236,Charging & Battery,Warranty & Repair,warranty_repair,True
TK-250237,Delivery & Shipping,Delivery & Shipping,not_delivered,False
TK-250238,Connectivity,Connectivity,connectivity,False
TK-250240,Charging & Battery,Charging & Battery,battery,False
TK-250241,Returns & Refunds,Returns & Refunds,return_pickup,False
TK-250242,Delivery & Shipping,Delivery & Shipping,not_delivered,False
TK-250243,Audio Quality,Audio Quality,audio,False
TK-250245,Delivery & Shipping,Delivery & Shipping,not_delivered,False
TK-250246,Delivery & Shipping,Other,unclassified,False
TK-250248,Billing & Payments,Returns & Refunds,refund_status,True
TK-250249,Other,Billing & Payments,cancel,True
TK-250250,Charging & Battery,Delivery & Shipping,not_delivered,True
TK-250251,Other,Billing & Payments,cancel,True
TK-250252,Billing & Payments,Billing & Payments,dup_payment,False
TK-250253,Other,Billing & Payments,cancel,True
TK-250254,Returns & Refunds,Returns & Refunds,return_pickup,False
TK-250255,Other,Billing & Payments,dup_payment,True
TK-250256,App & Firmware,App & Firmware,app_firmware,False
TK-250257,Connectivity,Connectivity,connectivity,False
TK-250258,Connectivity,Connectivity,connectivity,False
TK-250259,Other,App & Firmware,app_firmware,True
TK-250260,Delivery & Shipping,Delivery & Shipping,not_delivered,False
TK-250262,Returns & Refunds,Returns & Refunds,refund_status,False
TK-250263,Billing & Payments,Billing & Payments,dup_payment,False
TK-250264,Audio Quality,Audio Quality,audio,False
TK-250265,Billing & Payments,Billing & Payments,dup_payment,False
TK-250266,Billing & Payments,Returns & Refunds,refund_status,True
TK-250267,Connectivity,Connectivity,connectivity,False
TK-250269,Charging & Battery,Charging & Battery,battery,False
TK-250270,Audio Quality,Audio Quality,audio,False
TK-250271,Warranty & Repair,Warranty & Repair,warranty_repair,False
TK-250273,Connectivity,Audio Quality,mic_issue,True
TK-250274,Other,Connectivity,connectivity,True
TK-250276,Delivery & Shipping,Delivery & Shipping,not_delivered,False
TK-250277,Returns & Refunds,Delivery & Shipping,damaged_wrong,True
TK-250278,Other,Account & Login,login,True
TK-250279,Delivery & Shipping,Delivery & Shipping,not_delivered,False
TK-250281,App & Firmware,App & Firmware,app_firmware,False
TK-250283,Other,Billing & Payments,cancel,True
TK-250284,Delivery & Shipping,Delivery & Shipping,not_delivered,False
TK-250285,Delivery & Shipping,Delivery & Shipping,not_delivered,False
TK-250287,App & Firmware,App & Firmware,app_firmware,False
TK-250289,Delivery & Shipping,Delivery & Shipping,not_delivered,False
TK-250291,Returns & Refunds,Returns & Refunds,refund_status,False
TK-250292,Account & Login,Account & Login,login,False
TK-250293,Delivery & Shipping,Delivery & Shipping,not_delivered,False
TK-250294,App & Firmware,App & Firmware,app_firmware,False
TK-250295,Delivery & Shipping,Returns & Refunds,refund_generic,True
TK-250296,Other,Billing & Payments,dup_payment,True
TK-250297,Audio Quality,Audio Quality,audio,False
TK-250298,Audio Quality,Audio Quality,audio,False
TK-250300,Warranty & Repair,Delivery & Shipping,damaged_wrong,True
TK-250302,Billing & Payments,Billing & Payments,coupon,False
TK-250303,Returns & Refunds,Returns & Refunds,return_pickup,False
TK-250304,Returns & Refunds,Returns & Refunds,refund_status,False
TK-250306,Delivery & Shipping,Delivery & Shipping,not_delivered,False
TK-250307,Returns & Refunds,Returns & Refunds,refund_status,False
TK-250308,Billing & Payments,Billing & Payments,invoice,False
TK-250309,Connectivity,Connectivity,connectivity,False
TK-250310,Delivery & Shipping,Delivery & Shipping,damaged_wrong,False
TK-250311,Returns & Refunds,Returns & Refunds,return_pickup,False
TK-250312,Billing & Payments,Billing & Payments,dup_payment,False
TK-250313,Delivery & Shipping,Billing & Payments,dup_payment,True
TK-250314,Billing & Payments,Billing & Payments,coupon,False
TK-250315,Product Enquiry,Product Enquiry,enquiry,False
TK-250316,Connectivity,Connectivity,connectivity,False
TK-250317,Other,Billing & Payments,cancel,True
TK-250318,App & Firmware,App & Firmware,app_firmware,False
TK-250320,Delivery & Shipping,Delivery & Shipping,not_delivered,False
TK-250321,Returns & Refunds,Delivery & Shipping,damaged_wrong,True
TK-250322,Billing & Payments,Billing & Payments,dup_payment,False
TK-250323,Product Enquiry,Product Enquiry,enquiry,False
TK-250325,Billing & Payments,Billing & Payments,dup_payment,False
TK-250326,Product Enquiry,Product Enquiry,enquiry,False
TK-250328,Audio Quality,Audio Quality,audio,False
TK-250329,Returns & Refunds,Returns & Refunds,refund_status,False
TK-250330,Other,Charging & Battery,battery,True
TK-250331,Billing & Payments,Billing & Payments,dup_payment,False
TK-250332,Connectivity,App & Firmware,app_firmware,True
TK-250334,Returns & Refunds,Returns & Refunds,refund_status,False
TK-250335,Other,Billing & Payments,cancel,True
TK-250337,App & Firmware,App & Firmware,app_firmware,False
TK-250338,Billing & Payments,Billing & Payments,invoice,False
TK-250339,Delivery & Shipping,Delivery & Shipping,damaged_wrong,False
TK-250341,Product Enquiry,Product Enquiry,enquiry,False
TK-250342,App & Firmware,App & Firmware,app_firmware,False
TK-250343,Charging & Battery,Charging & Battery,battery,False
TK-250345,Other,Billing & Payments,cancel,True
TK-250346,Delivery & Shipping,Returns & Refunds,return_pickup,True
TK-250347,Charging & Battery,Audio Quality,audio,True
TK-250349,App & Firmware,Connectivity,connectivity,True
TK-250351,Delivery & Shipping,Delivery & Shipping,not_delivered,False
TK-250352,Other,App & Firmware,app_firmware,True
TK-250354,Charging & Battery,Charging & Battery,battery,False
TK-250355,Account & Login,Account & Login,login,False
TK-250357,Other,Delivery & Shipping,address_change,True
TK-250359,Product Enquiry,Product Enquiry,enquiry,False
TK-250360,Billing & Payments,Billing & Payments,coupon,False
TK-250361,Other,Delivery & Shipping,not_delivered,True
TK-250362,Connectivity,Connectivity,connectivity,False
TK-250363,Account & Login,Account & Login,login,False
TK-250364,Delivery & Shipping,Delivery & Shipping,not_delivered,False
TK-250365,Delivery & Shipping,Delivery & Shipping,damaged_wrong,False
TK-250366,Other,Product Enquiry,enquiry,True
TK-250367,Returns & Refunds,Delivery & Shipping,not_delivered,True
TK-250368,Other,Delivery & Shipping,not_delivered,True
TK-250369,Connectivity,Connectivity,connectivity,False
TK-250370,Returns & Refunds,Returns & Refunds,refund_status,False
TK-250372,Returns & Refunds,Returns & Refunds,refund_status,False
TK-250374,Audio Quality,Audio Quality,mic_issue,False
TK-250375,Delivery & Shipping,Delivery & Shipping,damaged_wrong,False
TK-250377,Delivery & Shipping,Delivery & Shipping,damaged_wrong,False
TK-250378,Charging & Battery,Billing & Payments,dup_payment,True
TK-250380,Audio Quality,Audio Quality,audio,False
TK-250381,Connectivity,Connectivity,connectivity,False
TK-250382,Other,Connectivity,connectivity,True
TK-250383,Charging & Battery,Audio Quality,audio,True
TK-250384,Product Enquiry,Product Enquiry,enquiry,False
TK-250386,Billing & Payments,Billing & Payments,invoice,False
TK-250387,App & Firmware,App & Firmware,app_firmware,False
TK-250388,Charging & Battery,Charging & Battery,battery,False
TK-250389,Other,Delivery & Shipping,address_change,True
TK-250391,Delivery & Shipping,Delivery & Shipping,not_delivered,False
TK-250393,Delivery & Shipping,Delivery & Shipping,not_delivered,False
TK-250394,Connectivity,Connectivity,connectivity,False
TK-250395,Connectivity,Connectivity,connectivity,False
TK-250396,Product Enquiry,Product Enquiry,enquiry,False
TK-250397,Delivery & Shipping,Billing & Payments,dup_payment,True
TK-250399,Connectivity,Connectivity,connectivity,False
TK-250400,Delivery & Shipping,Delivery & Shipping,not_delivered,False
TK-250401,Audio Quality,Audio Quality,audio,False
TK-250402,Billing & Payments,Billing & Payments,coupon,False
TK-250403,Billing & Payments,Billing & Payments,dup_payment,False
TK-250404,Connectivity,Connectivity,connectivity,False
TK-250405,Connectivity,Connectivity,connectivity,False
TK-250406,Returns & Refunds,Delivery & Shipping,not_delivered,True
TK-250408,App & Firmware,App & Firmware,app_firmware,False
TK-250409,Other,Billing & Payments,cancel,True
TK-250410,Other,Delivery & Shipping,not_delivered,True
TK-250411,Warranty & Repair,Warranty & Repair,warranty_repair,False
TK-250412,Returns & Refunds,Returns & Refunds,refund_status,False
TK-250413,Returns & Refunds,Delivery & Shipping,not_delivered,True
TK-250414,Delivery & Shipping,Delivery & Shipping,not_delivered,False
TK-250415,Delivery & Shipping,Delivery & Shipping,damaged_wrong,False
TK-250416,Audio Quality,Delivery & Shipping,not_delivered,True
TK-250418,Returns & Refunds,Returns & Refunds,refund_status,False
TK-250419,Audio Quality,Audio Quality,audio,False
TK-250421,Audio Quality,Delivery & Shipping,not_delivered,True
TK-250422,Account & Login,Account & Login,login,False
TK-250424,Connectivity,Connectivity,connectivity,False
TK-250426,Returns & Refunds,Delivery & Shipping,damaged_wrong,True
TK-250427,Connectivity,Connectivity,connectivity,False
TK-250428,Delivery & Shipping,Delivery & Shipping,not_delivered,False
TK-250430,Audio Quality,Returns & Refunds,return_pickup,True
TK-250432,Delivery & Shipping,Delivery & Shipping,not_delivered,False
TK-250433,Charging & Battery,Charging & Battery,battery,False
TK-250434,Returns & Refunds,Returns & Refunds,refund_status,False
TK-250435,Billing & Payments,Billing & Payments,coupon,False
TK-250436,Other,Charging & Battery,battery,True
TK-250437,Other,App & Firmware,app_firmware,True
TK-250438,Charging & Battery,Charging & Battery,battery,False
TK-250439,App & Firmware,App & Firmware,app_firmware,False
TK-250440,Connectivity,Connectivity,connectivity,False
TK-250442,Audio Quality,Audio Quality,mic_issue,False
TK-250443,Warranty & Repair,Warranty & Repair,warranty_repair,False
TK-250444,Other,Delivery & Shipping,not_delivered,True
TK-250445,Billing & Payments,Billing & Payments,invoice,False
TK-250446,Delivery & Shipping,Delivery & Shipping,damaged_wrong,False
TK-250447,Connectivity,Connectivity,connectivity,False
TK-250448,Connectivity,Audio Quality,audio,True
TK-250449,Other,Delivery & Shipping,address_change,True
TK-250450,Delivery & Shipping,Delivery & Shipping,damaged_wrong,False
TK-250451,Other,Delivery & Shipping,not_delivered,True
TK-250452,Warranty & Repair,Other,unclassified,False
TK-250453,Returns & Refunds,Returns & Refunds,return_pickup,False
TK-250454,Connectivity,Delivery & Shipping,not_delivered,True
TK-250455,Product Enquiry,Other,unclassified,False
TK-250456,Charging & Battery,App & Firmware,app_firmware,True
TK-250457,Returns & Refunds,Returns & Refunds,refund_status,False
TK-250458,Warranty & Repair,Warranty & Repair,warranty_repair,False
TK-250460,Connectivity,Connectivity,connectivity,False
TK-250462,Warranty & Repair,Warranty & Repair,warranty_repair,False
TK-250463,Charging & Battery,Charging & Battery,battery,False
TK-250465,Delivery & Shipping,Delivery & Shipping,not_delivered,False
TK-250466,App & Firmware,Connectivity,connectivity,True
TK-250467,Charging & Battery,Charging & Battery,battery,False
TK-250468,Billing & Payments,Billing & Payments,dup_payment,False
TK-250469,Billing & Payments,Billing & Payments,dup_payment,False
TK-250470,Connectivity,Connectivity,connectivity,False
TK-250471,Other,Audio Quality,audio,True
TK-250472,Connectivity,Audio Quality,audio,True
TK-250473,Other,Account & Login,login,True
TK-250474,Other,Delivery & Shipping,not_delivered,True
TK-250475,Charging & Battery,Charging & Battery,battery,False
TK-250476,Other,Billing & Payments,cancel,True
TK-250477,Charging & Battery,Charging & Battery,battery,False
TK-250479,Delivery & Shipping,Delivery & Shipping,not_delivered,False
TK-250480,Connectivity,App & Firmware,app_firmware,True
TK-250482,Billing & Payments,Billing & Payments,dup_payment,False
TK-250483,Delivery & Shipping,Delivery & Shipping,damaged_wrong,False
TK-250484,Charging & Battery,Charging & Battery,battery,False
TK-250486,App & Firmware,App & Firmware,app_firmware,False
TK-250487,Delivery & Shipping,Delivery & Shipping,not_delivered,False
TK-250488,Billing & Payments,Billing & Payments,dup_payment,False
TK-250489,Billing & Payments,Billing & Payments,cancel,False
TK-250490,App & Firmware,App & Firmware,app_firmware,False
TK-250491,Delivery & Shipping,Delivery & Shipping,not_delivered,False
TK-250492,Audio Quality,Audio Quality,audio,False
TK-250493,Billing & Payments,Billing & Payments,dup_payment,False
TK-250495,Connectivity,Connectivity,connectivity,False
TK-250496,Returns & Refunds,Returns & Refunds,refund_status,False
TK-250498,Charging & Battery,Charging & Battery,battery,False
TK-250499,Warranty & Repair,Warranty & Repair,warranty_repair,False
TK-250501,Other,Billing & Payments,cancel,True
TK-250502,Returns & Refunds,Delivery & Shipping,not_delivered,True
TK-250503,Warranty & Repair,Returns & Refunds,return_pickup,True
TK-250504,Product Enquiry,Billing & Payments,coupon,True
TK-250505,Returns & Refunds,Returns & Refunds,return_pickup,False
TK-250506,Billing & Payments,Billing & Payments,dup_payment,False
TK-250507,Connectivity,Connectivity,connectivity,False
TK-250508,App & Firmware,Other,unclassified,False
TK-250509,Delivery & Shipping,Billing & Payments,dup_payment,True
TK-250510,Charging & Battery,Charging & Battery,battery,False
TK-250511,Delivery & Shipping,Delivery & Shipping,damaged_wrong,False
TK-250512,Other,Billing & Payments,cancel,True
TK-250513,Delivery & Shipping,Delivery & Shipping,not_delivered,False
TK-250514,Warranty & Repair,Returns & Refunds,return_pickup,True
TK-250515,App & Firmware,App & Firmware,app_firmware,False
TK-250516,Returns & Refunds,Returns & Refunds,return_pickup,False
TK-250517,Other,Audio Quality,mic_issue,True
TK-250518,Charging & Battery,Charging & Battery,battery,False
TK-250519,Returns & Refunds,Returns & Refunds,return_pickup,False
TK-250521,Warranty & Repair,Warranty & Repair,warranty_repair,False
TK-250522,Charging & Battery,App & Firmware,app_firmware,True
TK-250523,Delivery & Shipping,Delivery & Shipping,damaged_wrong,False
TK-250524,Audio Quality,Audio Quality,audio,False
TK-250525,Account & Login,Account & Login,login,False
TK-250526,App & Firmware,Connectivity,connectivity,True
TK-250527,Returns & Refunds,Delivery & Shipping,damaged_wrong,True
TK-250528,Delivery & Shipping,Billing & Payments,cancel,True
TK-250529,Billing & Payments,Billing & Payments,coupon,False
TK-250530,Charging & Battery,Charging & Battery,battery,False
TK-250531,Delivery & Shipping,Delivery & Shipping,damaged_wrong,False
TK-250533,Audio Quality,Audio Quality,audio,False
TK-250535,Connectivity,Connectivity,connectivity,False
TK-250536,Delivery & Shipping,Delivery & Shipping,not_delivered,False
TK-250537,Returns & Refunds,Delivery & Shipping,not_delivered,True
TK-250538,Returns & Refunds,Returns & Refunds,refund_status,False
TK-250539,Connectivity,Connectivity,connectivity,False
TK-250540,Returns & Refunds,Delivery & Shipping,damaged_wrong,True
TK-250542,Billing & Payments,Connectivity,connectivity,True
TK-250544,Connectivity,Connectivity,connectivity,False
TK-250545,Billing & Payments,Billing & Payments,dup_payment,False
TK-250546,Audio Quality,Audio Quality,audio,False
TK-250548,Connectivity,Connectivity,connectivity,False
TK-250549,Delivery & Shipping,Delivery & Shipping,not_delivered,False
TK-250550,Delivery & Shipping,Delivery & Shipping,not_delivered,False
TK-250551,App & Firmware,Delivery & Shipping,not_delivered,True
TK-250552,Billing & Payments,Billing & Payments,dup_payment,False
TK-250554,Billing & Payments,Billing & Payments,coupon,False
TK-250556,Product Enquiry,Product Enquiry,enquiry,False
TK-250558,Warranty & Repair,Other,unclassified,False
TK-250559,Billing & Payments,Account & Login,login,True
TK-250560,Billing & Payments,Billing & Payments,dup_payment,False
TK-250561,Returns & Refunds,Delivery & Shipping,damaged_wrong,True
TK-250562,Charging & Battery,App & Firmware,app_firmware,True
TK-250563,Connectivity,Connectivity,connectivity,False
TK-250564,Connectivity,Connectivity,connectivity,False
TK-250565,Audio Quality,Audio Quality,audio,False
TK-250566,Delivery & Shipping,Returns & Refunds,return_pickup,True
TK-250568,Other,Audio Quality,audio,True
TK-250569,Returns & Refunds,Delivery & Shipping,not_delivered,True
TK-250571,Charging & Battery,Charging & Battery,battery,False
TK-250572,Delivery & Shipping,Delivery & Shipping,not_delivered,False
TK-250573,Account & Login,Account & Login,login,False
TK-250574,Delivery & Shipping,Delivery & Shipping,not_delivered,False
TK-250576,Billing & Payments,Billing & Payments,dup_payment,False
TK-250577,Returns & Refunds,Returns & Refunds,return_pickup,False
TK-250578,App & Firmware,App & Firmware,app_firmware,False
TK-250580,Returns & Refunds,Returns & Refunds,refund_status,False
TK-250581,Billing & Payments,Billing & Payments,dup_payment,False
TK-250583,App & Firmware,App & Firmware,app_firmware,False
TK-250584,Billing & Payments,Returns & Refunds,refund_status,True
TK-250586,Other,Billing & Payments,dup_payment,True
TK-250587,Charging & Battery,Charging & Battery,battery,False
TK-250588,Charging & Battery,Charging & Battery,battery,False
TK-250589,App & Firmware,App & Firmware,app_firmware,False
TK-250590,Other,Billing & Payments,cancel,True
TK-250592,Charging & Battery,Charging & Battery,battery,False
TK-250593,App & Firmware,App & Firmware,app_firmware,False
TK-250594,Warranty & Repair,Delivery & Shipping,damaged_wrong,True
TK-250595,App & Firmware,App & Firmware,app_firmware,False
TK-250596,Connectivity,Connectivity,connectivity,False
TK-250597,Other,Billing & Payments,cancel,True
TK-250599,Billing & Payments,Billing & Payments,invoice,False
TK-250600,Returns & Refunds,Returns & Refunds,refund_status,False
TK-250601,Audio Quality,Audio Quality,audio,False
TK-250602,Product Enquiry,Product Enquiry,enquiry,False
TK-250604,Billing & Payments,Billing & Payments,dup_payment,False
TK-250605,Other,Billing & Payments,cancel,True
TK-250606,Warranty & Repair,Audio Quality,audio,True
TK-250607,Delivery & Shipping,Delivery & Shipping,damaged_wrong,False
TK-250608,Other,Billing & Payments,cancel,True
TK-250610,Delivery & Shipping,Delivery & Shipping,not_delivered,False
TK-250612,Billing & Payments,Billing & Payments,coupon,False
TK-250613,Returns & Refunds,Delivery & Shipping,not_delivered,True
TK-250614,Connectivity,Connectivity,connectivity,False
TK-250615,Other,Delivery & Shipping,not_delivered,True
TK-250616,Connectivity,Connectivity,connectivity,False
TK-250617,Other,Delivery & Shipping,not_delivered,True
TK-250618,Audio Quality,Audio Quality,audio,False
TK-250619,Connectivity,Connectivity,connectivity,False
TK-250621,Other,Warranty & Repair,warranty_repair,True
TK-250623,Delivery & Shipping,Delivery & Shipping,not_delivered,False
TK-250625,App & Firmware,App & Firmware,app_firmware,False
TK-250626,Other,Audio Quality,audio,True
TK-250628,Account & Login,Account & Login,login,False
TK-250630,Delivery & Shipping,Delivery & Shipping,damaged_wrong,False
TK-250632,Connectivity,Connectivity,connectivity,False
TK-250634,App & Firmware,App & Firmware,app_firmware,False
TK-250636,Connectivity,Connectivity,connectivity,False
TK-250638,Billing & Payments,Billing & Payments,invoice,False
TK-250639,Other,Delivery & Shipping,not_delivered,True
TK-250640,Connectivity,Connectivity,connectivity,False
TK-250641,Charging & Battery,Audio Quality,audio,True
TK-250642,Billing & Payments,Billing & Payments,coupon,False
TK-250643,Other,Billing & Payments,cancel,True
TK-250644,Billing & Payments,Billing & Payments,dup_payment,False
TK-250646,Billing & Payments,Billing & Payments,coupon,False
TK-250647,Billing & Payments,Billing & Payments,invoice,False
TK-250648,Charging & Battery,App & Firmware,app_firmware,True
TK-250649,Audio Quality,Audio Quality,mic_issue,False
TK-250650,Warranty & Repair,Warranty & Repair,warranty_repair,False
TK-250651,Delivery & Shipping,Delivery & Shipping,not_delivered,False
TK-250653,Delivery & Shipping,Delivery & Shipping,not_delivered,False
TK-250654,Charging & Battery,Charging & Battery,battery,False
TK-250655,App & Firmware,App & Firmware,app_firmware,False
TK-250656,Connectivity,Connectivity,connectivity,False
TK-250657,Audio Quality,Returns & Refunds,refund_generic,True
TK-250659,Connectivity,Connectivity,connectivity,False
TK-250660,Connectivity,Audio Quality,audio,True
TK-250661,Other,Delivery & Shipping,not_delivered,True
TK-250662,App & Firmware,App & Firmware,app_firmware,False
TK-250663,Delivery & Shipping,Delivery & Shipping,not_delivered,False
TK-250665,Delivery & Shipping,Delivery & Shipping,not_delivered,False
TK-250666,Billing & Payments,Billing & Payments,coupon,False
TK-250667,App & Firmware,App & Firmware,app_firmware,False
TK-250668,Billing & Payments,Billing & Payments,coupon,False
TK-250669,Audio Quality,Connectivity,connectivity,True
TK-250670,Delivery & Shipping,Delivery & Shipping,not_delivered,False
TK-250671,Delivery & Shipping,Delivery & Shipping,not_delivered,False
TK-250673,Delivery & Shipping,Delivery & Shipping,not_delivered,False
TK-250674,Charging & Battery,App & Firmware,app_firmware,True
TK-250675,Product Enquiry,Product Enquiry,enquiry,False
TK-250676,Other,Delivery & Shipping,not_delivered,True
TK-250677,Connectivity,Connectivity,connectivity,False
TK-250678,Product Enquiry,Product Enquiry,enquiry,False
TK-250679,Product Enquiry,Product Enquiry,enquiry,False
TK-250680,Audio Quality,Audio Quality,audio,False
TK-250681,Charging & Battery,Audio Quality,audio,True
TK-250683,Audio Quality,Audio Quality,audio,False
TK-250684,Warranty & Repair,Warranty & Repair,warranty_repair,False
TK-250685,Delivery & Shipping,Delivery & Shipping,not_delivered,False
TK-250686,Billing & Payments,Billing & Payments,invoice,False
TK-250687,Delivery & Shipping,Delivery & Shipping,damaged_wrong,False
TK-250689,Billing & Payments,Billing & Payments,dup_payment,False
TK-250690,Account & Login,Account & Login,login,False
TK-250691,Product Enquiry,Product Enquiry,enquiry,False
TK-250692,Product Enquiry,Product Enquiry,enquiry,False
TK-250694,Other,Delivery & Shipping,address_change,True
TK-250695,Returns & Refunds,Delivery & Shipping,not_delivered,True
TK-250697,Delivery & Shipping,Delivery & Shipping,not_delivered,False
TK-250699,Connectivity,Connectivity,connectivity,False
TK-250700,App & Firmware,App & Firmware,app_firmware,False
TK-250701,Other,Delivery & Shipping,address_change,True
TK-250702,Billing & Payments,Billing & Payments,dup_payment,False
TK-250703,Account & Login,Account & Login,login,False
TK-250704,Connectivity,Connectivity,connectivity,False
TK-250706,Connectivity,Audio Quality,audio,True
TK-250707,Connectivity,Connectivity,connectivity,False
TK-250709,Audio Quality,Audio Quality,audio,False
TK-250710,Product Enquiry,Product Enquiry,enquiry,False
TK-250712,Other,Product Enquiry,enquiry,True
TK-250713,Connectivity,Connectivity,connectivity,False
TK-250714,Charging & Battery,Warranty & Repair,warranty_repair,True
TK-250715,Delivery & Shipping,Delivery & Shipping,damaged_wrong,False
TK-250716,Returns & Refunds,Delivery & Shipping,damaged_wrong,True
TK-250717,Billing & Payments,Billing & Payments,coupon,False
TK-250718,Product Enquiry,Product Enquiry,enquiry,False
TK-250719,Returns & Refunds,Returns & Refunds,refund_status,False
TK-250721,App & Firmware,App & Firmware,app_firmware,False
TK-250723,Connectivity,Connectivity,connectivity,False
TK-250724,Warranty & Repair,Audio Quality,audio,True
TK-250725,Warranty & Repair,Warranty & Repair,warranty_repair,False
TK-250726,Delivery & Shipping,Delivery & Shipping,damaged_wrong,False
TK-250728,Billing & Payments,Billing & Payments,invoice,False
TK-250729,Delivery & Shipping,Delivery & Shipping,not_delivered,False
TK-250730,Other,Delivery & Shipping,not_delivered,True
TK-250731,Returns & Refunds,Returns & Refunds,refund_status,False
TK-250732,Charging & Battery,Charging & Battery,battery,False
TK-250733,App & Firmware,App & Firmware,app_firmware,False
TK-250734,Warranty & Repair,Warranty & Repair,warranty_repair,False
TK-250735,Audio Quality,Audio Quality,mic_issue,False
TK-250737,Other,Billing & Payments,cancel,True
TK-250738,Returns & Refunds,Other,unclassified,False
TK-250740,Connectivity,Connectivity,connectivity,False
TK-250741,Billing & Payments,Billing & Payments,dup_payment,False
TK-250742,App & Firmware,Connectivity,connectivity,True
TK-250743,Charging & Battery,Charging & Battery,battery,False
TK-250744,Other,Delivery & Shipping,address_change,True
TK-250746,Audio Quality,Delivery & Shipping,damaged_wrong,True
TK-250747,Charging & Battery,App & Firmware,app_firmware,True
TK-250748,Billing & Payments,Billing & Payments,dup_payment,False
TK-250749,Audio Quality,Audio Quality,audio,False
TK-250750,App & Firmware,App & Firmware,app_firmware,False
TK-250751,Charging & Battery,Charging & Battery,battery,False
TK-250752,Other,Billing & Payments,dup_payment,True
TK-250753,Charging & Battery,Billing & Payments,dup_payment,True
TK-250754,Audio Quality,Audio Quality,audio,False
TK-250755,Warranty & Repair,Delivery & Shipping,not_delivered,True
TK-250756,Warranty & Repair,Warranty & Repair,warranty_repair,False
TK-250757,Connectivity,Connectivity,connectivity,False
TK-250759,Product Enquiry,Other,unclassified,False
TK-250761,Other,Connectivity,connectivity,True
TK-250762,Billing & Payments,Billing & Payments,coupon,False
TK-250763,Connectivity,Connectivity,connectivity,False
TK-250765,Other,Billing & Payments,dup_payment,True
TK-250766,Audio Quality,Audio Quality,audio,False
TK-250767,Delivery & Shipping,Returns & Refunds,refund_generic,True
TK-250769,Charging & Battery,Charging & Battery,battery,False
TK-250770,Returns & Refunds,Delivery & Shipping,damaged_wrong,True
TK-250771,Delivery & Shipping,Delivery & Shipping,not_delivered,False
TK-250772,Warranty & Repair,Other,unclassified,False
TK-250773,Audio Quality,Audio Quality,mic_issue,False
TK-250775,Billing & Payments,Billing & Payments,coupon,False
TK-250777,Product Enquiry,Product Enquiry,enquiry,False
TK-250779,Delivery & Shipping,Delivery & Shipping,not_delivered,False
TK-250780,Audio Quality,Audio Quality,audio,False
TK-250781,Charging & Battery,Audio Quality,audio,True
TK-250783,Returns & Refunds,Returns & Refunds,refund_status,False
TK-250784,Charging & Battery,Charging & Battery,battery,False
TK-250785,Billing & Payments,Billing & Payments,dup_payment,False
TK-250786,Delivery & Shipping,Delivery & Shipping,not_delivered,False
TK-250787,Audio Quality,Audio Quality,audio,False
TK-250788,Charging & Battery,Charging & Battery,battery,False
TK-250790,Connectivity,Connectivity,connectivity,False
TK-250791,Account & Login,Account & Login,login,False
TK-250792,Charging & Battery,Billing & Payments,dup_payment,True
TK-250793,Other,Connectivity,connectivity,True
TK-250794,Other,Billing & Payments,dup_payment,True
TK-250796,App & Firmware,App & Firmware,app_firmware,False
TK-250797,Delivery & Shipping,Billing & Payments,dup_payment,True
TK-250799,Charging & Battery,App & Firmware,app_firmware,True
TK-250801,Audio Quality,Audio Quality,audio,False
TK-250802,Charging & Battery,App & Firmware,app_firmware,True
TK-250803,Delivery & Shipping,Delivery & Shipping,not_delivered,False
TK-250804,Connectivity,Connectivity,connectivity,False
TK-250805,Connectivity,App & Firmware,app_firmware,True
TK-250807,Billing & Payments,Returns & Refunds,refund_status,True
TK-250808,Returns & Refunds,Returns & Refunds,refund_status,False
TK-250809,Billing & Payments,Billing & Payments,dup_payment,False
TK-250811,Charging & Battery,Charging & Battery,battery,False
TK-250812,Connectivity,Connectivity,connectivity,False
TK-250813,Billing & Payments,Billing & Payments,cancel,False
TK-250815,Billing & Payments,Connectivity,connectivity,True
TK-250817,Product Enquiry,Product Enquiry,enquiry,False
TK-250819,Returns & Refunds,Delivery & Shipping,not_delivered,True
TK-250820,Delivery & Shipping,Delivery & Shipping,not_delivered,False
TK-250821,Product Enquiry,Product Enquiry,enquiry,False
TK-250822,Returns & Refunds,Returns & Refunds,return_pickup,False
TK-250823,Returns & Refunds,Other,unclassified,False
TK-250824,Audio Quality,Audio Quality,audio,False
TK-250826,Connectivity,App & Firmware,app_firmware,True
TK-250827,App & Firmware,Account & Login,login,True
TK-250828,Billing & Payments,Billing & Payments,dup_payment,False
TK-250829,Connectivity,Connectivity,connectivity,False
TK-250830,App & Firmware,App & Firmware,app_firmware,False
TK-250832,Product Enquiry,Product Enquiry,enquiry,False
TK-250833,Warranty & Repair,Warranty & Repair,warranty_repair,False
TK-250834,App & Firmware,Account & Login,login,True
TK-250835,App & Firmware,App & Firmware,app_firmware,False
TK-250836,Connectivity,Connectivity,connectivity,False
TK-250837,Connectivity,Connectivity,connectivity,False
TK-250839,Audio Quality,Audio Quality,mic_issue,False
TK-250840,Connectivity,Connectivity,connectivity,False
TK-250841,Other,Billing & Payments,cancel,True
TK-250843,Warranty & Repair,Warranty & Repair,warranty_repair,False
TK-250844,Audio Quality,Audio Quality,audio,False
TK-250845,Delivery & Shipping,Delivery & Shipping,not_delivered,False
TK-250846,Billing & Payments,Billing & Payments,coupon,False
TK-250848,Other,Billing & Payments,cancel,True
TK-250849,Delivery & Shipping,Delivery & Shipping,not_delivered,False
TK-250850,Connectivity,Connectivity,connectivity,False
TK-250851,Billing & Payments,Returns & Refunds,refund_status,True
TK-250853,Billing & Payments,Billing & Payments,dup_payment,False
TK-250854,Other,Delivery & Shipping,not_delivered,True
TK-250855,Charging & Battery,Charging & Battery,battery,False
TK-250856,Delivery & Shipping,Delivery & Shipping,not_delivered,False
TK-250857,Audio Quality,Audio Quality,audio,False
TK-250858,Billing & Payments,Account & Login,login,True
TK-250859,Delivery & Shipping,Delivery & Shipping,not_delivered,False
TK-250860,Connectivity,Connectivity,connectivity,False
TK-250861,App & Firmware,App & Firmware,app_firmware,False
TK-250862,Other,Product Enquiry,enquiry,True
TK-250863,Returns & Refunds,Returns & Refunds,return_pickup,False
TK-250865,App & Firmware,App & Firmware,app_firmware,False
TK-250867,Other,Connectivity,connectivity,True
TK-250868,Charging & Battery,Billing & Payments,dup_payment,True
TK-250869,Other,Billing & Payments,cancel,True
TK-250870,Billing & Payments,Billing & Payments,coupon,False
TK-250872,Billing & Payments,Billing & Payments,dup_payment,False
TK-250873,Returns & Refunds,Returns & Refunds,refund_status,False
TK-250875,Account & Login,Account & Login,login,False
TK-250877,Audio Quality,Audio Quality,audio,False
TK-250878,Returns & Refunds,Returns & Refunds,refund_status,False
TK-250879,Other,Delivery & Shipping,not_delivered,True
TK-250881,Connectivity,Connectivity,connectivity,False
TK-250882,Product Enquiry,Product Enquiry,enquiry,False
TK-250883,Delivery & Shipping,Delivery & Shipping,damaged_wrong,False
TK-250885,Connectivity,Connectivity,connectivity,False
TK-250887,Product Enquiry,Product Enquiry,enquiry,False
TK-250888,Other,Delivery & Shipping,not_delivered,True
TK-250889,Billing & Payments,Billing & Payments,dup_payment,False
TK-250890,Warranty & Repair,Other,unclassified,False
TK-250891,Audio Quality,Audio Quality,audio,False
TK-250892,Returns & Refunds,Returns & Refunds,return_pickup,False
TK-250893,Returns & Refunds,Delivery & Shipping,damaged_wrong,True
TK-250895,Charging & Battery,Charging & Battery,battery,False
TK-250897,Returns & Refunds,Returns & Refunds,return_pickup,False
TK-250898,Delivery & Shipping,Delivery & Shipping,not_delivered,False
TK-250899,Other,Delivery & Shipping,address_change,True
TK-250900,Product Enquiry,Product Enquiry,enquiry,False
TK-250902,Charging & Battery,Returns & Refunds,refund_generic,True
TK-250903,Connectivity,Connectivity,connectivity,False
TK-250904,Connectivity,Connectivity,connectivity,False
TK-250905,App & Firmware,App & Firmware,app_firmware,False
TK-250906,Connectivity,Connectivity,connectivity,False
TK-250907,Other,Delivery & Shipping,not_delivered,True
TK-250908,Warranty & Repair,Warranty & Repair,warranty_repair,False
TK-250909,Billing & Payments,Connectivity,connectivity,True
TK-250910,Returns & Refunds,Returns & Refunds,refund_status,False
TK-250911,Charging & Battery,Charging & Battery,battery,False
TK-250913,Delivery & Shipping,Delivery & Shipping,not_delivered,False
TK-250914,Billing & Payments,Billing & Payments,cancel,False
TK-250916,Delivery & Shipping,Delivery & Shipping,damaged_wrong,False
TK-250918,Other,Other,unclassified,False
TK-250919,Returns & Refunds,Returns & Refunds,return_pickup,False
TK-250920,Billing & Payments,Billing & Payments,invoice,False
TK-250921,Returns & Refunds,Returns & Refunds,refund_status,False
TK-250922,Billing & Payments,Billing & Payments,dup_payment,False
TK-250923,Connectivity,Connectivity,connectivity,False
TK-250924,Connectivity,Connectivity,connectivity,False
TK-250925,Charging & Battery,Charging & Battery,battery,False
TK-250926,Other,Connectivity,connectivity,True
TK-250927,Audio Quality,Returns & Refunds,refund_generic,True
TK-250928,Returns & Refunds,Returns & Refunds,refund_status,False
TK-250929,Product Enquiry,Product Enquiry,enquiry,False
TK-250930,Connectivity,Connectivity,connectivity,False
TK-250931,Other,Delivery & Shipping,not_delivered,True
TK-250933,Product Enquiry,Product Enquiry,enquiry,False
TK-250934,Warranty & Repair,Other,unclassified,False
TK-250935,Audio Quality,Audio Quality,audio,False
TK-250936,Billing & Payments,Billing & Payments,dup_payment,False
TK-250937,Warranty & Repair,Other,unclassified,False
TK-250939,App & Firmware,App & Firmware,app_firmware,False
TK-250940,Returns & Refunds,Returns & Refunds,return_pickup,False
TK-250941,Billing & Payments,Billing & Payments,dup_payment,False
TK-250942,Audio Quality,Returns & Refunds,refund_generic,True
TK-250943,Other,Delivery & Shipping,address_change,True
TK-250945,Connectivity,Connectivity,connectivity,False
TK-250946,Connectivity,Other,unclassified,False
TK-250947,Billing & Payments,Billing & Payments,dup_payment,False
TK-250948,Billing & Payments,Billing & Payments,coupon,False
TK-250950,Returns & Refunds,Delivery & Shipping,not_delivered,True
TK-250952,Delivery & Shipping,Delivery & Shipping,damaged_wrong,False
TK-250953,Delivery & Shipping,Delivery & Shipping,damaged_wrong,False
TK-250954,Delivery & Shipping,Delivery & Shipping,damaged_wrong,False
TK-250955,Returns & Refunds,Returns & Refunds,return_pickup,False
TK-250957,Connectivity,Connectivity,connectivity,False
TK-250959,Delivery & Shipping,Billing & Payments,dup_payment,True
TK-250960,Delivery & Shipping,Delivery & Shipping,not_delivered,False
TK-250961,App & Firmware,App & Firmware,app_firmware,False
TK-250962,App & Firmware,App & Firmware,app_firmware,False
TK-250963,Billing & Payments,Billing & Payments,dup_payment,False
TK-250964,Connectivity,Returns & Refunds,refund_generic,True
TK-250965,App & Firmware,App & Firmware,app_firmware,False
TK-250966,Product Enquiry,Product Enquiry,enquiry,False
TK-250967,Audio Quality,Audio Quality,audio,False
TK-250969,App & Firmware,App & Firmware,app_firmware,False
TK-250970,Delivery & Shipping,Delivery & Shipping,not_delivered,False
TK-250971,Billing & Payments,Billing & Payments,dup_payment,False
TK-250972,Billing & Payments,Billing & Payments,coupon,False
TK-250974,Returns & Refunds,Returns & Refunds,refund_status,False
TK-250976,Delivery & Shipping,Returns & Refunds,return_pickup,True
TK-250977,App & Firmware,App & Firmware,app_firmware,False
TK-250979,Charging & Battery,App & Firmware,app_firmware,True
TK-250980,Billing & Payments,Billing & Payments,coupon,False
TK-250981,Delivery & Shipping,Delivery & Shipping,damaged_wrong,False
TK-250983,Audio Quality,Audio Quality,audio,False
TK-250984,Billing & Payments,Billing & Payments,dup_payment,False
TK-250985,Other,Delivery & Shipping,not_delivered,True
TK-250987,Other,App & Firmware,app_firmware,True
TK-250988,Other,Billing & Payments,dup_payment,True
TK-250989,Warranty & Repair,App & Firmware,app_firmware,True
TK-250991,Other,Billing & Payments,cancel,True
TK-250992,Connectivity,Connectivity,connectivity,False
TK-250993,Other,Delivery & Shipping,not_delivered,True
TK-250994,Connectivity,Connectivity,connectivity,False
TK-250995,Billing & Payments,Billing & Payments,coupon,False
TK-250996,App & Firmware,App & Firmware,app_firmware,False
TK-250997,Delivery & Shipping,Delivery & Shipping,not_delivered,False
TK-250998,Charging & Battery,App & Firmware,app_firmware,True
TK-250999,Other,Audio Quality,audio,True
TK-251000,Returns & Refunds,Returns & Refunds,refund_status,False
TK-251001,Billing & Payments,Billing & Payments,invoice,False
TK-251002,Other,Audio Quality,audio,True
TK-251003,Other,Connectivity,connectivity,True
TK-251004,Billing & Payments,Billing & Payments,invoice,False
TK-251005,Warranty & Repair,Warranty & Repair,warranty_repair,False
TK-251006,Product Enquiry,Product Enquiry,enquiry,False
TK-251007,Connectivity,Connectivity,connectivity,False
TK-251008,Billing & Payments,Billing & Payments,dup_payment,False
TK-251010,Account & Login,Account & Login,login,False
TK-251011,Charging & Battery,Returns & Refunds,refund_generic,True
TK-251013,Connectivity,Connectivity,connectivity,False
TK-251014,Delivery & Shipping,Delivery & Shipping,damaged_wrong,False
TK-251015,Other,Delivery & Shipping,address_change,True
TK-251017,Warranty & Repair,Warranty & Repair,warranty_repair,False
TK-251018,Billing & Payments,Billing & Payments,dup_payment,False
TK-251020,Account & Login,Account & Login,login,False
TK-251021,Product Enquiry,Product Enquiry,enquiry,False
TK-251022,Warranty & Repair,Warranty & Repair,warranty_repair,False
TK-251023,Account & Login,Account & Login,login,False
TK-251024,Returns & Refunds,Returns & Refunds,return_pickup,False
TK-251025,Billing & Payments,Billing & Payments,coupon,False
TK-251027,Delivery & Shipping,Delivery & Shipping,damaged_wrong,False
TK-251029,Other,Billing & Payments,cancel,True
TK-251031,Delivery & Shipping,Delivery & Shipping,damaged_wrong,False
TK-251032,Delivery & Shipping,Delivery & Shipping,damaged_wrong,False
TK-251033,Warranty & Repair,Other,unclassified,False
TK-251035,Billing & Payments,Returns & Refunds,refund_status,True
TK-251037,Audio Quality,Audio Quality,audio,False
TK-251038,Connectivity,Delivery & Shipping,not_delivered,True
TK-251039,Warranty & Repair,Warranty & Repair,warranty_repair,False
TK-251041,App & Firmware,App & Firmware,app_firmware,False
TK-251042,App & Firmware,Returns & Refunds,return_pickup,True
TK-251043,Delivery & Shipping,Delivery & Shipping,not_delivered,False
TK-251044,Billing & Payments,Returns & Refunds,refund_generic,True
TK-251045,Audio Quality,Audio Quality,audio,False
TK-251047,App & Firmware,App & Firmware,app_firmware,False
TK-251049,Charging & Battery,Charging & Battery,battery,False
TK-251051,Audio Quality,Audio Quality,audio,False
TK-251052,Charging & Battery,Charging & Battery,battery,False
TK-251053,Delivery & Shipping,Delivery & Shipping,damaged_wrong,False
TK-251054,Audio Quality,Audio Quality,audio,False
TK-251056,Other,Billing & Payments,dup_payment,True
TK-251057,Delivery & Shipping,Delivery & Shipping,damaged_wrong,False
TK-251058,Other,Delivery & Shipping,not_delivered,True
TK-251059,Other,Product Enquiry,enquiry,True
TK-251060,Connectivity,Connectivity,connectivity,False
TK-251062,Audio Quality,Audio Quality,audio,False
TK-251064,Connectivity,Connectivity,connectivity,False
TK-251065,Connectivity,Delivery & Shipping,not_delivered,True
TK-251066,Warranty & Repair,Warranty & Repair,warranty_repair,False
TK-251068,Billing & Payments,Billing & Payments,invoice,False
TK-251069,Billing & Payments,Billing & Payments,dup_payment,False
TK-251070,Audio Quality,Audio Quality,audio,False
TK-251072,Delivery & Shipping,Delivery & Shipping,not_delivered,False
TK-251073,Delivery & Shipping,Delivery & Shipping,not_delivered,False
TK-251074,Charging & Battery,Charging & Battery,battery,False
TK-251075,Delivery & Shipping,Delivery & Shipping,damaged_wrong,False
TK-251076,App & Firmware,Account & Login,login,True
TK-251077,Delivery & Shipping,Delivery & Shipping,damaged_wrong,False
TK-251079,Other,Warranty & Repair,warranty_repair,True
TK-251080,Other,Product Enquiry,enquiry,True
TK-251081,Warranty & Repair,Warranty & Repair,warranty_repair,False
TK-251082,Connectivity,Connectivity,connectivity,False
TK-251084,Delivery & Shipping,Delivery & Shipping,not_delivered,False
TK-251085,Audio Quality,Audio Quality,audio,False
TK-251087,Product Enquiry,Product Enquiry,enquiry,False
TK-251088,App & Firmware,App & Firmware,app_firmware,False
TK-251089,Audio Quality,Audio Quality,mic_issue,False
TK-251090,Audio Quality,Other,unclassified,False
TK-251091,Delivery & Shipping,Delivery & Shipping,not_delivered,False
TK-251093,Other,Delivery & Shipping,not_delivered,True
TK-251094,Delivery & Shipping,Delivery & Shipping,damaged_wrong,False
TK-251096,Other,App & Firmware,app_firmware,True
TK-251097,Charging & Battery,Charging & Battery,battery,False
TK-251098,Account & Login,Account & Login,login,False
TK-251099,Returns & Refunds,Delivery & Shipping,not_delivered,True
TK-251100,Warranty & Repair,Warranty & Repair,warranty_repair,False
TK-251101,Audio Quality,Audio Quality,audio,False
TK-251102,Delivery & Shipping,Delivery & Shipping,not_delivered,False
TK-251104,Connectivity,Connectivity,connectivity,False
TK-251105,Warranty & Repair,Audio Quality,audio,True
TK-251106,Delivery & Shipping,Delivery & Shipping,not_delivered,False
TK-251107,Product Enquiry,Product Enquiry,enquiry,False
TK-251108,Other,Connectivity,connectivity,True
TK-251110,Delivery & Shipping,Delivery & Shipping,not_delivered,False
TK-251111,Delivery & Shipping,Delivery & Shipping,not_delivered,False
TK-251113,Delivery & Shipping,Other,unclassified,False
TK-251114,Delivery & Shipping,Delivery & Shipping,damaged_wrong,False
TK-251116,Billing & Payments,Account & Login,login,True
TK-251117,App & Firmware,App & Firmware,app_firmware,False
TK-251118,Connectivity,Connectivity,connectivity,False
TK-251119,Returns & Refunds,Returns & Refunds,return_pickup,False
TK-251120,Delivery & Shipping,Delivery & Shipping,not_delivered,False
TK-251121,Product Enquiry,Product Enquiry,enquiry,False
TK-251122,Audio Quality,Audio Quality,audio,False
TK-251123,App & Firmware,App & Firmware,app_firmware,False
TK-251124,Audio Quality,Audio Quality,audio,False
TK-251125,Account & Login,Account & Login,login,False
TK-251126,Delivery & Shipping,Delivery & Shipping,not_delivered,False
TK-251127,Billing & Payments,Billing & Payments,coupon,False
TK-251128,Returns & Refunds,Returns & Refunds,return_pickup,False
TK-251129,Delivery & Shipping,Delivery & Shipping,not_delivered,False
TK-251130,Warranty & Repair,Charging & Battery,battery,True
TK-251131,Charging & Battery,App & Firmware,app_firmware,True
TK-251132,App & Firmware,Charging & Battery,battery,True
TK-251134,Delivery & Shipping,Delivery & Shipping,not_delivered,False
TK-251135,Returns & Refunds,Returns & Refunds,refund_status,False
TK-251136,Delivery & Shipping,Delivery & Shipping,not_delivered,False
TK-251137,Other,Warranty & Repair,warranty_repair,True
TK-251138,Audio Quality,Audio Quality,audio,False
TK-251139,Delivery & Shipping,Delivery & Shipping,not_delivered,False
TK-251140,Delivery & Shipping,Delivery & Shipping,not_delivered,False
TK-251142,Returns & Refunds,Delivery & Shipping,not_delivered,True
TK-251143,Charging & Battery,Charging & Battery,battery,False
TK-251144,Charging & Battery,Charging & Battery,battery,False
TK-251145,Other,Account & Login,login,True
TK-251146,Delivery & Shipping,Delivery & Shipping,not_delivered,False
TK-251147,Other,Billing & Payments,cancel,True
TK-251148,Returns & Refunds,Delivery & Shipping,damaged_wrong,True
TK-251149,Warranty & Repair,Returns & Refunds,refund_generic,True
TK-251151,Billing & Payments,Billing & Payments,dup_payment,False
TK-251152,Other,Product Enquiry,enquiry,True
TK-251153,Connectivity,Connectivity,connectivity,False
TK-251154,Audio Quality,Audio Quality,mic_issue,False
TK-251156,Delivery & Shipping,Delivery & Shipping,not_delivered,False
TK-251158,Returns & Refunds,Returns & Refunds,refund_status,False
TK-251159,Other,Billing & Payments,invoice,True
TK-251161,Billing & Payments,Billing & Payments,dup_payment,False
TK-251163,Connectivity,Connectivity,connectivity,False
TK-251164,Other,Billing & Payments,dup_payment,True
TK-251166,Other,Other,unclassified,False
TK-251167,Connectivity,Connectivity,connectivity,False
TK-251168,Billing & Payments,Billing & Payments,coupon,False
TK-251169,Delivery & Shipping,Delivery & Shipping,not_delivered,False
TK-251170,Returns & Refunds,Returns & Refunds,refund_status,False
TK-251171,Connectivity,Connectivity,connectivity,False
TK-251172,Charging & Battery,Charging & Battery,battery,False
TK-251174,Other,Billing & Payments,dup_payment,True
TK-251175,Other,Billing & Payments,dup_payment,True
TK-251177,Connectivity,Connectivity,connectivity,False
TK-251179,Account & Login,Account & Login,login,False
TK-251180,Product Enquiry,Product Enquiry,enquiry,False
TK-251181,Product Enquiry,Product Enquiry,enquiry,False
TK-251182,Warranty & Repair,Warranty & Repair,warranty_repair,False
TK-251183,Audio Quality,Audio Quality,audio,False
TK-251184,Charging & Battery,Charging & Battery,battery,False
TK-251185,Charging & Battery,Charging & Battery,battery,False
TK-251186,Connectivity,App & Firmware,app_firmware,True
TK-251187,App & Firmware,Account & Login,login,True
TK-251189,Other,Charging & Battery,battery,True
TK-251191,Audio Quality,Audio Quality,audio,False
TK-251192,Delivery & Shipping,Delivery & Shipping,damaged_wrong,False
TK-251194,Audio Quality,Other,unclassified,False
TK-251195,App & Firmware,App & Firmware,app_firmware,False
TK-251196,Connectivity,Connectivity,connectivity,False
TK-251197,App & Firmware,Charging & Battery,battery,True
TK-251198,Audio Quality,Audio Quality,mic_issue,False
TK-251199,Connectivity,Connectivity,connectivity,False
TK-251200,Other,Charging & Battery,battery,True
TK-251202,Product Enquiry,Delivery & Shipping,not_delivered,True
TK-251203,Product Enquiry,Product Enquiry,enquiry,False
TK-251204,Account & Login,Account & Login,login,False
TK-251205,Returns & Refunds,Returns & Refunds,return_pickup,False
TK-251206,Returns & Refunds,Returns & Refunds,refund_status,False
TK-251207,Audio Quality,Audio Quality,mic_issue,False
TK-251209,Billing & Payments,Billing & Payments,cancel,False
TK-251211,Billing & Payments,Connectivity,connectivity,True
TK-251213,Connectivity,Audio Quality,mic_issue,True
TK-251215,Connectivity,Connectivity,connectivity,False
TK-251216,Connectivity,Connectivity,connectivity,False
TK-251217,Connectivity,Connectivity,connectivity,False
TK-251218,Product Enquiry,Product Enquiry,enquiry,False
TK-251220,Billing & Payments,Billing & Payments,invoice,False
TK-251222,Charging & Battery,Charging & Battery,battery,False
TK-251223,Returns & Refunds,Returns & Refunds,refund_status,False
TK-251224,Charging & Battery,Charging & Battery,battery,False
TK-251225,Billing & Payments,Billing & Payments,coupon,False
TK-251226,Charging & Battery,Charging & Battery,battery,False
TK-251228,Charging & Battery,Charging & Battery,battery,False
TK-251229,Other,App & Firmware,app_firmware,True
TK-251230,Product Enquiry,Product Enquiry,enquiry,False
TK-251231,Warranty & Repair,Delivery & Shipping,damaged_wrong,True
TK-251233,Audio Quality,Audio Quality,mic_issue,False
TK-251234,Billing & Payments,Billing & Payments,coupon,False
TK-251235,Billing & Payments,Billing & Payments,coupon,False
TK-251236,Other,Billing & Payments,dup_payment,True
TK-251237,Account & Login,Account & Login,login,False
TK-251238,Billing & Payments,Other,unclassified,False
TK-251239,Charging & Battery,Charging & Battery,battery,False
TK-251240,Billing & Payments,Billing & Payments,dup_payment,False
TK-251241,Other,Delivery & Shipping,address_change,True
TK-251242,Other,Audio Quality,mic_issue,True
TK-251243,Billing & Payments,Connectivity,connectivity,True
TK-251245,Charging & Battery,Charging & Battery,battery,False
TK-251246,Returns & Refunds,Returns & Refunds,return_pickup,False
TK-251247,Product Enquiry,Product Enquiry,enquiry,False
TK-251248,Audio Quality,Audio Quality,audio,False
TK-251249,Audio Quality,Returns & Refunds,refund_generic,True
TK-251250,Delivery & Shipping,Delivery & Shipping,not_delivered,False
TK-251251,Charging & Battery,Billing & Payments,dup_payment,True
TK-251252,Billing & Payments,Billing & Payments,dup_payment,False
TK-251253,Product Enquiry,Product Enquiry,enquiry,False
TK-251255,Connectivity,Connectivity,connectivity,False
TK-251257,Delivery & Shipping,Delivery & Shipping,not_delivered,False
TK-251259,Charging & Battery,Charging & Battery,battery,False
TK-251260,Charging & Battery,Billing & Payments,dup_payment,True
TK-251262,Billing & Payments,Billing & Payments,dup_payment,False
TK-251263,Delivery & Shipping,Delivery & Shipping,damaged_wrong,False
TK-251264,Returns & Refunds,Returns & Refunds,refund_status,False
TK-251266,Other,Account & Login,login,True
TK-251267,Warranty & Repair,Warranty & Repair,warranty_repair,False
TK-251268,Connectivity,Connectivity,connectivity,False
TK-251270,Audio Quality,Audio Quality,mic_issue,False
TK-251271,Other,Charging & Battery,battery,True
TK-251272,Billing & Payments,Billing & Payments,coupon,False
TK-251273,App & Firmware,App & Firmware,app_firmware,False
TK-251274,Connectivity,Connectivity,connectivity,False
TK-251275,Billing & Payments,Billing & Payments,dup_payment,False
TK-251277,Audio Quality,Connectivity,connectivity,True
TK-251278,Charging & Battery,Charging & Battery,battery,False
TK-251279,Connectivity,Connectivity,connectivity,False
TK-251280,Other,Delivery & Shipping,address_change,True
TK-251282,Billing & Payments,Billing & Payments,dup_payment,False
TK-251283,Other,Billing & Payments,coupon,True
TK-251285,Other,Billing & Payments,coupon,True
TK-251286,Billing & Payments,Billing & Payments,dup_payment,False
TK-251288,Other,Delivery & Shipping,not_delivered,True
TK-251289,Delivery & Shipping,Delivery & Shipping,damaged_wrong,False
TK-251291,Delivery & Shipping,Delivery & Shipping,damaged_wrong,False
TK-251293,Charging & Battery,App & Firmware,app_firmware,True
TK-251294,Other,Delivery & Shipping,not_delivered,True
TK-251295,Warranty & Repair,App & Firmware,app_firmware,True
TK-251296,Charging & Battery,Charging & Battery,battery,False
TK-251297,Product Enquiry,Product Enquiry,enquiry,False
TK-251298,Delivery & Shipping,Delivery & Shipping,not_delivered,False
TK-251300,Account & Login,Account & Login,login,False
TK-251301,Billing & Payments,Connectivity,connectivity,True
TK-251302,App & Firmware,App & Firmware,app_firmware,False
TK-251303,Other,App & Firmware,app_firmware,True
TK-251304,Returns & Refunds,Returns & Refunds,refund_status,False
TK-251305,Connectivity,Delivery & Shipping,not_delivered,True
TK-251307,Other,Billing & Payments,cancel,True
TK-251308,App & Firmware,Connectivity,connectivity,True
TK-251309,Audio Quality,Audio Quality,audio,False
TK-251310,Connectivity,Connectivity,connectivity,False
TK-251311,Returns & Refunds,Returns & Refunds,refund_status,False
TK-251312,Warranty & Repair,Charging & Battery,battery,True
TK-251313,Warranty & Repair,Returns & Refunds,refund_generic,True
TK-251315,Billing & Payments,Billing & Payments,invoice,False
TK-251316,Returns & Refunds,Returns & Refunds,refund_status,False
TK-251317,Returns & Refunds,Delivery & Shipping,not_delivered,True
TK-251319,Charging & Battery,Charging & Battery,battery,False
TK-251321,Charging & Battery,Charging & Battery,battery,False
TK-251322,Other,Delivery & Shipping,not_delivered,True
TK-251323,Charging & Battery,Billing & Payments,dup_payment,True
TK-251324,Product Enquiry,Product Enquiry,enquiry,False
TK-251326,Connectivity,Connectivity,connectivity,False
TK-251327,Warranty & Repair,Charging & Battery,battery,True
TK-251329,Billing & Payments,Billing & Payments,dup_payment,False
TK-251330,Account & Login,Account & Login,login,False
TK-251331,Other,Billing & Payments,cancel,True
TK-251332,Billing & Payments,Billing & Payments,dup_payment,False
TK-251333,Delivery & Shipping,Billing & Payments,dup_payment,True
TK-251335,Billing & Payments,Billing & Payments,invoice,False
TK-251336,Audio Quality,Audio Quality,mic_issue,False
TK-251337,Charging & Battery,Charging & Battery,battery,False
TK-251339,Warranty & Repair,Returns & Refunds,refund_generic,True
TK-251340,Other,Billing & Payments,cancel,True
TK-251342,Other,Product Enquiry,enquiry,True
TK-251343,Audio Quality,Audio Quality,audio,False
TK-251344,Charging & Battery,Charging & Battery,battery,False
TK-251345,Connectivity,Connectivity,connectivity,False
TK-251346,Product Enquiry,Product Enquiry,enquiry,False
TK-251347,Warranty & Repair,Warranty & Repair,warranty_repair,False
TK-251348,Connectivity,Connectivity,connectivity,False
TK-251349,Billing & Payments,Billing & Payments,invoice,False
TK-251350,Delivery & Shipping,Delivery & Shipping,not_delivered,False
TK-251351,Delivery & Shipping,Delivery & Shipping,not_delivered,False
TK-251352,Returns & Refunds,Returns & Refunds,return_pickup,False
TK-251353,Connectivity,Audio Quality,audio,True
TK-251354,App & Firmware,App & Firmware,app_firmware,False
TK-251356,Audio Quality,Audio Quality,audio,False
TK-251357,App & Firmware,App & Firmware,app_firmware,False
TK-251358,Billing & Payments,Billing & Payments,dup_payment,False
TK-251360,Account & Login,Account & Login,login,False
TK-251362,Billing & Payments,Billing & Payments,dup_payment,False
TK-251364,Other,Billing & Payments,cancel,True
TK-251366,Other,Billing & Payments,cancel,True
TK-251367,Delivery & Shipping,Delivery & Shipping,damaged_wrong,False
TK-251369,Delivery & Shipping,Delivery & Shipping,not_delivered,False
TK-251370,Audio Quality,Audio Quality,mic_issue,False
TK-251372,Billing & Payments,Billing & Payments,dup_payment,False
TK-251373,Returns & Refunds,Returns & Refunds,return_pickup,False
TK-251375,Connectivity,Connectivity,connectivity,False
TK-251376,Other,Connectivity,connectivity,True
TK-251378,Other,Billing & Payments,dup_payment,True
TK-251379,Product Enquiry,Product Enquiry,enquiry,False
TK-251380,Delivery & Shipping,Delivery & Shipping,address_change,False
TK-251381,App & Firmware,Other,unclassified,False
TK-251382,Billing & Payments,Billing & Payments,invoice,False
TK-251383,Audio Quality,Audio Quality,audio,False
TK-251384,Billing & Payments,Billing & Payments,coupon,False
TK-251385,Other,Billing & Payments,dup_payment,True
TK-251386,Delivery & Shipping,Delivery & Shipping,not_delivered,False
TK-251387,Other,Product Enquiry,enquiry,True
TK-251389,Charging & Battery,Charging & Battery,battery,False
TK-251390,Delivery & Shipping,Delivery & Shipping,not_delivered,False
TK-251391,Delivery & Shipping,Delivery & Shipping,not_delivered,False
TK-251392,Returns & Refunds,Returns & Refunds,refund_status,False
TK-251393,Billing & Payments,Billing & Payments,coupon,False
TK-251394,Delivery & Shipping,Delivery & Shipping,not_delivered,False
TK-251395,App & Firmware,App & Firmware,app_firmware,False
TK-251397,Returns & Refunds,Delivery & Shipping,damaged_wrong,True
TK-251398,Audio Quality,Audio Quality,audio,False
TK-251399,Delivery & Shipping,Delivery & Shipping,not_delivered,False
TK-251401,Delivery & Shipping,Delivery & Shipping,damaged_wrong,False
TK-251402,Charging & Battery,App & Firmware,app_firmware,True
TK-251403,Billing & Payments,Billing & Payments,dup_payment,False
TK-251405,Other,Delivery & Shipping,not_delivered,True
TK-251407,Other,Other,unclassified,False
TK-251408,Charging & Battery,Charging & Battery,battery,False
TK-251410,Other,App & Firmware,app_firmware,True
TK-251411,Product Enquiry,Product Enquiry,enquiry,False
TK-251412,Billing & Payments,Billing & Payments,coupon,False
TK-251413,Connectivity,Delivery & Shipping,not_delivered,True
TK-251414,Audio Quality,Audio Quality,audio,False
TK-251415,Other,Billing & Payments,dup_payment,True
TK-251416,Account & Login,Account & Login,login,False
TK-251417,Charging & Battery,Warranty & Repair,warranty_repair,True
TK-251419,App & Firmware,Billing & Payments,dup_payment,True
TK-251420,Product Enquiry,Product Enquiry,enquiry,False
TK-251421,Audio Quality,Audio Quality,audio,False
TK-251423,Billing & Payments,Billing & Payments,coupon,False
TK-251424,Connectivity,Connectivity,connectivity,False
TK-251425,Delivery & Shipping,Delivery & Shipping,not_delivered,False
TK-251426,Delivery & Shipping,Delivery & Shipping,not_delivered,False
TK-251427,Other,Billing & Payments,cancel,True
TK-251429,Audio Quality,Audio Quality,mic_issue,False
TK-251430,Returns & Refunds,Returns & Refunds,refund_status,False
TK-251431,App & Firmware,Connectivity,connectivity,True
TK-251432,App & Firmware,App & Firmware,app_firmware,False
TK-251434,Charging & Battery,Charging & Battery,battery,False
TK-251436,Other,Billing & Payments,cancel,True
TK-251437,Returns & Refunds,Returns & Refunds,refund_generic,False
TK-251438,Charging & Battery,Charging & Battery,battery,False
TK-251440,Charging & Battery,Charging & Battery,battery,False
TK-251441,Warranty & Repair,Warranty & Repair,warranty_repair,False
TK-251442,Delivery & Shipping,Delivery & Shipping,not_delivered,False
TK-251443,Connectivity,Connectivity,connectivity,False
TK-251445,Other,Billing & Payments,dup_payment,True
TK-251446,Returns & Refunds,Returns & Refunds,return_pickup,False
TK-251447,Account & Login,Account & Login,login,False
TK-251448,Delivery & Shipping,Delivery & Shipping,not_delivered,False
TK-251449,Audio Quality,Audio Quality,audio,False
TK-251451,Billing & Payments,Billing & Payments,coupon,False
TK-251452,Charging & Battery,App & Firmware,app_firmware,True
TK-251453,Other,Billing & Payments,coupon,True
TK-251454,Connectivity,Connectivity,connectivity,False
TK-251456,Audio Quality,Audio Quality,mic_issue,False
TK-251457,Returns & Refunds,Returns & Refunds,refund_status,False
TK-251458,Connectivity,Connectivity,connectivity,False
TK-251459,Other,Billing & Payments,cancel,True
TK-251460,App & Firmware,App & Firmware,app_firmware,False
TK-251461,Delivery & Shipping,Delivery & Shipping,not_delivered,False
TK-251462,Delivery & Shipping,Delivery & Shipping,not_delivered,False
TK-251464,Other,Billing & Payments,invoice,True
TK-251465,Other,Billing & Payments,cancel,True
TK-251466,Billing & Payments,Billing & Payments,dup_payment,False
TK-251467,Delivery & Shipping,Delivery & Shipping,not_delivered,False
TK-251469,Charging & Battery,Charging & Battery,battery,False
TK-251470,Warranty & Repair,Warranty & Repair,warranty_repair,False
TK-251471,Returns & Refunds,Returns & Refunds,refund_status,False
TK-251472,App & Firmware,App & Firmware,app_firmware,False
TK-251473,Charging & Battery,Audio Quality,audio,True
TK-251475,Product Enquiry,Product Enquiry,enquiry,False
TK-251476,Returns & Refunds,Returns & Refunds,return_pickup,False
TK-251477,Other,Charging & Battery,battery,True
TK-251478,Delivery & Shipping,Delivery & Shipping,damaged_wrong,False
TK-251479,Connectivity,Connectivity,connectivity,False
TK-251480,Billing & Payments,Billing & Payments,dup_payment,False
TK-251481,Warranty & Repair,Audio Quality,audio,True
TK-251482,Billing & Payments,Billing & Payments,coupon,False
TK-251483,Charging & Battery,Warranty & Repair,warranty_repair,True
TK-251484,Product Enquiry,Product Enquiry,enquiry,False
TK-251485,Charging & Battery,Charging & Battery,battery,False
TK-251486,Other,Billing & Payments,dup_payment,True
TK-251487,Account & Login,Account & Login,login,False
TK-251488,Account & Login,Account & Login,login,False
TK-251489,Delivery & Shipping,Delivery & Shipping,not_delivered,False
TK-251490,Other,Billing & Payments,cancel,True
TK-251491,Other,Billing & Payments,cancel,True
TK-251492,Product Enquiry,Product Enquiry,enquiry,False
TK-251494,Delivery & Shipping,Delivery & Shipping,not_delivered,False
TK-251495,Billing & Payments,Returns & Refunds,refund_status,True
TK-251496,Warranty & Repair,Warranty & Repair,warranty_repair,False
TK-251498,Audio Quality,Audio Quality,mic_issue,False
TK-251499,Returns & Refunds,Returns & Refunds,return_pickup,False
TK-251500,App & Firmware,App & Firmware,app_firmware,False
TK-251502,App & Firmware,App & Firmware,app_firmware,False
TK-251503,Returns & Refunds,Returns & Refunds,return_pickup,False
TK-251504,Returns & Refunds,Returns & Refunds,refund_generic,False
TK-251505,Product Enquiry,App & Firmware,app_firmware,True
TK-251506,Delivery & Shipping,Delivery & Shipping,damaged_wrong,False
TK-251507,Delivery & Shipping,Delivery & Shipping,not_delivered,False
TK-251508,Charging & Battery,Charging & Battery,battery,False
TK-251509,Delivery & Shipping,Delivery & Shipping,damaged_wrong,False
TK-251510,Returns & Refunds,Returns & Refunds,refund_status,False
TK-251511,Billing & Payments,Returns & Refunds,refund_status,True
TK-251512,Delivery & Shipping,Delivery & Shipping,not_delivered,False
TK-251513,App & Firmware,App & Firmware,app_firmware,False
TK-251515,Returns & Refunds,Returns & Refunds,refund_status,False
TK-251516,Connectivity,Connectivity,connectivity,False
TK-251518,Delivery & Shipping,Delivery & Shipping,not_delivered,False
TK-251519,Connectivity,Connectivity,connectivity,False
TK-251521,Charging & Battery,Billing & Payments,dup_payment,True
TK-251522,Returns & Refunds,Returns & Refunds,return_pickup,False
TK-251524,Charging & Battery,Charging & Battery,battery,False
TK-251525,Delivery & Shipping,Delivery & Shipping,damaged_wrong,False
TK-251526,Other,Billing & Payments,cancel,True
TK-251527,Billing & Payments,Connectivity,connectivity,True
TK-251528,App & Firmware,App & Firmware,app_firmware,False
TK-251530,Billing & Payments,Billing & Payments,dup_payment,False
TK-251531,Connectivity,Connectivity,connectivity,False
TK-251533,Audio Quality,Audio Quality,audio,False
TK-251534,Returns & Refunds,Returns & Refunds,refund_status,False
TK-251535,Connectivity,Connectivity,connectivity,False
TK-251536,Charging & Battery,Charging & Battery,battery,False
TK-251537,Delivery & Shipping,Delivery & Shipping,not_delivered,False
TK-251538,Warranty & Repair,Warranty & Repair,warranty_repair,False
TK-251539,Account & Login,Account & Login,login,False
TK-251540,Warranty & Repair,Warranty & Repair,warranty_repair,False
TK-251541,Warranty & Repair,Audio Quality,audio,True
TK-251542,Billing & Payments,Billing & Payments,invoice,False
TK-251544,Delivery & Shipping,Delivery & Shipping,not_delivered,False
TK-251545,Audio Quality,Audio Quality,audio,False
TK-251546,Warranty & Repair,Warranty & Repair,warranty_repair,False
TK-251548,Charging & Battery,Charging & Battery,battery,False
TK-251550,App & Firmware,Delivery & Shipping,not_delivered,True
TK-251551,Returns & Refunds,Returns & Refunds,return_pickup,False
TK-251553,Returns & Refunds,Delivery & Shipping,damaged_wrong,True
TK-251554,Delivery & Shipping,Delivery & Shipping,not_delivered,False
TK-251555,Audio Quality,Audio Quality,audio,False
TK-251556,Other,Billing & Payments,cancel,True
TK-251557,Product Enquiry,Product Enquiry,enquiry,False
TK-251558,Other,Delivery & Shipping,not_delivered,True
TK-251559,Returns & Refunds,Returns & Refunds,refund_status,False
TK-251560,Charging & Battery,Charging & Battery,battery,False
TK-251561,Connectivity,Connectivity,connectivity,False
TK-251563,Billing & Payments,Billing & Payments,invoice,False
TK-251564,Returns & Refunds,Other,unclassified,False
TK-251565,Billing & Payments,Billing & Payments,dup_payment,False
TK-251566,Delivery & Shipping,Delivery & Shipping,not_delivered,False
TK-251567,Delivery & Shipping,Delivery & Shipping,not_delivered,False
TK-251568,Charging & Battery,App & Firmware,app_firmware,True
TK-251569,Product Enquiry,Other,unclassified,False
TK-251570,App & Firmware,App & Firmware,app_firmware,False
TK-251571,Delivery & Shipping,Delivery & Shipping,not_delivered,False
TK-251573,Audio Quality,Audio Quality,audio,False
TK-251574,Delivery & Shipping,Delivery & Shipping,not_delivered,False
TK-251575,Connectivity,Connectivity,connectivity,False
TK-251576,Other,Delivery & Shipping,not_delivered,True
TK-251577,Billing & Payments,Billing & Payments,cancel,False
TK-251578,Billing & Payments,Billing & Payments,coupon,False
TK-251580,Delivery & Shipping,Delivery & Shipping,not_delivered,False
TK-251581,App & Firmware,Charging & Battery,battery,True
TK-251582,Warranty & Repair,Charging & Battery,battery,True
TK-251583,Other,Account & Login,login,True
TK-251584,Connectivity,Connectivity,connectivity,False
TK-251585,Returns & Refunds,Returns & Refunds,refund_status,False
TK-251586,Delivery & Shipping,Delivery & Shipping,not_delivered,False
TK-251587,Charging & Battery,Audio Quality,audio,True
TK-251589,Audio Quality,Audio Quality,mic_issue,False
TK-251590,Connectivity,Connectivity,connectivity,False
TK-251591,Billing & Payments,Billing & Payments,invoice,False
TK-251592,Account & Login,Account & Login,login,False
TK-251593,Billing & Payments,Returns & Refunds,refund_status,True
TK-251594,Delivery & Shipping,Delivery & Shipping,not_delivered,False
TK-251595,Returns & Refunds,Other,unclassified,False
TK-251596,App & Firmware,App & Firmware,app_firmware,False
TK-251598,Connectivity,Connectivity,connectivity,False
TK-251599,Warranty & Repair,Warranty & Repair,warranty_repair,False
TK-251601,Audio Quality,Audio Quality,mic_issue,False
TK-251602,Account & Login,Account & Login,login,False
TK-251603,Billing & Payments,Connectivity,connectivity,True
TK-251604,Product Enquiry,Product Enquiry,enquiry,False
TK-251605,Audio Quality,Audio Quality,audio,False
TK-251606,Connectivity,Connectivity,connectivity,False
TK-251607,Audio Quality,Audio Quality,audio,False
TK-251608,Returns & Refunds,Returns & Refunds,refund_status,False
TK-251610,Warranty & Repair,Warranty & Repair,warranty_repair,False
TK-251611,Charging & Battery,Audio Quality,audio,True
TK-251612,Charging & Battery,Billing & Payments,dup_payment,True
TK-251613,Returns & Refunds,Returns & Refunds,return_pickup,False
TK-251614,Connectivity,Connectivity,connectivity,False
TK-251616,Delivery & Shipping,Delivery & Shipping,not_delivered,False
TK-251617,Product Enquiry,Billing & Payments,coupon,True
TK-251618,Connectivity,Connectivity,connectivity,False
TK-251619,Charging & Battery,Charging & Battery,battery,False
TK-251621,Billing & Payments,Billing & Payments,dup_payment,False
TK-251622,Audio Quality,Delivery & Shipping,damaged_wrong,True
TK-251624,App & Firmware,Charging & Battery,battery,True
TK-251625,Returns & Refunds,Returns & Refunds,return_pickup,False
TK-251626,Delivery & Shipping,Delivery & Shipping,not_delivered,False
TK-251628,Other,Delivery & Shipping,address_change,True
TK-251629,Returns & Refunds,Delivery & Shipping,damaged_wrong,True
TK-251630,Delivery & Shipping,Delivery & Shipping,not_delivered,False
TK-251632,Account & Login,Account & Login,login,False
TK-251633,Connectivity,App & Firmware,app_firmware,True
TK-251634,Billing & Payments,Billing & Payments,dup_payment,False
TK-251636,Delivery & Shipping,Delivery & Shipping,damaged_wrong,False
TK-251637,Connectivity,Connectivity,connectivity,False
TK-251638,App & Firmware,App & Firmware,app_firmware,False
TK-251639,Charging & Battery,Charging & Battery,battery,False
TK-251640,Product Enquiry,Product Enquiry,enquiry,False
TK-251642,Account & Login,Account & Login,login,False
TK-251643,Warranty & Repair,Warranty & Repair,warranty_repair,False
TK-251645,Billing & Payments,Billing & Payments,invoice,False
TK-251646,Delivery & Shipping,Delivery & Shipping,damaged_wrong,False
TK-251647,Connectivity,Connectivity,connectivity,False
TK-251648,App & Firmware,App & Firmware,app_firmware,False
TK-251649,Billing & Payments,Billing & Payments,coupon,False
TK-251650,Other,Product Enquiry,enquiry,True
TK-251652,Billing & Payments,Billing & Payments,coupon,False
TK-251653,Billing & Payments,Billing & Payments,coupon,False
TK-251654,App & Firmware,Account & Login,login,True
TK-251655,Other,Billing & Payments,cancel,True
TK-251656,Connectivity,App & Firmware,app_firmware,True
TK-251658,Warranty & Repair,Warranty & Repair,warranty_repair,False
TK-251659,Warranty & Repair,Charging & Battery,battery,True
TK-251660,Other,Product Enquiry,enquiry,True
TK-251661,Charging & Battery,Audio Quality,audio,True
TK-251663,Other,Billing & Payments,cancel,True
TK-251664,Connectivity,Connectivity,connectivity,False
TK-251665,Billing & Payments,Billing & Payments,coupon,False
TK-251667,Other,Delivery & Shipping,address_change,True
TK-251668,Delivery & Shipping,Delivery & Shipping,not_delivered,False
TK-251669,Audio Quality,Audio Quality,audio,False
TK-251670,Other,Delivery & Shipping,address_change,True
TK-251671,Billing & Payments,Billing & Payments,coupon,False
TK-251672,Audio Quality,Audio Quality,audio,False
TK-251673,Charging & Battery,Charging & Battery,battery,False
TK-251675,Other,Delivery & Shipping,damaged_wrong,True
TK-251676,Billing & Payments,Billing & Payments,coupon,False
TK-251678,App & Firmware,Other,unclassified,False
TK-251679,Charging & Battery,Charging & Battery,battery,False
TK-251680,Billing & Payments,Billing & Payments,dup_payment,False
TK-251681,Returns & Refunds,Returns & Refunds,refund_status,False
TK-251682,Returns & Refunds,Returns & Refunds,refund_status,False
TK-251683,Delivery & Shipping,Returns & Refunds,return_pickup,True
TK-251685,Account & Login,Account & Login,login,False
TK-251686,Charging & Battery,Audio Quality,audio,True
TK-251688,Billing & Payments,Billing & Payments,dup_payment,False
TK-251690,Delivery & Shipping,Delivery & Shipping,not_delivered,False
TK-251691,Returns & Refunds,Returns & Refunds,refund_status,False
TK-251692,Product Enquiry,Product Enquiry,enquiry,False
TK-251693,Delivery & Shipping,Delivery & Shipping,damaged_wrong,False
TK-251695,App & Firmware,App & Firmware,app_firmware,False
TK-251696,Other,Billing & Payments,cancel,True
TK-251697,Audio Quality,Audio Quality,audio,False
TK-251699,Other,Billing & Payments,cancel,True
TK-251701,App & Firmware,App & Firmware,app_firmware,False
TK-251703,Returns & Refunds,Returns & Refunds,refund_status,False
TK-251705,Warranty & Repair,Returns & Refunds,refund_generic,True
TK-251706,Charging & Battery,Charging & Battery,battery,False
TK-251707,Connectivity,Connectivity,connectivity,False
TK-251708,Connectivity,Connectivity,connectivity,False
TK-251710,Billing & Payments,App & Firmware,app_firmware,True
TK-251711,Warranty & Repair,Warranty & Repair,warranty_repair,False
TK-251712,Warranty & Repair,Warranty & Repair,warranty_repair,False
TK-251713,Billing & Payments,Billing & Payments,dup_payment,False
TK-251714,Other,Billing & Payments,dup_payment,True
TK-251716,Returns & Refunds,Returns & Refunds,refund_status,False
TK-251717,Warranty & Repair,Warranty & Repair,warranty_repair,False
TK-251718,Account & Login,Account & Login,login,False
TK-251719,Returns & Refunds,Returns & Refunds,refund_status,False
TK-251720,Delivery & Shipping,Delivery & Shipping,damaged_wrong,False
TK-251721,Other,App & Firmware,app_firmware,True
TK-251722,Delivery & Shipping,Billing & Payments,dup_payment,True
TK-251724,Audio Quality,Other,unclassified,False
TK-251726,Warranty & Repair,Delivery & Shipping,damaged_wrong,True
TK-251727,Delivery & Shipping,Delivery & Shipping,not_delivered,False
TK-251728,Delivery & Shipping,Delivery & Shipping,damaged_wrong,False
TK-251729,Account & Login,Billing & Payments,invoice,True
TK-251731,Audio Quality,Audio Quality,audio,False
TK-251733,Account & Login,Account & Login,login,False
TK-251734,Returns & Refunds,Returns & Refunds,refund_status,False
TK-251735,Audio Quality,Audio Quality,audio,False
TK-251736,Delivery & Shipping,Billing & Payments,dup_payment,True
TK-251737,Delivery & Shipping,Returns & Refunds,return_pickup,True
TK-251738,Account & Login,Account & Login,login,False
TK-251739,Returns & Refunds,Returns & Refunds,return_pickup,False
TK-251740,Connectivity,Connectivity,connectivity,False
TK-251741,App & Firmware,App & Firmware,app_firmware,False
TK-251742,Returns & Refunds,Returns & Refunds,return_pickup,False
TK-251743,Other,Billing & Payments,cancel,True
TK-251745,Connectivity,Connectivity,connectivity,False
TK-251746,Warranty & Repair,Other,unclassified,False
TK-251747,Charging & Battery,Audio Quality,audio,True
TK-251748,Returns & Refunds,Returns & Refunds,refund_status,False
TK-251749,Billing & Payments,Billing & Payments,dup_payment,False
TK-251750,Warranty & Repair,App & Firmware,app_firmware,True
TK-251752,Delivery & Shipping,Billing & Payments,dup_payment,True
TK-251753,Audio Quality,Audio Quality,audio,False
TK-251754,Billing & Payments,Returns & Refunds,refund_status,True
TK-251755,Delivery & Shipping,Billing & Payments,dup_payment,True
TK-251757,App & Firmware,App & Firmware,app_firmware,False
TK-251758,Billing & Payments,Billing & Payments,dup_payment,False
TK-251760,Delivery & Shipping,Delivery & Shipping,damaged_wrong,False
TK-251761,Returns & Refunds,Returns & Refunds,refund_status,False
TK-251762,Product Enquiry,Product Enquiry,enquiry,False
TK-251763,App & Firmware,App & Firmware,app_firmware,False
TK-251764,Billing & Payments,Billing & Payments,coupon,False
TK-251765,Billing & Payments,Billing & Payments,dup_payment,False
TK-251766,Billing & Payments,Connectivity,connectivity,True
TK-251767,Delivery & Shipping,Delivery & Shipping,not_delivered,False
TK-251768,Delivery & Shipping,Delivery & Shipping,not_delivered,False
TK-251769,Delivery & Shipping,Delivery & Shipping,not_delivered,False
TK-251771,Billing & Payments,Billing & Payments,dup_payment,False
TK-251772,App & Firmware,App & Firmware,app_firmware,False
TK-251773,Warranty & Repair,Warranty & Repair,warranty_repair,False
TK-251774,Connectivity,Connectivity,connectivity,False
TK-251776,Billing & Payments,Connectivity,connectivity,True
TK-251778,Other,Connectivity,connectivity,True
TK-251780,Product Enquiry,Product Enquiry,enquiry,False
TK-251781,Charging & Battery,Charging & Battery,battery,False
TK-251782,Charging & Battery,App & Firmware,app_firmware,True
TK-251783,Delivery & Shipping,Delivery & Shipping,damaged_wrong,False
TK-251784,Delivery & Shipping,Delivery & Shipping,damaged_wrong,False
TK-251785,Delivery & Shipping,Delivery & Shipping,damaged_wrong,False
TK-251786,Connectivity,Connectivity,connectivity,False
TK-251787,Delivery & Shipping,Delivery & Shipping,not_delivered,False
TK-251789,App & Firmware,App & Firmware,app_firmware,False
TK-251790,App & Firmware,App & Firmware,app_firmware,False
TK-251791,Billing & Payments,Billing & Payments,invoice,False
TK-251792,Delivery & Shipping,Delivery & Shipping,not_delivered,False
TK-251793,Delivery & Shipping,Delivery & Shipping,not_delivered,False
TK-251795,Product Enquiry,Product Enquiry,enquiry,False
TK-251796,Connectivity,Connectivity,connectivity,False
TK-251797,Connectivity,Connectivity,connectivity,False
TK-251799,Billing & Payments,Billing & Payments,cancel,False
TK-251800,Warranty & Repair,Warranty & Repair,warranty_repair,False
TK-251802,Billing & Payments,Returns & Refunds,refund_status,True
TK-251803,Billing & Payments,Billing & Payments,invoice,False
TK-251805,Charging & Battery,Charging & Battery,battery,False
TK-251806,Other,Billing & Payments,dup_payment,True
TK-251807,App & Firmware,App & Firmware,app_firmware,False
TK-251808,App & Firmware,Charging & Battery,battery,True
TK-251809,Connectivity,Connectivity,connectivity,False
TK-251811,Billing & Payments,Connectivity,connectivity,True
TK-251812,Connectivity,Connectivity,connectivity,False
TK-251813,Delivery & Shipping,Delivery & Shipping,not_delivered,False
TK-251814,Other,Account & Login,login,True
TK-251815,Delivery & Shipping,Delivery & Shipping,not_delivered,False
TK-251817,Delivery & Shipping,Delivery & Shipping,not_delivered,False
TK-251818,Audio Quality,Returns & Refunds,return_pickup,True
TK-251820,Delivery & Shipping,Returns & Refunds,return_pickup,True
TK-251821,Returns & Refunds,Returns & Refunds,refund_status,False
TK-251822,Other,Warranty & Repair,warranty_repair,True
TK-251824,Other,Delivery & Shipping,address_change,True
TK-251825,Returns & Refunds,Returns & Refunds,refund_status,False
TK-251827,Connectivity,Connectivity,connectivity,False
TK-251828,Product Enquiry,Product Enquiry,enquiry,False
TK-251830,App & Firmware,Warranty & Repair,warranty_repair,True
TK-251831,Connectivity,Audio Quality,audio,True
TK-251832,Other,Delivery & Shipping,not_delivered,True
TK-251833,Other,Billing & Payments,cancel,True
TK-251835,Connectivity,Connectivity,connectivity,False
TK-251837,App & Firmware,App & Firmware,app_firmware,False
TK-251838,Warranty & Repair,Charging & Battery,battery,True
TK-251839,Audio Quality,Audio Quality,mic_issue,False
TK-251840,Delivery & Shipping,Delivery & Shipping,not_delivered,False
TK-251842,Delivery & Shipping,Delivery & Shipping,not_delivered,False
TK-251843,Charging & Battery,Charging & Battery,battery,False
TK-251844,Other,Delivery & Shipping,address_change,True
TK-251845,Returns & Refunds,Returns & Refunds,refund_status,False
TK-251846,Other,Delivery & Shipping,not_delivered,True
TK-251848,Delivery & Shipping,Delivery & Shipping,damaged_wrong,False
TK-251849,Product Enquiry,Product Enquiry,enquiry,False
TK-251850,Delivery & Shipping,Delivery & Shipping,damaged_wrong,False
TK-251852,Warranty & Repair,Delivery & Shipping,not_delivered,True
TK-251853,Product Enquiry,Product Enquiry,enquiry,False
TK-251854,Connectivity,Connectivity,connectivity,False
TK-251856,Audio Quality,Audio Quality,audio,False
TK-251857,Connectivity,Connectivity,connectivity,False
TK-251858,Charging & Battery,Charging & Battery,battery,False
TK-251859,Returns & Refunds,Returns & Refunds,refund_status,False
TK-251860,Returns & Refunds,Returns & Refunds,refund_status,False
TK-251861,App & Firmware,App & Firmware,app_firmware,False
TK-251862,Delivery & Shipping,Delivery & Shipping,not_delivered,False
TK-251863,Warranty & Repair,Warranty & Repair,warranty_repair,False
TK-251865,Billing & Payments,Billing & Payments,dup_payment,False
TK-251866,Account & Login,Account & Login,login,False
TK-251867,Charging & Battery,Audio Quality,audio,True
TK-251868,Product Enquiry,Product Enquiry,enquiry,False
TK-251869,Connectivity,Connectivity,connectivity,False
TK-251871,Charging & Battery,Charging & Battery,battery,False
TK-251872,Connectivity,Connectivity,connectivity,False
TK-251873,Connectivity,Connectivity,connectivity,False
TK-251874,Delivery & Shipping,Delivery & Shipping,damaged_wrong,False
TK-251875,Charging & Battery,Returns & Refunds,refund_generic,True
TK-251876,Other,Delivery & Shipping,not_delivered,True
TK-251877,Product Enquiry,Product Enquiry,enquiry,False
TK-251878,Connectivity,Connectivity,connectivity,False
TK-251879,Delivery & Shipping,Delivery & Shipping,damaged_wrong,False
TK-251880,Billing & Payments,Billing & Payments,dup_payment,False
TK-251881,Warranty & Repair,Warranty & Repair,warranty_repair,False
TK-251882,Connectivity,Connectivity,connectivity,False
TK-251884,Billing & Payments,Returns & Refunds,refund_status,True
TK-251885,Other,Warranty & Repair,warranty_repair,True
TK-251886,App & Firmware,App & Firmware,app_firmware,False
TK-251888,Other,Billing & Payments,invoice,True
TK-251889,Other,Delivery & Shipping,not_delivered,True
TK-251890,Charging & Battery,Warranty & Repair,warranty_repair,True
TK-251891,Product Enquiry,Product Enquiry,enquiry,False
TK-251892,Delivery & Shipping,Delivery & Shipping,not_delivered,False
TK-251894,Returns & Refunds,Returns & Refunds,refund_status,False
TK-251896,Returns & Refunds,Returns & Refunds,refund_status,False
TK-251897,Delivery & Shipping,Delivery & Shipping,damaged_wrong,False
TK-251898,Billing & Payments,Returns & Refunds,refund_status,True
TK-251900,Billing & Payments,Connectivity,connectivity,True
TK-251902,Other,Billing & Payments,cancel,True
TK-251904,Warranty & Repair,App & Firmware,app_firmware,True
TK-251905,App & Firmware,App & Firmware,app_firmware,False
TK-251906,Warranty & Repair,Charging & Battery,battery,True
TK-251907,Billing & Payments,Billing & Payments,dup_payment,False
TK-251908,Other,Billing & Payments,cancel,True
TK-251909,Account & Login,Account & Login,login,False
TK-251910,Billing & Payments,Billing & Payments,dup_payment,False
TK-251911,App & Firmware,App & Firmware,app_firmware,False
TK-251913,Delivery & Shipping,Returns & Refunds,return_pickup,True
TK-251914,Warranty & Repair,Other,unclassified,False
TK-251915,Billing & Payments,Returns & Refunds,refund_status,True
TK-251916,Connectivity,Connectivity,connectivity,False
TK-251917,Other,Warranty & Repair,warranty_repair,True
TK-251918,Returns & Refunds,Returns & Refunds,refund_status,False
TK-251919,Other,App & Firmware,app_firmware,True
TK-251921,Warranty & Repair,App & Firmware,app_firmware,True
TK-251922,Product Enquiry,Product Enquiry,enquiry,False
TK-251923,Billing & Payments,Billing & Payments,invoice,False
TK-251924,App & Firmware,Other,unclassified,False
TK-251925,Charging & Battery,Charging & Battery,battery,False
TK-251926,Warranty & Repair,Warranty & Repair,warranty_repair,False
TK-251927,Delivery & Shipping,Delivery & Shipping,damaged_wrong,False
TK-251928,Other,Connectivity,connectivity,True
TK-251929,Billing & Payments,Returns & Refunds,refund_status,True
TK-251930,Account & Login,Account & Login,login,False
TK-251932,Billing & Payments,Billing & Payments,invoice,False
TK-251933,Returns & Refunds,Returns & Refunds,return_pickup,False
TK-251934,Billing & Payments,Billing & Payments,coupon,False
TK-251936,Product Enquiry,Product Enquiry,enquiry,False
TK-251937,Connectivity,Returns & Refunds,refund_generic,True
TK-251939,Audio Quality,Audio Quality,audio,False
TK-251940,Connectivity,Connectivity,connectivity,False
TK-251941,Other,Billing & Payments,cancel,True
TK-251942,Returns & Refunds,Returns & Refunds,return_pickup,False
TK-251943,Delivery & Shipping,Delivery & Shipping,not_delivered,False
TK-251945,Audio Quality,Audio Quality,audio,False
TK-251946,App & Firmware,App & Firmware,app_firmware,False
TK-251947,Account & Login,Account & Login,login,False
TK-251948,Other,Audio Quality,audio,True
TK-251949,Connectivity,App & Firmware,app_firmware,True
TK-251951,Delivery & Shipping,Delivery & Shipping,not_delivered,False
TK-251953,Other,Delivery & Shipping,address_change,True
TK-251954,Audio Quality,Audio Quality,audio,False
TK-251955,Connectivity,App & Firmware,app_firmware,True
TK-251956,Returns & Refunds,Returns & Refunds,refund_status,False
TK-251957,Other,Audio Quality,audio,True
TK-251958,Connectivity,Connectivity,connectivity,False
TK-251960,App & Firmware,App & Firmware,app_firmware,False
TK-251961,Account & Login,Account & Login,login,False
TK-251962,App & Firmware,Charging & Battery,battery,True
TK-251963,Charging & Battery,Charging & Battery,battery,False
TK-251965,Product Enquiry,Product Enquiry,enquiry,False
TK-251966,Billing & Payments,Billing & Payments,dup_payment,False
TK-251968,Charging & Battery,Charging & Battery,battery,False
TK-251970,Delivery & Shipping,Delivery & Shipping,not_delivered,False
TK-251971,Audio Quality,Audio Quality,audio,False
TK-251972,Charging & Battery,Charging & Battery,battery,False
TK-251973,Other,Audio Quality,audio,True
TK-251974,Audio Quality,Audio Quality,audio,False
TK-251976,Charging & Battery,Charging & Battery,battery,False
TK-251978,Account & Login,Account & Login,login,False
TK-251979,Delivery & Shipping,Delivery & Shipping,not_delivered,False
TK-251980,Delivery & Shipping,Other,unclassified,False
TK-251982,Other,Delivery & Shipping,address_change,True
TK-251983,Warranty & Repair,Warranty & Repair,warranty_repair,False
TK-251984,Audio Quality,Delivery & Shipping,not_delivered,True
TK-251985,Other,Billing & Payments,cancel,True
TK-251986,Delivery & Shipping,Delivery & Shipping,not_delivered,False
TK-251987,Delivery & Shipping,Delivery & Shipping,not_delivered,False
TK-251988,Other,Billing & Payments,cancel,True
TK-251989,Other,Billing & Payments,cancel,True
TK-251990,Product Enquiry,Product Enquiry,enquiry,False
TK-251992,Delivery & Shipping,Delivery & Shipping,not_delivered,False
TK-251994,Connectivity,Connectivity,connectivity,False
TK-251996,Account & Login,Billing & Payments,invoice,True
TK-251998,Other,Billing & Payments,dup_payment,True
TK-252000,App & Firmware,App & Firmware,app_firmware,False
TK-252001,Billing & Payments,Billing & Payments,invoice,False
TK-252002,Other,Warranty & Repair,warranty_repair,True
TK-252003,Other,Billing & Payments,cancel,True
TK-252004,Delivery & Shipping,Delivery & Shipping,not_delivered,False
TK-252005,Returns & Refunds,Returns & Refunds,refund_status,False
TK-252007,Connectivity,Delivery & Shipping,not_delivered,True
TK-252008,Charging & Battery,App & Firmware,app_firmware,True
TK-252010,Billing & Payments,Billing & Payments,dup_payment,False
TK-252012,Connectivity,Connectivity,connectivity,False
TK-252013,Connectivity,Connectivity,connectivity,False
TK-252014,Other,Product Enquiry,enquiry,True
TK-252016,Delivery & Shipping,Delivery & Shipping,not_delivered,False
TK-252017,Delivery & Shipping,Delivery & Shipping,not_delivered,False
TK-252018,Delivery & Shipping,Delivery & Shipping,not_delivered,False
TK-252020,Billing & Payments,Returns & Refunds,refund_status,True
TK-252022,Delivery & Shipping,Returns & Refunds,return_pickup,True
TK-252023,Delivery & Shipping,Delivery & Shipping,damaged_wrong,False
TK-252025,Other,Delivery & Shipping,not_delivered,True
TK-252026,App & Firmware,App & Firmware,app_firmware,False
TK-252028,Delivery & Shipping,Delivery & Shipping,damaged_wrong,False
TK-252029,Returns & Refunds,Delivery & Shipping,not_delivered,True
TK-252030,Delivery & Shipping,Delivery & Shipping,damaged_wrong,False
TK-252032,App & Firmware,App & Firmware,app_firmware,False
TK-252033,Delivery & Shipping,Delivery & Shipping,damaged_wrong,False
TK-252034,Billing & Payments,Billing & Payments,dup_payment,False
TK-252035,Delivery & Shipping,Delivery & Shipping,damaged_wrong,False
TK-252036,Delivery & Shipping,Delivery & Shipping,not_delivered,False
TK-252037,Charging & Battery,Charging & Battery,battery,False
TK-252038,Connectivity,Connectivity,connectivity,False
TK-252039,Returns & Refunds,Delivery & Shipping,not_delivered,True
TK-252040,Other,Warranty & Repair,warranty_repair,True
TK-252041,App & Firmware,Connectivity,connectivity,True
TK-252042,Audio Quality,Audio Quality,mic_issue,False
TK-252043,Delivery & Shipping,Returns & Refunds,return_pickup,True
TK-252044,Product Enquiry,Product Enquiry,enquiry,False
TK-252046,Delivery & Shipping,Delivery & Shipping,not_delivered,False
TK-252047,Other,Product Enquiry,enquiry,True
TK-252048,Billing & Payments,Billing & Payments,coupon,False
TK-252050,Product Enquiry,Product Enquiry,enquiry,False
TK-252051,Charging & Battery,Billing & Payments,dup_payment,True
TK-252052,Delivery & Shipping,App & Firmware,app_firmware,True
TK-252053,Other,Billing & Payments,cancel,True
TK-252054,Returns & Refunds,Returns & Refunds,return_pickup,False
TK-252055,App & Firmware,App & Firmware,app_firmware,False
TK-252056,Returns & Refunds,Returns & Refunds,refund_generic,False
TK-252057,Connectivity,Connectivity,connectivity,False
TK-252058,Warranty & Repair,Warranty & Repair,warranty_repair,False
TK-252059,Returns & Refunds,Returns & Refunds,refund_status,False
TK-252061,Delivery & Shipping,Delivery & Shipping,not_delivered,False
TK-252062,Delivery & Shipping,Delivery & Shipping,damaged_wrong,False
TK-252063,Delivery & Shipping,Delivery & Shipping,damaged_wrong,False
TK-252064,Delivery & Shipping,Delivery & Shipping,not_delivered,False
TK-252065,Connectivity,Connectivity,connectivity,False
TK-252066,Account & Login,Account & Login,login,False
TK-252067,Delivery & Shipping,Delivery & Shipping,not_delivered,False
TK-252069,Other,Delivery & Shipping,not_delivered,True
TK-252071,Delivery & Shipping,Delivery & Shipping,not_delivered,False
TK-252072,Delivery & Shipping,Delivery & Shipping,damaged_wrong,False
TK-252073,Connectivity,Connectivity,connectivity,False
TK-252075,Billing & Payments,Billing & Payments,dup_payment,False
TK-252076,Connectivity,Connectivity,connectivity,False
TK-252077,Audio Quality,Connectivity,connectivity,True
TK-252078,Delivery & Shipping,Delivery & Shipping,not_delivered,False
TK-252079,Connectivity,Connectivity,connectivity,False
TK-252080,Connectivity,Connectivity,connectivity,False
TK-252081,Delivery & Shipping,Delivery & Shipping,damaged_wrong,False
TK-252082,Returns & Refunds,Returns & Refunds,return_pickup,False
TK-252083,Delivery & Shipping,Delivery & Shipping,address_change,False
TK-252085,Returns & Refunds,Returns & Refunds,refund_status,False
TK-252086,Charging & Battery,Charging & Battery,battery,False
TK-252087,Other,Billing & Payments,cancel,True
TK-252088,App & Firmware,Delivery & Shipping,not_delivered,True
TK-252089,Account & Login,Account & Login,login,False
TK-252090,Charging & Battery,Charging & Battery,battery,False
TK-252091,Billing & Payments,Billing & Payments,dup_payment,False
TK-252092,Audio Quality,Audio Quality,audio,False
TK-252093,Billing & Payments,Billing & Payments,dup_payment,False
TK-252094,Account & Login,Account & Login,login,False
TK-252095,Delivery & Shipping,Delivery & Shipping,not_delivered,False
TK-252096,Other,Warranty & Repair,warranty_repair,True
TK-252097,Other,Delivery & Shipping,not_delivered,True
TK-252098,Delivery & Shipping,Delivery & Shipping,not_delivered,False
TK-252099,Delivery & Shipping,Delivery & Shipping,not_delivered,False
TK-252100,Delivery & Shipping,Delivery & Shipping,not_delivered,False
TK-252102,Billing & Payments,Billing & Payments,coupon,False
TK-252103,Connectivity,Connectivity,connectivity,False
TK-252105,App & Firmware,App & Firmware,app_firmware,False
TK-252107,Charging & Battery,Charging & Battery,battery,False
TK-252108,Delivery & Shipping,Delivery & Shipping,damaged_wrong,False
TK-252109,Returns & Refunds,Delivery & Shipping,damaged_wrong,True
TK-252110,Billing & Payments,Billing & Payments,dup_payment,False
TK-252112,Returns & Refunds,Returns & Refunds,return_pickup,False
TK-252113,Connectivity,App & Firmware,app_firmware,True
TK-252114,Connectivity,Connectivity,connectivity,False
TK-252115,Returns & Refunds,Returns & Refunds,return_pickup,False
TK-252116,Delivery & Shipping,Billing & Payments,dup_payment,True
TK-252117,Warranty & Repair,Other,unclassified,False
TK-252118,Charging & Battery,Charging & Battery,battery,False
TK-252119,Billing & Payments,Billing & Payments,dup_payment,False
TK-252120,Delivery & Shipping,Delivery & Shipping,not_delivered,False
TK-252121,Connectivity,Connectivity,connectivity,False
TK-252122,Billing & Payments,Returns & Refunds,refund_status,True
TK-252123,Account & Login,Account & Login,login,False
TK-252124,Charging & Battery,Charging & Battery,battery,False
TK-252125,App & Firmware,App & Firmware,app_firmware,False
TK-252127,Billing & Payments,Billing & Payments,invoice,False
TK-252128,Charging & Battery,Charging & Battery,battery,False
TK-252129,Other,Billing & Payments,invoice,True
TK-252130,Returns & Refunds,Returns & Refunds,return_pickup,False
TK-252131,Account & Login,Account & Login,login,False
TK-252132,Delivery & Shipping,Delivery & Shipping,damaged_wrong,False
TK-252133,Product Enquiry,Product Enquiry,enquiry,False
TK-252134,Connectivity,Connectivity,connectivity,False
TK-252135,Warranty & Repair,Warranty & Repair,warranty_repair,False
TK-252136,Warranty & Repair,Warranty & Repair,warranty_repair,False
TK-252137,Other,Billing & Payments,invoice,True
TK-252138,Billing & Payments,Billing & Payments,cancel,False
TK-252139,Account & Login,Billing & Payments,invoice,True
TK-252140,Billing & Payments,Billing & Payments,invoice,False
TK-252142,Other,Billing & Payments,dup_payment,True
TK-252143,Audio Quality,Audio Quality,audio,False
TK-252144,Returns & Refunds,Returns & Refunds,refund_generic,False
TK-252145,Other,Other,unclassified,False
TK-252146,Other,Other,unclassified,False
TK-252148,Billing & Payments,Billing & Payments,coupon,False
TK-252150,App & Firmware,Other,unclassified,False
TK-252152,Delivery & Shipping,Delivery & Shipping,not_delivered,False
TK-252153,Delivery & Shipping,Billing & Payments,cancel,True
TK-252155,App & Firmware,App & Firmware,app_firmware,False
TK-252156,Connectivity,Audio Quality,audio,True
TK-252158,Audio Quality,Audio Quality,audio,False
TK-252160,Billing & Payments,Billing & Payments,dup_payment,False
TK-252161,App & Firmware,Account & Login,login,True
TK-252162,Billing & Payments,Billing & Payments,dup_payment,False
TK-252164,Returns & Refunds,Returns & Refunds,return_pickup,False
TK-252166,Delivery & Shipping,Delivery & Shipping,not_delivered,False
TK-252167,Connectivity,Connectivity,connectivity,False
TK-252168,Audio Quality,Audio Quality,mic_issue,False
TK-252169,Returns & Refunds,Returns & Refunds,refund_status,False
TK-252170,Returns & Refunds,Returns & Refunds,return_pickup,False
TK-252171,Other,Connectivity,connectivity,True
TK-252173,Charging & Battery,Charging & Battery,battery,False
TK-252174,Audio Quality,Delivery & Shipping,damaged_wrong,True
TK-252175,Other,Billing & Payments,cancel,True
TK-252176,Audio Quality,Audio Quality,mic_issue,False
TK-252178,Charging & Battery,Charging & Battery,battery,False
TK-252179,Connectivity,Connectivity,connectivity,False
TK-252181,Other,Billing & Payments,cancel,True
TK-252182,Charging & Battery,Charging & Battery,battery,False
TK-252183,Billing & Payments,Returns & Refunds,refund_status,True
TK-252184,Account & Login,Account & Login,login,False
TK-252185,Other,Warranty & Repair,warranty_repair,True
TK-252186,Other,Other,unclassified,False
TK-252187,Warranty & Repair,Warranty & Repair,warranty_repair,False
TK-252189,App & Firmware,App & Firmware,app_firmware,False
TK-252190,Connectivity,App & Firmware,app_firmware,True
TK-252191,Returns & Refunds,Returns & Refunds,refund_status,False
TK-252192,Other,Delivery & Shipping,not_delivered,True
TK-252194,Delivery & Shipping,Delivery & Shipping,damaged_wrong,False
TK-252196,Product Enquiry,Product Enquiry,enquiry,False
TK-252197,Audio Quality,Audio Quality,audio,False
TK-252198,Charging & Battery,Charging & Battery,battery,False
TK-252199,Returns & Refunds,Returns & Refunds,return_pickup,False
TK-252200,Warranty & Repair,Warranty & Repair,warranty_repair,False
TK-252201,Delivery & Shipping,Delivery & Shipping,damaged_wrong,False
TK-252203,Other,Billing & Payments,dup_payment,True
TK-252205,Delivery & Shipping,Delivery & Shipping,not_delivered,False
TK-252207,Charging & Battery,Charging & Battery,battery,False
TK-252208,Delivery & Shipping,Delivery & Shipping,not_delivered,False
TK-252210,Billing & Payments,Billing & Payments,dup_payment,False
TK-252211,App & Firmware,App & Firmware,app_firmware,False
TK-252213,Audio Quality,Audio Quality,audio,False
TK-252214,Billing & Payments,Billing & Payments,dup_payment,False
TK-252215,Audio Quality,Audio Quality,audio,False
TK-252216,Connectivity,Connectivity,connectivity,False
TK-252218,App & Firmware,App & Firmware,app_firmware,False
TK-252220,Account & Login,Account & Login,login,False
TK-252221,Delivery & Shipping,Delivery & Shipping,not_delivered,False
TK-252222,Returns & Refunds,Returns & Refunds,refund_status,False
TK-252223,Audio Quality,Audio Quality,audio,False
TK-252225,Warranty & Repair,Warranty & Repair,warranty_repair,False
TK-252226,Other,Connectivity,connectivity,True
TK-252228,Other,Delivery & Shipping,not_delivered,True
TK-252229,Charging & Battery,Billing & Payments,dup_payment,True
TK-252231,Product Enquiry,Product Enquiry,enquiry,False
TK-252232,App & Firmware,App & Firmware,app_firmware,False
TK-252234,Other,Billing & Payments,cancel,True
TK-252235,Returns & Refunds,Returns & Refunds,refund_status,False
TK-252237,App & Firmware,App & Firmware,app_firmware,False
TK-252238,Billing & Payments,Billing & Payments,dup_payment,False
TK-252239,Account & Login,Account & Login,login,False
TK-252240,Connectivity,Connectivity,connectivity,False
TK-252241,Charging & Battery,Audio Quality,audio,True
TK-252242,Connectivity,Delivery & Shipping,not_delivered,True
TK-252243,Audio Quality,Connectivity,connectivity,True
TK-252244,Delivery & Shipping,Delivery & Shipping,not_delivered,False
TK-252245,Other,Billing & Payments,cancel,True
TK-252246,App & Firmware,App & Firmware,app_firmware,False
TK-252247,Connectivity,App & Firmware,app_firmware,True
TK-252248,Delivery & Shipping,Delivery & Shipping,not_delivered,False
TK-252249,Charging & Battery,Charging & Battery,battery,False
TK-252251,Billing & Payments,Billing & Payments,dup_payment,False
TK-252252,Other,Billing & Payments,cancel,True
TK-252254,Billing & Payments,Billing & Payments,dup_payment,False
TK-252256,Delivery & Shipping,Delivery & Shipping,not_delivered,False
TK-252258,Other,Connectivity,connectivity,True
TK-252259,Billing & Payments,Billing & Payments,coupon,False
TK-252261,Other,Billing & Payments,dup_payment,True
TK-252262,Delivery & Shipping,Billing & Payments,cancel,True
TK-252263,Delivery & Shipping,Billing & Payments,cancel,True
TK-252265,Other,Billing & Payments,cancel,True
TK-252267,Billing & Payments,Billing & Payments,invoice,False
TK-252268,Returns & Refunds,Returns & Refunds,return_pickup,False
TK-252269,Returns & Refunds,Returns & Refunds,refund_status,False
TK-252271,App & Firmware,App & Firmware,app_firmware,False
TK-252273,Product Enquiry,Other,unclassified,False
TK-252275,Delivery & Shipping,Delivery & Shipping,not_delivered,False
TK-252277,Other,Billing & Payments,cancel,True
TK-252279,Billing & Payments,Returns & Refunds,refund_status,True
TK-252281,Audio Quality,Audio Quality,audio,False
TK-252282,Account & Login,Account & Login,login,False
TK-252283,App & Firmware,App & Firmware,app_firmware,False
TK-252284,Connectivity,Connectivity,connectivity,False
TK-252285,Charging & Battery,Charging & Battery,battery,False
TK-252286,Other,App & Firmware,app_firmware,True
TK-252287,Other,Billing & Payments,cancel,True
TK-252288,Billing & Payments,Billing & Payments,dup_payment,False
TK-252289,Delivery & Shipping,Delivery & Shipping,not_delivered,False
TK-252291,Delivery & Shipping,Delivery & Shipping,not_delivered,False
TK-252292,Delivery & Shipping,Delivery & Shipping,not_delivered,False
TK-252294,Audio Quality,Audio Quality,audio,False
TK-252295,Delivery & Shipping,Billing & Payments,dup_payment,True
TK-252297,Delivery & Shipping,Returns & Refunds,return_pickup,True
TK-252299,Audio Quality,Audio Quality,audio,False
TK-252300,Delivery & Shipping,Billing & Payments,cancel,True
TK-252301,Audio Quality,Audio Quality,audio,False
TK-252302,App & Firmware,Charging & Battery,battery,True
TK-252303,App & Firmware,App & Firmware,app_firmware,False
TK-252304,Delivery & Shipping,Delivery & Shipping,not_delivered,False
TK-252305,Other,Delivery & Shipping,not_delivered,True
TK-252306,Billing & Payments,Other,unclassified,False
TK-252308,Delivery & Shipping,Delivery & Shipping,not_delivered,False
TK-252309,Other,Billing & Payments,invoice,True
TK-252310,Other,Billing & Payments,dup_payment,True
TK-252311,Billing & Payments,Billing & Payments,coupon,False
TK-252313,Connectivity,Connectivity,connectivity,False
TK-252315,App & Firmware,App & Firmware,app_firmware,False
TK-252317,Product Enquiry,Product Enquiry,enquiry,False
TK-252319,Audio Quality,Delivery & Shipping,damaged_wrong,True
TK-252320,Billing & Payments,Billing & Payments,coupon,False
TK-252321,App & Firmware,App & Firmware,app_firmware,False
TK-252322,Delivery & Shipping,Returns & Refunds,return_pickup,True
TK-252323,Other,Charging & Battery,battery,True
TK-252324,Delivery & Shipping,Delivery & Shipping,damaged_wrong,False
TK-252326,Returns & Refunds,Returns & Refunds,refund_status,False
TK-252328,Delivery & Shipping,Delivery & Shipping,not_delivered,False
TK-252329,Charging & Battery,Charging & Battery,battery,False
TK-252330,Delivery & Shipping,Delivery & Shipping,not_delivered,False
TK-252331,Charging & Battery,Delivery & Shipping,not_delivered,True
TK-252332,App & Firmware,App & Firmware,app_firmware,False
TK-252333,App & Firmware,Connectivity,connectivity,True
TK-252334,Other,Warranty & Repair,warranty_repair,True
TK-252335,Audio Quality,Audio Quality,audio,False
TK-252336,Product Enquiry,Product Enquiry,enquiry,False
TK-252337,Billing & Payments,Billing & Payments,invoice,False
TK-252339,Billing & Payments,Billing & Payments,dup_payment,False
TK-252340,App & Firmware,App & Firmware,app_firmware,False
TK-252342,Delivery & Shipping,Delivery & Shipping,not_delivered,False
TK-252343,Billing & Payments,Billing & Payments,invoice,False
TK-252344,App & Firmware,App & Firmware,app_firmware,False
TK-252345,Other,Delivery & Shipping,address_change,True
TK-252347,Returns & Refunds,Other,unclassified,False
TK-252348,Account & Login,Account & Login,login,False
TK-252349,Delivery & Shipping,Delivery & Shipping,not_delivered,False
TK-252350,Delivery & Shipping,Delivery & Shipping,not_delivered,False
TK-252351,Returns & Refunds,Returns & Refunds,return_pickup,False
TK-252352,Charging & Battery,Charging & Battery,battery,False
TK-252353,App & Firmware,Account & Login,login,True
TK-252354,Warranty & Repair,Warranty & Repair,warranty_repair,False
TK-252356,Audio Quality,Audio Quality,mic_issue,False
TK-252357,Product Enquiry,Product Enquiry,enquiry,False
TK-252358,App & Firmware,App & Firmware,app_firmware,False
TK-252360,Billing & Payments,Billing & Payments,coupon,False
TK-252361,Returns & Refunds,Delivery & Shipping,not_delivered,True
TK-252362,Billing & Payments,Billing & Payments,coupon,False
TK-252364,Audio Quality,Audio Quality,mic_issue,False
TK-252365,Delivery & Shipping,Delivery & Shipping,damaged_wrong,False
TK-252366,Charging & Battery,Billing & Payments,dup_payment,True
TK-252367,App & Firmware,App & Firmware,app_firmware,False
TK-252368,Connectivity,Connectivity,connectivity,False
TK-252369,Connectivity,Connectivity,connectivity,False
TK-252370,Delivery & Shipping,Delivery & Shipping,not_delivered,False
TK-252371,Warranty & Repair,Warranty & Repair,warranty_repair,False
TK-252372,App & Firmware,App & Firmware,app_firmware,False
TK-252373,Billing & Payments,Billing & Payments,dup_payment,False
TK-252374,Connectivity,Connectivity,connectivity,False
TK-252375,App & Firmware,App & Firmware,app_firmware,False
TK-252376,Delivery & Shipping,Delivery & Shipping,damaged_wrong,False
TK-252377,Connectivity,Connectivity,connectivity,False
TK-252378,Account & Login,Account & Login,login,False
TK-252379,Warranty & Repair,Warranty & Repair,warranty_repair,False
TK-252381,Returns & Refunds,Returns & Refunds,refund_status,False
TK-252383,Other,Billing & Payments,cancel,True
TK-252385,Connectivity,Connectivity,connectivity,False
TK-252386,Charging & Battery,Charging & Battery,battery,False
TK-252387,Other,Delivery & Shipping,address_change,True
TK-252389,Delivery & Shipping,Billing & Payments,dup_payment,True
TK-252390,Product Enquiry,Product Enquiry,enquiry,False
TK-252391,Charging & Battery,App & Firmware,app_firmware,True
TK-252392,Delivery & Shipping,Delivery & Shipping,not_delivered,False
TK-252394,Other,Billing & Payments,dup_payment,True
TK-252395,Returns & Refunds,Returns & Refunds,refund_status,False
TK-252397,Billing & Payments,Billing & Payments,coupon,False
TK-252398,Other,Audio Quality,audio,True
TK-252399,Billing & Payments,Billing & Payments,dup_payment,False
TK-252400,Returns & Refunds,Returns & Refunds,refund_status,False
TK-252401,Delivery & Shipping,Delivery & Shipping,not_delivered,False
TK-252402,Billing & Payments,Billing & Payments,dup_payment,False
TK-252403,Other,Billing & Payments,cancel,True
TK-252404,Delivery & Shipping,Delivery & Shipping,not_delivered,False
TK-252405,Charging & Battery,Warranty & Repair,warranty_repair,True
TK-252407,Charging & Battery,Charging & Battery,battery,False
TK-252408,Connectivity,Connectivity,connectivity,False
TK-252409,Returns & Refunds,Returns & Refunds,refund_status,False
TK-252410,Charging & Battery,Audio Quality,audio,True
TK-252411,Delivery & Shipping,Delivery & Shipping,damaged_wrong,False
TK-252412,Other,Audio Quality,mic_issue,True
TK-252413,Other,Billing & Payments,dup_payment,True
TK-252414,Product Enquiry,Product Enquiry,enquiry,False
TK-252415,Delivery & Shipping,Delivery & Shipping,not_delivered,False
TK-252416,Other,Billing & Payments,cancel,True
TK-252418,Returns & Refunds,Returns & Refunds,return_pickup,False
TK-252419,Charging & Battery,Returns & Refunds,refund_generic,True
TK-252420,Warranty & Repair,Warranty & Repair,warranty_repair,False
TK-252421,Returns & Refunds,Returns & Refunds,return_pickup,False
TK-252422,Returns & Refunds,Returns & Refunds,refund_status,False
TK-252423,Returns & Refunds,Returns & Refunds,refund_status,False
TK-252424,App & Firmware,App & Firmware,app_firmware,False
TK-252425,Billing & Payments,Billing & Payments,invoice,False
TK-252426,Billing & Payments,Billing & Payments,dup_payment,False
TK-252427,Delivery & Shipping,Delivery & Shipping,damaged_wrong,False
TK-252428,Charging & Battery,Audio Quality,audio,True
TK-252429,App & Firmware,Other,unclassified,False
TK-252431,Other,Billing & Payments,cancel,True
TK-252432,Billing & Payments,Billing & Payments,invoice,False
TK-252434,Audio Quality,Audio Quality,audio,False
TK-252435,Returns & Refunds,Returns & Refunds,refund_status,False
TK-252437,Delivery & Shipping,Delivery & Shipping,not_delivered,False
TK-252438,Delivery & Shipping,Delivery & Shipping,damaged_wrong,False
TK-252440,App & Firmware,App & Firmware,app_firmware,False
TK-252441,Delivery & Shipping,Delivery & Shipping,damaged_wrong,False
TK-252442,Other,App & Firmware,app_firmware,True
TK-252444,Audio Quality,Audio Quality,mic_issue,False
TK-252445,Warranty & Repair,Warranty & Repair,warranty_repair,False
TK-252446,Connectivity,App & Firmware,app_firmware,True
TK-252448,Product Enquiry,Product Enquiry,enquiry,False
TK-252449,Delivery & Shipping,Delivery & Shipping,not_delivered,False
TK-252450,Delivery & Shipping,Other,unclassified,False
TK-252451,Billing & Payments,Billing & Payments,coupon,False
TK-252452,Account & Login,Account & Login,login,False
TK-252454,Other,Connectivity,connectivity,True
TK-252455,Billing & Payments,Billing & Payments,invoice,False
TK-252456,Returns & Refunds,Returns & Refunds,refund_status,False
TK-252457,Charging & Battery,Charging & Battery,battery,False
TK-252459,Delivery & Shipping,Delivery & Shipping,not_delivered,False
TK-252460,App & Firmware,App & Firmware,app_firmware,False
TK-252462,Delivery & Shipping,Billing & Payments,cancel,True
TK-252463,Delivery & Shipping,Delivery & Shipping,damaged_wrong,False
TK-252464,Audio Quality,Audio Quality,audio,False
TK-252465,Charging & Battery,Charging & Battery,battery,False
TK-252466,App & Firmware,Delivery & Shipping,not_delivered,True
TK-252467,Charging & Battery,App & Firmware,app_firmware,True
TK-252468,Audio Quality,Audio Quality,audio,False
TK-252469,Other,Delivery & Shipping,address_change,True
TK-252470,Billing & Payments,Billing & Payments,cancel,False
TK-252472,Returns & Refunds,Returns & Refunds,refund_status,False
TK-252473,Charging & Battery,Charging & Battery,battery,False
TK-252474,Warranty & Repair,Warranty & Repair,warranty_repair,False
TK-252476,Delivery & Shipping,Delivery & Shipping,not_delivered,False
TK-252478,Connectivity,Connectivity,connectivity,False
TK-252480,Charging & Battery,Charging & Battery,battery,False
TK-252481,Audio Quality,Audio Quality,mic_issue,False
TK-252482,Connectivity,Connectivity,connectivity,False
TK-252483,Connectivity,Connectivity,connectivity,False
TK-252484,Other,Billing & Payments,dup_payment,True
TK-252486,Returns & Refunds,Returns & Refunds,refund_status,False
TK-252488,Other,Billing & Payments,dup_payment,True
TK-252489,Connectivity,App & Firmware,app_firmware,True
TK-252490,Other,Delivery & Shipping,not_delivered,True
TK-252491,App & Firmware,App & Firmware,app_firmware,False
TK-252492,App & Firmware,Connectivity,connectivity,True
TK-252493,App & Firmware,App & Firmware,app_firmware,False
TK-252494,Other,Billing & Payments,dup_payment,True
TK-252495,Connectivity,Connectivity,connectivity,False
TK-252496,Connectivity,Connectivity,connectivity,False
TK-252497,Warranty & Repair,Other,unclassified,False
TK-252498,Delivery & Shipping,Delivery & Shipping,not_delivered,False
TK-252500,Delivery & Shipping,Delivery & Shipping,not_delivered,False
TK-252501,App & Firmware,App & Firmware,app_firmware,False
TK-252502,Connectivity,Connectivity,connectivity,False
TK-252503,Other,Billing & Payments,cancel,True
TK-252504,Connectivity,Audio Quality,mic_issue,True
TK-252505,App & Firmware,App & Firmware,app_firmware,False
TK-252507,Returns & Refunds,Delivery & Shipping,damaged_wrong,True
TK-252508,Audio Quality,Audio Quality,audio,False
TK-252509,Connectivity,Audio Quality,audio,True
TK-252510,Delivery & Shipping,Delivery & Shipping,not_delivered,False
TK-252511,Connectivity,Connectivity,connectivity,False
TK-252512,Delivery & Shipping,Delivery & Shipping,damaged_wrong,False
TK-252514,Warranty & Repair,Warranty & Repair,warranty_repair,False
TK-252515,Charging & Battery,Charging & Battery,battery,False
TK-252516,Delivery & Shipping,Delivery & Shipping,not_delivered,False
TK-252517,Other,Product Enquiry,enquiry,True
TK-252518,Returns & Refunds,Returns & Refunds,return_pickup,False
TK-252519,Delivery & Shipping,Delivery & Shipping,damaged_wrong,False
TK-252520,Billing & Payments,Billing & Payments,dup_payment,False
TK-252521,Product Enquiry,Product Enquiry,enquiry,False
TK-252523,Billing & Payments,Returns & Refunds,refund_status,True
TK-252524,Returns & Refunds,Delivery & Shipping,not_delivered,True
TK-252525,Delivery & Shipping,Delivery & Shipping,damaged_wrong,False
TK-252526,Connectivity,Connectivity,connectivity,False
TK-252527,Other,Billing & Payments,cancel,True
TK-252529,Delivery & Shipping,Delivery & Shipping,not_delivered,False
TK-252530,Warranty & Repair,Warranty & Repair,warranty_repair,False
TK-252531,Connectivity,Connectivity,connectivity,False
TK-252532,Delivery & Shipping,Delivery & Shipping,not_delivered,False
TK-252534,Audio Quality,Audio Quality,audio,False
TK-252536,Billing & Payments,Returns & Refunds,refund_status,True
TK-252537,Other,Billing & Payments,cancel,True
TK-252539,Delivery & Shipping,Delivery & Shipping,not_delivered,False
TK-252540,Other,Billing & Payments,cancel,True
TK-252542,Billing & Payments,Billing & Payments,dup_payment,False
TK-252543,Product Enquiry,Product Enquiry,enquiry,False
TK-252544,Connectivity,Connectivity,connectivity,False
TK-252545,Audio Quality,Audio Quality,mic_issue,False
TK-252546,Charging & Battery,App & Firmware,app_firmware,True
TK-252547,Other,Billing & Payments,cancel,True
TK-252548,Other,Delivery & Shipping,not_delivered,True
TK-252549,Audio Quality,Audio Quality,audio,False
TK-252550,Billing & Payments,Billing & Payments,cancel,False
TK-252551,Warranty & Repair,Other,unclassified,False
TK-252553,Delivery & Shipping,Delivery & Shipping,not_delivered,False
TK-252554,Other,Delivery & Shipping,not_delivered,True
TK-252555,Returns & Refunds,Returns & Refunds,refund_status,False
TK-252556,Delivery & Shipping,Delivery & Shipping,damaged_wrong,False
TK-252557,Product Enquiry,Product Enquiry,enquiry,False
TK-252558,Delivery & Shipping,Billing & Payments,dup_payment,True
TK-252559,Other,Billing & Payments,cancel,True
TK-252560,App & Firmware,Charging & Battery,battery,True
TK-252562,Other,Charging & Battery,battery,True
TK-252564,Connectivity,Connectivity,connectivity,False
TK-252565,Audio Quality,Audio Quality,audio,False
TK-252567,Billing & Payments,Billing & Payments,invoice,False
TK-252568,Audio Quality,Audio Quality,mic_issue,False
TK-252569,Product Enquiry,Product Enquiry,enquiry,False
TK-252570,Returns & Refunds,Returns & Refunds,return_pickup,False
TK-252572,Charging & Battery,Charging & Battery,battery,False
TK-252573,Charging & Battery,Billing & Payments,dup_payment,True
TK-252574,App & Firmware,App & Firmware,app_firmware,False
TK-252575,Billing & Payments,Billing & Payments,dup_payment,False
TK-252576,Audio Quality,Audio Quality,audio,False
TK-252578,Delivery & Shipping,Delivery & Shipping,not_delivered,False
TK-252580,Returns & Refunds,Returns & Refunds,return_pickup,False
TK-252581,Warranty & Repair,Warranty & Repair,warranty_repair,False
TK-252582,Warranty & Repair,Warranty & Repair,warranty_repair,False
TK-252583,App & Firmware,App & Firmware,app_firmware,False
TK-252585,Billing & Payments,Billing & Payments,invoice,False
TK-252587,Other,Delivery & Shipping,not_delivered,True
TK-252588,Connectivity,Connectivity,connectivity,False
TK-252590,Delivery & Shipping,Delivery & Shipping,damaged_wrong,False
TK-252592,Returns & Refunds,Returns & Refunds,refund_status,False
TK-252593,App & Firmware,App & Firmware,app_firmware,False
TK-252594,Delivery & Shipping,Delivery & Shipping,damaged_wrong,False
TK-252595,Connectivity,App & Firmware,app_firmware,True
TK-252596,Product Enquiry,Product Enquiry,enquiry,False
TK-252597,Connectivity,Connectivity,connectivity,False
TK-252599,Delivery & Shipping,Delivery & Shipping,not_delivered,False
TK-252601,Connectivity,Connectivity,connectivity,False
TK-252602,Billing & Payments,Returns & Refunds,refund_status,True
TK-252603,Delivery & Shipping,Delivery & Shipping,not_delivered,False
TK-252604,Delivery & Shipping,Delivery & Shipping,damaged_wrong,False
TK-252605,Audio Quality,Audio Quality,audio,False
TK-252606,Returns & Refunds,Returns & Refunds,return_pickup,False
TK-252607,Charging & Battery,Charging & Battery,battery,False
TK-252608,Delivery & Shipping,Delivery & Shipping,not_delivered,False
TK-252609,Delivery & Shipping,Billing & Payments,dup_payment,True
TK-252611,Audio Quality,Audio Quality,mic_issue,False
TK-252612,Billing & Payments,Billing & Payments,dup_payment,False
TK-252613,Connectivity,Connectivity,connectivity,False
TK-252614,Warranty & Repair,Warranty & Repair,warranty_repair,False
TK-252615,Delivery & Shipping,Delivery & Shipping,not_delivered,False
TK-252616,Billing & Payments,Billing & Payments,dup_payment,False
TK-252617,Delivery & Shipping,Returns & Refunds,return_pickup,True
TK-252618,Connectivity,Connectivity,connectivity,False
TK-252619,Returns & Refunds,Returns & Refunds,return_pickup,False
TK-252621,Warranty & Repair,Warranty & Repair,warranty_repair,False
TK-252622,Other,Billing & Payments,cancel,True
TK-252623,Delivery & Shipping,Delivery & Shipping,not_delivered,False
TK-252625,Other,Billing & Payments,cancel,True
TK-252626,Delivery & Shipping,Delivery & Shipping,damaged_wrong,False
TK-252627,Billing & Payments,Returns & Refunds,refund_status,True
TK-252628,Billing & Payments,Connectivity,connectivity,True
TK-252630,Warranty & Repair,Warranty & Repair,warranty_repair,False
TK-252631,Account & Login,Account & Login,login,False
TK-252632,Delivery & Shipping,Delivery & Shipping,not_delivered,False
TK-252634,Product Enquiry,Product Enquiry,enquiry,False
TK-252636,Audio Quality,Delivery & Shipping,damaged_wrong,True
TK-252637,App & Firmware,App & Firmware,app_firmware,False
TK-252638,Warranty & Repair,Warranty & Repair,warranty_repair,False
TK-252639,Other,Delivery & Shipping,not_delivered,True
TK-252641,Charging & Battery,Charging & Battery,battery,False
TK-252642,Delivery & Shipping,Delivery & Shipping,damaged_wrong,False
TK-252643,Delivery & Shipping,Delivery & Shipping,not_delivered,False
TK-252644,Charging & Battery,App & Firmware,app_firmware,True
TK-252645,Connectivity,Connectivity,connectivity,False
TK-252646,Billing & Payments,Billing & Payments,dup_payment,False
TK-252647,Delivery & Shipping,Billing & Payments,dup_payment,True
TK-252649,Connectivity,Connectivity,connectivity,False
TK-252650,Delivery & Shipping,Delivery & Shipping,damaged_wrong,False
TK-252651,Billing & Payments,Connectivity,connectivity,True
TK-252652,Connectivity,Connectivity,connectivity,False
TK-252654,Delivery & Shipping,Delivery & Shipping,not_delivered,False
TK-252656,Other,Product Enquiry,enquiry,True
TK-252657,Warranty & Repair,Other,unclassified,False
TK-252658,App & Firmware,App & Firmware,app_firmware,False
TK-252660,Delivery & Shipping,Delivery & Shipping,address_change,False
TK-252661,App & Firmware,App & Firmware,app_firmware,False
TK-252662,Billing & Payments,Connectivity,connectivity,True
TK-252663,Charging & Battery,Charging & Battery,battery,False
TK-252664,Other,Billing & Payments,cancel,True
TK-252666,Other,Billing & Payments,cancel,True
TK-252668,Connectivity,Connectivity,connectivity,False
TK-252669,Account & Login,Account & Login,login,False
TK-252671,Charging & Battery,Other,unclassified,False
TK-252673,App & Firmware,Charging & Battery,battery,True
TK-252675,Returns & Refunds,Returns & Refunds,return_pickup,False
TK-252676,Delivery & Shipping,Delivery & Shipping,not_delivered,False
TK-252677,Other,Connectivity,connectivity,True
TK-252678,Other,App & Firmware,app_firmware,True
TK-252679,Returns & Refunds,Delivery & Shipping,not_delivered,True
TK-252680,Connectivity,Connectivity,connectivity,False
TK-252681,Warranty & Repair,Returns & Refunds,refund_generic,True
TK-252682,Audio Quality,Delivery & Shipping,damaged_wrong,True
TK-252684,Audio Quality,Audio Quality,audio,False
TK-252685,Other,Billing & Payments,cancel,True
TK-252686,Billing & Payments,Billing & Payments,coupon,False
TK-252687,Connectivity,Connectivity,connectivity,False
TK-252688,Other,Delivery & Shipping,not_delivered,True
TK-252689,Billing & Payments,Billing & Payments,invoice,False
TK-252691,App & Firmware,Account & Login,login,True
TK-252692,Billing & Payments,Returns & Refunds,refund_status,True
TK-252693,Warranty & Repair,Warranty & Repair,warranty_repair,False
TK-252694,Audio Quality,Audio Quality,audio,False
TK-252695,Connectivity,Connectivity,connectivity,False
TK-252696,Billing & Payments,Returns & Refunds,refund_status,True
TK-252697,Charging & Battery,App & Firmware,app_firmware,True
TK-252698,Other,Audio Quality,mic_issue,True
TK-252699,Other,Billing & Payments,cancel,True
TK-252700,Returns & Refunds,Delivery & Shipping,not_delivered,True
TK-252702,Billing & Payments,Billing & Payments,invoice,False
TK-252703,Charging & Battery,Charging & Battery,battery,False
TK-252704,Delivery & Shipping,Billing & Payments,dup_payment,True
TK-252705,Audio Quality,Audio Quality,audio,False
TK-252706,App & Firmware,Account & Login,login,True
TK-252707,Billing & Payments,Delivery & Shipping,not_delivered,True
TK-252708,Delivery & Shipping,Returns & Refunds,return_pickup,True
TK-252710,Other,Delivery & Shipping,address_change,True
TK-252711,Warranty & Repair,Warranty & Repair,warranty_repair,False
TK-252712,Returns & Refunds,Returns & Refunds,refund_status,False
TK-252714,Connectivity,App & Firmware,app_firmware,True
TK-252715,Warranty & Repair,Delivery & Shipping,damaged_wrong,True
TK-252716,Other,Billing & Payments,cancel,True
TK-252717,Other,Billing & Payments,cancel,True
TK-252718,Delivery & Shipping,Delivery & Shipping,not_delivered,False
TK-252720,Other,Audio Quality,mic_issue,True
TK-252721,Delivery & Shipping,Delivery & Shipping,damaged_wrong,False
TK-252722,Billing & Payments,Billing & Payments,coupon,False
TK-252724,Delivery & Shipping,Delivery & Shipping,not_delivered,False
TK-252725,Product Enquiry,Product Enquiry,enquiry,False
TK-252726,App & Firmware,Returns & Refunds,return_pickup,True
TK-252728,Returns & Refunds,Returns & Refunds,refund_status,False
TK-252729,Product Enquiry,Product Enquiry,enquiry,False
TK-252730,Audio Quality,Audio Quality,mic_issue,False
TK-252732,Billing & Payments,Billing & Payments,dup_payment,False
TK-252734,Billing & Payments,Billing & Payments,invoice,False
TK-252735,App & Firmware,App & Firmware,app_firmware,False
TK-252736,App & Firmware,App & Firmware,app_firmware,False
TK-252738,Warranty & Repair,Warranty & Repair,warranty_repair,False
TK-252739,Warranty & Repair,Warranty & Repair,warranty_repair,False
TK-252740,Billing & Payments,Billing & Payments,dup_payment,False
TK-252741,Other,Billing & Payments,cancel,True
TK-252742,Delivery & Shipping,Delivery & Shipping,damaged_wrong,False
TK-252743,Charging & Battery,Charging & Battery,battery,False
TK-252744,Product Enquiry,Product Enquiry,enquiry,False
TK-252745,App & Firmware,App & Firmware,app_firmware,False
TK-252746,Delivery & Shipping,Delivery & Shipping,damaged_wrong,False
TK-252747,Billing & Payments,Billing & Payments,dup_payment,False
TK-252748,Other,Product Enquiry,enquiry,True
TK-252750,Delivery & Shipping,Delivery & Shipping,not_delivered,False
TK-252751,Audio Quality,Audio Quality,audio,False
TK-252752,App & Firmware,App & Firmware,app_firmware,False
TK-252753,Connectivity,Audio Quality,audio,True
TK-252754,Returns & Refunds,Returns & Refunds,refund_status,False
TK-252755,Audio Quality,Audio Quality,audio,False
TK-252757,Other,Connectivity,connectivity,True
TK-252759,App & Firmware,App & Firmware,app_firmware,False
TK-252760,Charging & Battery,Charging & Battery,battery,False
TK-252761,Warranty & Repair,Warranty & Repair,warranty_repair,False
TK-252762,Charging & Battery,Billing & Payments,dup_payment,True
TK-252763,Billing & Payments,Billing & Payments,cancel,False
TK-252764,Account & Login,Billing & Payments,invoice,True
TK-252765,Billing & Payments,Other,unclassified,False
TK-252766,Audio Quality,Audio Quality,audio,False
TK-252767,Billing & Payments,Billing & Payments,coupon,False
TK-252769,Connectivity,App & Firmware,app_firmware,True
TK-252771,Audio Quality,Other,unclassified,False
TK-252773,Audio Quality,Audio Quality,audio,False
TK-252774,Billing & Payments,Billing & Payments,dup_payment,False
TK-252776,Returns & Refunds,Returns & Refunds,refund_status,False
TK-252777,Charging & Battery,App & Firmware,app_firmware,True
TK-252778,Delivery & Shipping,Billing & Payments,dup_payment,True
TK-252779,Connectivity,Connectivity,connectivity,False
TK-252781,Billing & Payments,Billing & Payments,dup_payment,False
TK-252782,Delivery & Shipping,Delivery & Shipping,damaged_wrong,False
TK-252783,Connectivity,Connectivity,connectivity,False
TK-252784,Delivery & Shipping,Delivery & Shipping,not_delivered,False
TK-252786,Delivery & Shipping,Delivery & Shipping,not_delivered,False
TK-252787,Warranty & Repair,Warranty & Repair,warranty_repair,False
TK-252788,Other,Delivery & Shipping,not_delivered,True
TK-252790,Billing & Payments,Billing & Payments,dup_payment,False
TK-252792,Delivery & Shipping,Returns & Refunds,return_pickup,True
TK-252793,Delivery & Shipping,Billing & Payments,dup_payment,True
TK-252794,Other,Delivery & Shipping,not_delivered,True
TK-252795,Charging & Battery,Other,unclassified,False
TK-252797,Product Enquiry,Product Enquiry,enquiry,False
TK-252798,Billing & Payments,Charging & Battery,battery,True
TK-252800,Delivery & Shipping,Delivery & Shipping,not_delivered,False
TK-252801,Product Enquiry,Product Enquiry,enquiry,False
TK-252802,Other,Billing & Payments,cancel,True
TK-252803,Other,Billing & Payments,dup_payment,True
TK-252805,Other,Warranty & Repair,warranty_repair,True
TK-252806,Audio Quality,Audio Quality,audio,False
TK-252807,Charging & Battery,Charging & Battery,battery,False
TK-252808,Delivery & Shipping,Delivery & Shipping,not_delivered,False
TK-252809,Delivery & Shipping,Delivery & Shipping,not_delivered,False
TK-252811,Billing & Payments,Billing & Payments,invoice,False
TK-252813,Charging & Battery,Charging & Battery,battery,False
TK-252814,Delivery & Shipping,Billing & Payments,dup_payment,True
TK-252815,Returns & Refunds,Delivery & Shipping,damaged_wrong,True
TK-252816,Other,Product Enquiry,enquiry,True
TK-252817,Charging & Battery,Charging & Battery,battery,False
TK-252818,Audio Quality,Audio Quality,audio,False
TK-252819,Returns & Refunds,Returns & Refunds,return_pickup,False
TK-252820,App & Firmware,App & Firmware,app_firmware,False
TK-252821,Audio Quality,Audio Quality,audio,False
TK-252823,Connectivity,Connectivity,connectivity,False
TK-252824,Returns & Refunds,Returns & Refunds,return_pickup,False
TK-252825,Billing & Payments,Billing & Payments,dup_payment,False
TK-252827,Billing & Payments,Billing & Payments,dup_payment,False
TK-252829,Connectivity,Connectivity,connectivity,False
TK-252830,Delivery & Shipping,Delivery & Shipping,not_delivered,False
TK-252831,Connectivity,Connectivity,connectivity,False
TK-252833,App & Firmware,App & Firmware,app_firmware,False
TK-252834,Delivery & Shipping,Delivery & Shipping,address_change,False
TK-252836,Returns & Refunds,Returns & Refunds,refund_status,False
TK-252837,Connectivity,Connectivity,connectivity,False
TK-252838,Product Enquiry,Product Enquiry,enquiry,False
TK-252839,Delivery & Shipping,Billing & Payments,cancel,True
TK-252840,Returns & Refunds,Returns & Refunds,refund_status,False
TK-252842,Billing & Payments,Billing & Payments,dup_payment,False
TK-252843,Billing & Payments,Billing & Payments,dup_payment,False
TK-252845,Returns & Refunds,Delivery & Shipping,not_delivered,True
TK-252846,Charging & Battery,Audio Quality,audio,True
TK-252848,Other,Billing & Payments,cancel,True
TK-252850,App & Firmware,App & Firmware,app_firmware,False
TK-252851,Returns & Refunds,Returns & Refunds,return_pickup,False
TK-252852,Delivery & Shipping,Delivery & Shipping,not_delivered,False
TK-252853,Delivery & Shipping,Delivery & Shipping,not_delivered,False
TK-252855,Billing & Payments,Billing & Payments,dup_payment,False
TK-252856,Charging & Battery,Audio Quality,audio,True
TK-252857,Product Enquiry,Product Enquiry,enquiry,False
TK-252858,Billing & Payments,Billing & Payments,dup_payment,False
TK-252859,Billing & Payments,Billing & Payments,dup_payment,False
TK-252860,App & Firmware,App & Firmware,app_firmware,False
TK-252861,Returns & Refunds,Returns & Refunds,refund_status,False
TK-252862,Delivery & Shipping,Delivery & Shipping,not_delivered,False
TK-252863,Product Enquiry,Product Enquiry,enquiry,False
TK-252864,Other,Warranty & Repair,warranty_repair,True
TK-252865,Product Enquiry,Product Enquiry,enquiry,False
TK-252866,Product Enquiry,Product Enquiry,enquiry,False
TK-252867,Delivery & Shipping,Delivery & Shipping,not_delivered,False
TK-252869,Returns & Refunds,Returns & Refunds,return_pickup,False
TK-252870,Connectivity,Audio Quality,audio,True
TK-252872,Charging & Battery,Charging & Battery,battery,False
TK-252874,Connectivity,Connectivity,connectivity,False
TK-252875,Delivery & Shipping,Delivery & Shipping,not_delivered,False
TK-252877,Connectivity,Audio Quality,audio,True
TK-252879,Connectivity,Connectivity,connectivity,False
TK-252880,Other,Delivery & Shipping,not_delivered,True
TK-252881,Delivery & Shipping,Delivery & Shipping,not_delivered,False
TK-252882,Audio Quality,Audio Quality,audio,False
TK-252883,Billing & Payments,Billing & Payments,dup_payment,False
TK-252884,Other,Product Enquiry,enquiry,True
TK-252885,Other,Delivery & Shipping,not_delivered,True
TK-252886,Delivery & Shipping,Billing & Payments,dup_payment,True
TK-252887,Delivery & Shipping,Delivery & Shipping,not_delivered,False
TK-252888,Charging & Battery,Charging & Battery,battery,False
TK-252889,Returns & Refunds,Returns & Refunds,return_pickup,False
TK-252890,Product Enquiry,Product Enquiry,enquiry,False
TK-252891,Connectivity,Connectivity,connectivity,False
TK-252892,Audio Quality,Delivery & Shipping,damaged_wrong,True
TK-252893,App & Firmware,Charging & Battery,battery,True
TK-252894,Charging & Battery,Charging & Battery,battery,False
TK-252895,Other,Connectivity,connectivity,True
TK-252896,Charging & Battery,Billing & Payments,dup_payment,True
TK-252897,App & Firmware,App & Firmware,app_firmware,False
TK-252898,Returns & Refunds,Returns & Refunds,refund_status,False
TK-252899,Other,Product Enquiry,enquiry,True
TK-252900,Charging & Battery,Charging & Battery,battery,False
TK-252902,Returns & Refunds,Returns & Refunds,refund_status,False
TK-252903,Audio Quality,Audio Quality,audio,False
TK-252904,Delivery & Shipping,Delivery & Shipping,not_delivered,False
TK-252906,App & Firmware,Connectivity,connectivity,True
TK-252907,Audio Quality,Audio Quality,audio,False
TK-252908,Billing & Payments,Billing & Payments,coupon,False
TK-252910,Delivery & Shipping,Delivery & Shipping,not_delivered,False
TK-252911,Account & Login,Billing & Payments,invoice,True
TK-252913,Delivery & Shipping,Delivery & Shipping,not_delivered,False
TK-252914,Returns & Refunds,Returns & Refunds,return_pickup,False
TK-252915,Charging & Battery,Audio Quality,audio,True
TK-252917,Delivery & Shipping,Delivery & Shipping,not_delivered,False
TK-252918,Connectivity,App & Firmware,app_firmware,True
TK-252919,Audio Quality,Audio Quality,mic_issue,False
TK-252921,Audio Quality,Audio Quality,audio,False
TK-252923,Billing & Payments,Billing & Payments,dup_payment,False
TK-252925,Audio Quality,Audio Quality,audio,False
TK-252926,Billing & Payments,Billing & Payments,dup_payment,False
TK-252927,Product Enquiry,Product Enquiry,enquiry,False
TK-252928,Audio Quality,Audio Quality,audio,False
TK-252930,Other,Audio Quality,audio,True
TK-252931,Delivery & Shipping,Returns & Refunds,return_pickup,True
TK-252932,Audio Quality,Audio Quality,audio,False
TK-252933,Product Enquiry,Product Enquiry,enquiry,False
TK-252935,Charging & Battery,Charging & Battery,battery,False
TK-252936,Billing & Payments,Returns & Refunds,refund_generic,True
TK-252937,Billing & Payments,Other,unclassified,False
TK-252938,Delivery & Shipping,Delivery & Shipping,not_delivered,False
TK-252940,Other,Billing & Payments,dup_payment,True
TK-252941,Connectivity,App & Firmware,app_firmware,True
TK-252942,Billing & Payments,Billing & Payments,dup_payment,False
TK-252943,Other,Billing & Payments,dup_payment,True
TK-252944,Product Enquiry,Product Enquiry,enquiry,False
TK-252945,Other,Delivery & Shipping,address_change,True
TK-252946,Returns & Refunds,Returns & Refunds,return_pickup,False
TK-252948,Connectivity,App & Firmware,app_firmware,True
TK-252949,Delivery & Shipping,Billing & Payments,cancel,True
TK-252950,Billing & Payments,Billing & Payments,dup_payment,False
TK-252951,Charging & Battery,Charging & Battery,battery,False
TK-252952,Delivery & Shipping,Delivery & Shipping,damaged_wrong,False
TK-252954,Delivery & Shipping,Returns & Refunds,return_pickup,True
TK-252955,Billing & Payments,Billing & Payments,dup_payment,False
TK-252956,App & Firmware,Connectivity,connectivity,True
TK-252958,Returns & Refunds,Delivery & Shipping,damaged_wrong,True
TK-252959,Account & Login,Account & Login,login,False
TK-252961,Connectivity,Connectivity,connectivity,False
TK-252962,Product Enquiry,Product Enquiry,enquiry,False
TK-252963,Delivery & Shipping,Returns & Refunds,return_pickup,True
TK-252964,Product Enquiry,Product Enquiry,enquiry,False
TK-252965,Billing & Payments,Billing & Payments,dup_payment,False
TK-252966,Delivery & Shipping,Other,unclassified,False
TK-252967,Delivery & Shipping,Delivery & Shipping,damaged_wrong,False
TK-252968,Other,Delivery & Shipping,not_delivered,True
TK-252970,Connectivity,Connectivity,connectivity,False
TK-252971,Returns & Refunds,Returns & Refunds,return_pickup,False
TK-252972,Other,Audio Quality,mic_issue,True
TK-252973,Billing & Payments,Billing & Payments,coupon,False
TK-252975,Warranty & Repair,Audio Quality,audio,True
TK-252977,Audio Quality,Audio Quality,audio,False
TK-252978,Connectivity,Connectivity,connectivity,False
TK-252979,Delivery & Shipping,Returns & Refunds,return_pickup,True
TK-252980,Account & Login,Account & Login,login,False
TK-252982,Other,Audio Quality,mic_issue,True
TK-252984,Returns & Refunds,Returns & Refunds,return_pickup,False
TK-252985,Product Enquiry,Product Enquiry,enquiry,False
TK-252986,Warranty & Repair,Warranty & Repair,warranty_repair,False
TK-252987,App & Firmware,Other,unclassified,False
TK-252988,Connectivity,Connectivity,connectivity,False
TK-252989,App & Firmware,Charging & Battery,battery,True
TK-252990,Returns & Refunds,Returns & Refunds,return_pickup,False
TK-252991,Audio Quality,Audio Quality,audio,False
TK-252992,Billing & Payments,Returns & Refunds,refund_generic,True
TK-252993,Audio Quality,Audio Quality,audio,False
TK-252994,Billing & Payments,App & Firmware,app_firmware,True
TK-252996,Billing & Payments,Billing & Payments,dup_payment,False
TK-252998,Billing & Payments,Billing & Payments,cancel,False
TK-253000,Connectivity,Connectivity,connectivity,False
TK-253002,App & Firmware,Charging & Battery,battery,True
TK-253003,Returns & Refunds,Returns & Refunds,refund_status,False
TK-253004,App & Firmware,App & Firmware,app_firmware,False
TK-253005,Delivery & Shipping,Delivery & Shipping,damaged_wrong,False
TK-253006,Delivery & Shipping,Delivery & Shipping,not_delivered,False
TK-253007,Warranty & Repair,Other,unclassified,False
TK-253009,Other,Billing & Payments,dup_payment,True
TK-253010,Charging & Battery,Charging & Battery,battery,False
TK-253011,Billing & Payments,Other,unclassified,False
TK-253012,Other,App & Firmware,app_firmware,True
TK-253014,Billing & Payments,Billing & Payments,invoice,False
TK-253015,Charging & Battery,Warranty & Repair,warranty_repair,True
TK-253016,Delivery & Shipping,Delivery & Shipping,not_delivered,False
TK-253017,Product Enquiry,Returns & Refunds,refund_generic,True
TK-253018,App & Firmware,App & Firmware,app_firmware,False
TK-253019,Other,Connectivity,connectivity,True
TK-253020,App & Firmware,Connectivity,connectivity,True
TK-253021,Charging & Battery,Billing & Payments,dup_payment,True
TK-253022,Product Enquiry,Product Enquiry,enquiry,False
TK-253023,Charging & Battery,Charging & Battery,battery,False
TK-253024,Connectivity,Connectivity,connectivity,False
TK-253025,Warranty & Repair,Warranty & Repair,warranty_repair,False
TK-253027,Delivery & Shipping,Delivery & Shipping,damaged_wrong,False
TK-253029,Delivery & Shipping,Delivery & Shipping,not_delivered,False
TK-253030,Connectivity,Connectivity,connectivity,False
TK-253032,Charging & Battery,Charging & Battery,battery,False
TK-253033,Connectivity,Connectivity,connectivity,False
TK-253035,App & Firmware,Charging & Battery,battery,True
TK-253036,Delivery & Shipping,Delivery & Shipping,not_delivered,False
TK-253037,Returns & Refunds,Delivery & Shipping,not_delivered,True
TK-253038,App & Firmware,App & Firmware,app_firmware,False
TK-253039,Other,Charging & Battery,battery,True
TK-253040,Billing & Payments,Billing & Payments,coupon,False
TK-253042,Billing & Payments,Billing & Payments,invoice,False
TK-253043,Other,Billing & Payments,cancel,True
TK-253045,Returns & Refunds,Delivery & Shipping,damaged_wrong,True
TK-253046,Warranty & Repair,Warranty & Repair,warranty_repair,False
TK-253047,Charging & Battery,App & Firmware,app_firmware,True
TK-253048,Connectivity,Connectivity,connectivity,False
TK-253049,Delivery & Shipping,Delivery & Shipping,not_delivered,False
TK-253050,Connectivity,App & Firmware,app_firmware,True
TK-253051,Warranty & Repair,Warranty & Repair,warranty_repair,False
TK-253052,Other,Billing & Payments,cancel,True
TK-253053,Delivery & Shipping,Delivery & Shipping,not_delivered,False
TK-253055,App & Firmware,App & Firmware,app_firmware,False
TK-253057,Returns & Refunds,Returns & Refunds,return_pickup,False
TK-253059,Connectivity,App & Firmware,app_firmware,True
TK-253061,Warranty & Repair,Warranty & Repair,warranty_repair,False
TK-253062,App & Firmware,App & Firmware,app_firmware,False
TK-253063,Billing & Payments,Returns & Refunds,refund_status,True
TK-253064,Returns & Refunds,Returns & Refunds,refund_status,False
TK-253065,Charging & Battery,App & Firmware,app_firmware,True
TK-253066,App & Firmware,Charging & Battery,battery,True
TK-253067,Account & Login,Account & Login,login,False
TK-253069,Delivery & Shipping,Delivery & Shipping,not_delivered,False
TK-253071,Billing & Payments,Billing & Payments,coupon,False
TK-253072,Charging & Battery,Charging & Battery,battery,False
TK-253073,Account & Login,Account & Login,login,False
TK-253074,Other,Audio Quality,audio,True
TK-253075,Billing & Payments,Billing & Payments,dup_payment,False
TK-253076,Returns & Refunds,Returns & Refunds,return_pickup,False
TK-253077,Delivery & Shipping,Billing & Payments,dup_payment,True
TK-253079,Charging & Battery,Charging & Battery,battery,False
TK-253080,App & Firmware,App & Firmware,app_firmware,False
TK-253082,Audio Quality,Audio Quality,mic_issue,False
TK-253083,Other,Delivery & Shipping,address_change,True
TK-253084,Charging & Battery,App & Firmware,app_firmware,True
TK-253085,Delivery & Shipping,Delivery & Shipping,not_delivered,False
TK-253087,Delivery & Shipping,Delivery & Shipping,not_delivered,False
TK-253088,Billing & Payments,Returns & Refunds,refund_status,True
TK-253089,Returns & Refunds,Delivery & Shipping,not_delivered,True
TK-253090,Other,Billing & Payments,cancel,True
TK-253091,Billing & Payments,Connectivity,connectivity,True
TK-253092,Other,Billing & Payments,dup_payment,True
TK-253093,Product Enquiry,Product Enquiry,enquiry,False
TK-253094,Charging & Battery,App & Firmware,app_firmware,True
TK-253095,Delivery & Shipping,Billing & Payments,dup_payment,True
TK-253096,Returns & Refunds,Delivery & Shipping,damaged_wrong,True
TK-253097,Audio Quality,Audio Quality,audio,False
TK-253098,Delivery & Shipping,App & Firmware,app_firmware,True
TK-253099,Charging & Battery,Charging & Battery,battery,False
TK-253100,App & Firmware,App & Firmware,app_firmware,False
TK-253101,App & Firmware,Account & Login,login,True
TK-253102,Delivery & Shipping,Delivery & Shipping,not_delivered,False
TK-253104,Other,Delivery & Shipping,not_delivered,True
TK-253105,Returns & Refunds,Returns & Refunds,refund_status,False
TK-253106,Other,Warranty & Repair,warranty_repair,True
TK-253108,App & Firmware,App & Firmware,app_firmware,False
TK-253109,Billing & Payments,Billing & Payments,dup_payment,False
TK-253111,Billing & Payments,Billing & Payments,invoice,False
TK-253113,Delivery & Shipping,Delivery & Shipping,not_delivered,False
TK-253114,Audio Quality,Audio Quality,audio,False
TK-253115,Other,Audio Quality,mic_issue,True
TK-253116,App & Firmware,App & Firmware,app_firmware,False
TK-253118,Warranty & Repair,Warranty & Repair,warranty_repair,False
TK-253120,Delivery & Shipping,Delivery & Shipping,not_delivered,False
TK-253122,Audio Quality,Delivery & Shipping,damaged_wrong,True
TK-253123,Delivery & Shipping,Delivery & Shipping,not_delivered,False
TK-253124,Billing & Payments,Billing & Payments,invoice,False
TK-253126,Billing & Payments,Billing & Payments,dup_payment,False
TK-253128,Delivery & Shipping,Delivery & Shipping,not_delivered,False
TK-253129,Delivery & Shipping,Delivery & Shipping,not_delivered,False
TK-253130,Connectivity,Connectivity,connectivity,False
TK-253131,Charging & Battery,Charging & Battery,battery,False
TK-253133,Delivery & Shipping,Billing & Payments,dup_payment,True
TK-253135,Other,Billing & Payments,dup_payment,True
TK-253136,Warranty & Repair,Warranty & Repair,warranty_repair,False
TK-253137,Billing & Payments,Billing & Payments,dup_payment,False
TK-253138,Returns & Refunds,Returns & Refunds,refund_status,False
TK-253139,Audio Quality,Audio Quality,audio,False
TK-253140,Billing & Payments,Returns & Refunds,refund_status,True
TK-253141,Billing & Payments,Returns & Refunds,refund_status,True
TK-253142,Connectivity,Connectivity,connectivity,False
TK-253144,Other,Other,unclassified,False
TK-253146,Warranty & Repair,Warranty & Repair,warranty_repair,False
TK-253148,Delivery & Shipping,Returns & Refunds,return_pickup,True
TK-253149,Account & Login,Billing & Payments,invoice,True
TK-253151,Billing & Payments,Billing & Payments,coupon,False
TK-253153,Connectivity,Connectivity,connectivity,False
TK-253154,Delivery & Shipping,Billing & Payments,cancel,True
TK-253155,Returns & Refunds,Returns & Refunds,refund_status,False
TK-253156,Delivery & Shipping,Delivery & Shipping,not_delivered,False
TK-253157,Delivery & Shipping,Delivery & Shipping,damaged_wrong,False
TK-253158,Other,Billing & Payments,cancel,True
TK-253159,Warranty & Repair,Other,unclassified,False
TK-253160,Billing & Payments,Billing & Payments,dup_payment,False
TK-253161,Billing & Payments,Returns & Refunds,refund_status,True
TK-253162,Returns & Refunds,Returns & Refunds,return_pickup,False
TK-253163,Billing & Payments,Billing & Payments,coupon,False
TK-253164,Account & Login,Account & Login,login,False
TK-253165,App & Firmware,App & Firmware,app_firmware,False
TK-253166,Other,Account & Login,login,True
TK-253168,Returns & Refunds,Returns & Refunds,return_pickup,False
TK-253170,Delivery & Shipping,Delivery & Shipping,not_delivered,False
TK-253171,Returns & Refunds,Returns & Refunds,refund_status,False
TK-253172,Product Enquiry,Product Enquiry,enquiry,False
TK-253173,Delivery & Shipping,Delivery & Shipping,damaged_wrong,False
TK-253174,Connectivity,App & Firmware,app_firmware,True
TK-253175,App & Firmware,App & Firmware,app_firmware,False
TK-253176,Returns & Refunds,Returns & Refunds,return_pickup,False
TK-253177,Charging & Battery,Billing & Payments,dup_payment,True
TK-253178,Other,Delivery & Shipping,address_change,True
TK-253179,App & Firmware,App & Firmware,app_firmware,False
TK-253180,Account & Login,Account & Login,login,False
TK-253182,Billing & Payments,Billing & Payments,dup_payment,False
TK-253183,Product Enquiry,Product Enquiry,enquiry,False
TK-253185,Connectivity,Connectivity,connectivity,False
TK-253186,Connectivity,Connectivity,connectivity,False
TK-253187,Connectivity,Connectivity,connectivity,False
TK-253188,Returns & Refunds,Delivery & Shipping,damaged_wrong,True
TK-253189,Delivery & Shipping,Delivery & Shipping,damaged_wrong,False
TK-253190,Other,Billing & Payments,cancel,True
TK-253191,Product Enquiry,Product Enquiry,enquiry,False
TK-253192,Returns & Refunds,Delivery & Shipping,not_delivered,True
TK-253193,Delivery & Shipping,Delivery & Shipping,not_delivered,False
TK-253194,App & Firmware,App & Firmware,app_firmware,False
TK-253196,Delivery & Shipping,Delivery & Shipping,not_delivered,False
TK-253198,Delivery & Shipping,Delivery & Shipping,not_delivered,False
TK-253200,Charging & Battery,Returns & Refunds,refund_generic,True
TK-253201,Account & Login,Account & Login,login,False
TK-253202,Audio Quality,Audio Quality,audio,False
TK-253203,Account & Login,Account & Login,login,False
TK-253205,Other,App & Firmware,app_firmware,True
TK-253206,Delivery & Shipping,Delivery & Shipping,not_delivered,False
TK-253207,Other,Delivery & Shipping,not_delivered,True
TK-253209,Audio Quality,Audio Quality,audio,False
TK-253210,Account & Login,Account & Login,login,False
TK-253211,Charging & Battery,Charging & Battery,battery,False
TK-253212,Billing & Payments,Billing & Payments,invoice,False
TK-253213,Connectivity,Connectivity,connectivity,False
TK-253214,Connectivity,Connectivity,connectivity,False
TK-253216,Billing & Payments,Returns & Refunds,refund_status,True
TK-253217,Returns & Refunds,Returns & Refunds,refund_status,False
TK-253218,Returns & Refunds,Returns & Refunds,return_pickup,False
TK-253219,Warranty & Repair,Other,unclassified,False
TK-253220,Other,Charging & Battery,battery,True
TK-253221,Product Enquiry,Product Enquiry,enquiry,False
TK-253222,Warranty & Repair,Warranty & Repair,warranty_repair,False
TK-253223,Billing & Payments,Billing & Payments,coupon,False
TK-253224,Other,Charging & Battery,battery,True
TK-253225,Product Enquiry,Product Enquiry,enquiry,False
TK-253226,Warranty & Repair,Warranty & Repair,warranty_repair,False
TK-253227,Billing & Payments,Billing & Payments,invoice,False
TK-253228,Connectivity,Connectivity,connectivity,False
TK-253229,Delivery & Shipping,Delivery & Shipping,damaged_wrong,False
TK-253230,App & Firmware,App & Firmware,app_firmware,False
TK-253231,Charging & Battery,Billing & Payments,dup_payment,True
TK-253232,App & Firmware,Connectivity,connectivity,True
TK-253233,Delivery & Shipping,Delivery & Shipping,not_delivered,False
TK-253235,Product Enquiry,Product Enquiry,enquiry,False
TK-253237,Delivery & Shipping,Delivery & Shipping,not_delivered,False
TK-253238,Connectivity,Connectivity,connectivity,False
TK-253239,Charging & Battery,Charging & Battery,battery,False
TK-253240,Connectivity,Connectivity,connectivity,False
TK-253241,Other,Billing & Payments,cancel,True
TK-253242,Other,Other,unclassified,False
TK-253243,Product Enquiry,Billing & Payments,coupon,True
TK-253244,Delivery & Shipping,Delivery & Shipping,damaged_wrong,False
TK-253245,Warranty & Repair,Warranty & Repair,warranty_repair,False
TK-253246,Returns & Refunds,Delivery & Shipping,damaged_wrong,True
TK-253247,Delivery & Shipping,Delivery & Shipping,not_delivered,False
TK-253248,Audio Quality,Audio Quality,audio,False
TK-253249,Delivery & Shipping,Billing & Payments,dup_payment,True
TK-253250,Other,Delivery & Shipping,address_change,True
TK-253251,Charging & Battery,App & Firmware,app_firmware,True
TK-253252,Audio Quality,Audio Quality,mic_issue,False
TK-253254,App & Firmware,App & Firmware,app_firmware,False
TK-253255,Delivery & Shipping,Delivery & Shipping,not_delivered,False
TK-253256,Charging & Battery,Returns & Refunds,return_pickup,True
TK-253257,Returns & Refunds,Returns & Refunds,refund_status,False
TK-253259,Connectivity,Audio Quality,audio,True
TK-253260,Returns & Refunds,Returns & Refunds,refund_status,False
TK-253262,Other,Delivery & Shipping,not_delivered,True
TK-253264,Other,Delivery & Shipping,not_delivered,True
TK-253265,Charging & Battery,App & Firmware,app_firmware,True
TK-253266,Warranty & Repair,Warranty & Repair,warranty_repair,False
TK-253267,Charging & Battery,Charging & Battery,battery,False
TK-253268,Charging & Battery,Charging & Battery,battery,False
TK-253269,Billing & Payments,Billing & Payments,dup_payment,False
TK-253271,Returns & Refunds,Returns & Refunds,refund_status,False
TK-253272,Other,Delivery & Shipping,not_delivered,True
TK-253273,Charging & Battery,Charging & Battery,battery,False
TK-253274,Warranty & Repair,Warranty & Repair,warranty_repair,False
TK-253275,App & Firmware,App & Firmware,app_firmware,False
TK-253277,Other,Charging & Battery,battery,True
TK-253278,Returns & Refunds,Delivery & Shipping,not_delivered,True
TK-253279,Returns & Refunds,Returns & Refunds,return_pickup,False
TK-253281,Charging & Battery,Charging & Battery,battery,False
TK-253282,Returns & Refunds,Returns & Refunds,return_pickup,False
TK-253283,Charging & Battery,App & Firmware,app_firmware,True
TK-253284,Warranty & Repair,Warranty & Repair,warranty_repair,False
TK-253285,App & Firmware,App & Firmware,app_firmware,False
TK-253287,Warranty & Repair,Other,unclassified,False
TK-253288,Audio Quality,Audio Quality,audio,False
TK-253289,Account & Login,Account & Login,login,False
TK-253290,Billing & Payments,Billing & Payments,dup_payment,False
TK-253291,Delivery & Shipping,Delivery & Shipping,damaged_wrong,False
TK-253292,Audio Quality,Audio Quality,audio,False
TK-253293,App & Firmware,App & Firmware,app_firmware,False
TK-253294,Delivery & Shipping,Delivery & Shipping,not_delivered,False
TK-253295,Connectivity,Connectivity,connectivity,False
TK-253296,Delivery & Shipping,Delivery & Shipping,not_delivered,False
TK-253297,Delivery & Shipping,Delivery & Shipping,not_delivered,False
TK-253298,Billing & Payments,Connectivity,connectivity,True
TK-253299,Other,Warranty & Repair,warranty_repair,True
TK-253300,Warranty & Repair,Warranty & Repair,warranty_repair,False
TK-253302,Billing & Payments,Billing & Payments,invoice,False
TK-253303,Returns & Refunds,Returns & Refunds,refund_generic,False
TK-253304,Delivery & Shipping,Delivery & Shipping,damaged_wrong,False
TK-253306,Delivery & Shipping,Delivery & Shipping,not_delivered,False
TK-253307,Connectivity,App & Firmware,app_firmware,True
TK-253309,Charging & Battery,Charging & Battery,battery,False
TK-253310,App & Firmware,App & Firmware,app_firmware,False
TK-253311,Delivery & Shipping,Delivery & Shipping,not_delivered,False
TK-253312,Audio Quality,Returns & Refunds,return_pickup,True
TK-253313,Charging & Battery,Charging & Battery,battery,False
TK-253315,Delivery & Shipping,Billing & Payments,dup_payment,True
TK-253317,Billing & Payments,Billing & Payments,coupon,False
TK-253319,Charging & Battery,Charging & Battery,battery,False
TK-253321,Other,Billing & Payments,dup_payment,True
TK-253322,Connectivity,Connectivity,connectivity,False
TK-253323,Billing & Payments,Billing & Payments,invoice,False
TK-253325,Other,Delivery & Shipping,address_change,True
TK-253326,Billing & Payments,Billing & Payments,dup_payment,False
TK-253327,Audio Quality,Audio Quality,audio,False
TK-253329,Warranty & Repair,Warranty & Repair,warranty_repair,False
TK-253330,Returns & Refunds,Returns & Refunds,refund_status,False
TK-253331,Billing & Payments,Billing & Payments,dup_payment,False
TK-253333,Delivery & Shipping,Delivery & Shipping,damaged_wrong,False
TK-253334,Delivery & Shipping,Delivery & Shipping,not_delivered,False
TK-253335,Delivery & Shipping,Billing & Payments,cancel,True
TK-253336,Returns & Refunds,Returns & Refunds,refund_status,False
TK-253337,Product Enquiry,Product Enquiry,enquiry,False
TK-253338,Other,Delivery & Shipping,not_delivered,True
TK-253339,Returns & Refunds,Delivery & Shipping,not_delivered,True
TK-253340,App & Firmware,App & Firmware,app_firmware,False
TK-253341,Delivery & Shipping,Returns & Refunds,return_pickup,True
TK-253343,Connectivity,Connectivity,connectivity,False
TK-253345,Delivery & Shipping,Delivery & Shipping,damaged_wrong,False
TK-253346,Audio Quality,Audio Quality,audio,False
TK-253347,Audio Quality,Audio Quality,audio,False
TK-253348,Audio Quality,Audio Quality,audio,False
TK-253349,Delivery & Shipping,Billing & Payments,dup_payment,True
TK-253350,Connectivity,Connectivity,connectivity,False
TK-253352,Warranty & Repair,Delivery & Shipping,damaged_wrong,True
TK-253353,Billing & Payments,Billing & Payments,dup_payment,False
TK-253354,Delivery & Shipping,Delivery & Shipping,not_delivered,False
TK-253355,Billing & Payments,Billing & Payments,dup_payment,False
TK-253356,Delivery & Shipping,Other,unclassified,False
TK-253357,Delivery & Shipping,Delivery & Shipping,damaged_wrong,False
TK-253358,Returns & Refunds,Returns & Refunds,refund_status,False
TK-253359,Delivery & Shipping,Delivery & Shipping,not_delivered,False
TK-253361,Delivery & Shipping,Returns & Refunds,return_pickup,True
TK-253363,Delivery & Shipping,Delivery & Shipping,not_delivered,False
TK-253364,Other,Delivery & Shipping,not_delivered,True
TK-253365,Audio Quality,Audio Quality,audio,False
TK-253366,Delivery & Shipping,Delivery & Shipping,not_delivered,False
TK-253368,Account & Login,Account & Login,login,False
TK-253370,Product Enquiry,Product Enquiry,enquiry,False
TK-253371,Connectivity,Connectivity,connectivity,False
TK-253372,Returns & Refunds,Returns & Refunds,return_pickup,False
TK-253373,Delivery & Shipping,Delivery & Shipping,not_delivered,False
TK-253374,Other,Billing & Payments,cancel,True
TK-253376,Delivery & Shipping,Delivery & Shipping,damaged_wrong,False
TK-253377,Charging & Battery,Charging & Battery,battery,False
TK-253379,Warranty & Repair,Warranty & Repair,warranty_repair,False
TK-253380,Other,Delivery & Shipping,address_change,True
TK-253381,Returns & Refunds,Returns & Refunds,refund_status,False
TK-253382,Other,Billing & Payments,invoice,True
TK-253384,Delivery & Shipping,Delivery & Shipping,not_delivered,False
TK-253385,Delivery & Shipping,Delivery & Shipping,not_delivered,False
TK-253386,Delivery & Shipping,Delivery & Shipping,not_delivered,False
TK-253387,Other,Delivery & Shipping,not_delivered,True
TK-253388,Billing & Payments,Billing & Payments,coupon,False
TK-253390,Delivery & Shipping,Delivery & Shipping,address_change,False
TK-253391,App & Firmware,App & Firmware,app_firmware,False
TK-253392,Warranty & Repair,Warranty & Repair,warranty_repair,False
TK-253393,Audio Quality,Audio Quality,audio,False
TK-253395,Billing & Payments,Billing & Payments,dup_payment,False
TK-253396,Delivery & Shipping,Delivery & Shipping,damaged_wrong,False
TK-253397,Delivery & Shipping,Delivery & Shipping,not_delivered,False
TK-253398,Billing & Payments,Returns & Refunds,refund_status,True
TK-253399,Other,Delivery & Shipping,not_delivered,True
TK-253400,Charging & Battery,Charging & Battery,battery,False
TK-253401,Delivery & Shipping,Delivery & Shipping,not_delivered,False
TK-253403,Delivery & Shipping,Delivery & Shipping,not_delivered,False
TK-253404,Delivery & Shipping,Delivery & Shipping,damaged_wrong,False
TK-253405,Delivery & Shipping,Delivery & Shipping,not_delivered,False
TK-253406,Account & Login,Billing & Payments,invoice,True
TK-253408,Charging & Battery,Charging & Battery,battery,False
TK-253410,Other,Product Enquiry,enquiry,True
TK-253412,Billing & Payments,Billing & Payments,coupon,False
TK-253414,Audio Quality,Audio Quality,audio,False
TK-253416,Audio Quality,Audio Quality,audio,False
TK-253418,Billing & Payments,Connectivity,connectivity,True
TK-253420,Connectivity,Connectivity,connectivity,False
TK-253422,Delivery & Shipping,Delivery & Shipping,not_delivered,False
TK-253423,Other,Billing & Payments,coupon,True
TK-253424,Other,Billing & Payments,cancel,True
TK-253425,Connectivity,Connectivity,connectivity,False
TK-253427,Product Enquiry,Product Enquiry,enquiry,False
TK-253428,Delivery & Shipping,Delivery & Shipping,damaged_wrong,False
TK-253429,Returns & Refunds,Returns & Refunds,refund_status,False
TK-253430,Audio Quality,Delivery & Shipping,damaged_wrong,True
TK-253431,Warranty & Repair,Warranty & Repair,warranty_repair,False
TK-253432,Billing & Payments,Billing & Payments,coupon,False
TK-253433,Connectivity,Audio Quality,audio,True
TK-253434,Connectivity,Connectivity,connectivity,False
TK-253435,Account & Login,Account & Login,login,False
TK-253436,Warranty & Repair,Warranty & Repair,warranty_repair,False
TK-253437,App & Firmware,Connectivity,connectivity,True
TK-253439,Warranty & Repair,Warranty & Repair,warranty_repair,False
TK-253441,Other,Delivery & Shipping,address_change,True
TK-253442,Delivery & Shipping,Delivery & Shipping,not_delivered,False
TK-253443,Billing & Payments,Connectivity,connectivity,True
TK-253444,Product Enquiry,Product Enquiry,enquiry,False
TK-253445,Connectivity,Audio Quality,mic_issue,True
TK-253446,Connectivity,Other,unclassified,False
TK-253448,Returns & Refunds,Returns & Refunds,refund_status,False
TK-253450,Delivery & Shipping,Delivery & Shipping,not_delivered,False
TK-253451,Other,Billing & Payments,cancel,True
TK-253453,Billing & Payments,Billing & Payments,dup_payment,False
TK-253454,Billing & Payments,Billing & Payments,coupon,False
TK-253455,Other,Audio Quality,mic_issue,True
TK-253456,Delivery & Shipping,Delivery & Shipping,not_delivered,False
TK-253457,Billing & Payments,Returns & Refunds,refund_status,True
TK-253458,Other,Charging & Battery,battery,True
TK-253460,Delivery & Shipping,Delivery & Shipping,not_delivered,False
TK-253461,Connectivity,Connectivity,connectivity,False
TK-253462,Connectivity,Connectivity,connectivity,False
TK-253463,Warranty & Repair,Warranty & Repair,warranty_repair,False
TK-253465,Delivery & Shipping,Delivery & Shipping,not_delivered,False
TK-253466,Returns & Refunds,Delivery & Shipping,not_delivered,True
TK-253468,Delivery & Shipping,Billing & Payments,cancel,True
TK-253469,Returns & Refunds,Returns & Refunds,refund_status,False
TK-253471,Charging & Battery,Charging & Battery,battery,False
TK-253472,Product Enquiry,Product Enquiry,enquiry,False
TK-253473,Audio Quality,Audio Quality,audio,False
TK-253474,Audio Quality,Audio Quality,audio,False
TK-253475,Charging & Battery,Charging & Battery,battery,False
TK-253476,Product Enquiry,Product Enquiry,enquiry,False
TK-253478,Returns & Refunds,Returns & Refunds,return_pickup,False
TK-253479,Connectivity,Connectivity,connectivity,False
TK-253480,App & Firmware,Other,unclassified,False
TK-253481,Other,Warranty & Repair,warranty_repair,True
TK-253482,Billing & Payments,Billing & Payments,dup_payment,False
TK-253483,Audio Quality,Audio Quality,audio,False
TK-253484,App & Firmware,App & Firmware,app_firmware,False
TK-253485,Other,Delivery & Shipping,not_delivered,True
TK-253487,Billing & Payments,Billing & Payments,dup_payment,False
TK-253488,Delivery & Shipping,Delivery & Shipping,damaged_wrong,False
TK-253490,Returns & Refunds,Returns & Refunds,refund_status,False
TK-253491,Account & Login,Account & Login,login,False
TK-253492,Delivery & Shipping,Delivery & Shipping,not_delivered,False
TK-253493,Connectivity,Connectivity,connectivity,False
TK-253494,Other,Connectivity,connectivity,True
TK-253495,Audio Quality,Audio Quality,audio,False
TK-253496,Delivery & Shipping,Delivery & Shipping,not_delivered,False
TK-253497,Returns & Refunds,Returns & Refunds,return_pickup,False
TK-253498,Charging & Battery,Charging & Battery,battery,False
TK-253499,Audio Quality,Returns & Refunds,refund_generic,True
TK-253500,Warranty & Repair,Delivery & Shipping,damaged_wrong,True
TK-253501,App & Firmware,App & Firmware,app_firmware,False
TK-253502,Product Enquiry,Product Enquiry,enquiry,False
TK-253503,Charging & Battery,Delivery & Shipping,not_delivered,True
TK-253504,Delivery & Shipping,Delivery & Shipping,not_delivered,False
TK-253505,Charging & Battery,Charging & Battery,battery,False
TK-253506,Warranty & Repair,Warranty & Repair,warranty_repair,False
TK-253507,Billing & Payments,Billing & Payments,dup_payment,False
TK-253508,Warranty & Repair,Warranty & Repair,warranty_repair,False
TK-253509,Returns & Refunds,Returns & Refunds,refund_status,False
TK-253511,Warranty & Repair,Warranty & Repair,warranty_repair,False
TK-253512,Delivery & Shipping,Delivery & Shipping,not_delivered,False
TK-253514,Connectivity,Connectivity,connectivity,False
TK-253515,Billing & Payments,Billing & Payments,coupon,False
TK-253517,Billing & Payments,Billing & Payments,dup_payment,False
TK-253518,Other,Charging & Battery,battery,True
TK-253520,Delivery & Shipping,Delivery & Shipping,damaged_wrong,False
TK-253521,App & Firmware,Connectivity,connectivity,True
TK-253523,Returns & Refunds,Returns & Refunds,return_pickup,False
TK-253524,App & Firmware,App & Firmware,app_firmware,False
TK-253525,Returns & Refunds,Returns & Refunds,refund_status,False
TK-253526,Returns & Refunds,Returns & Refunds,return_pickup,False
TK-253527,Returns & Refunds,Returns & Refunds,return_pickup,False
TK-253528,Product Enquiry,Product Enquiry,enquiry,False
TK-253529,Audio Quality,Connectivity,connectivity,True
TK-253530,Warranty & Repair,Audio Quality,audio,True
TK-253531,Billing & Payments,Billing & Payments,coupon,False
TK-253532,Other,Account & Login,login,True
TK-253533,Billing & Payments,Billing & Payments,dup_payment,False
TK-253535,Warranty & Repair,Warranty & Repair,warranty_repair,False
TK-253537,Connectivity,App & Firmware,app_firmware,True
TK-253538,Charging & Battery,Charging & Battery,battery,False
TK-253539,Charging & Battery,Charging & Battery,battery,False
TK-253540,Charging & Battery,Delivery & Shipping,not_delivered,True
TK-253541,Returns & Refunds,Returns & Refunds,return_pickup,False
TK-253542,Other,Warranty & Repair,warranty_repair,True
TK-253543,App & Firmware,App & Firmware,app_firmware,False
TK-253544,Other,Billing & Payments,cancel,True
TK-253546,Other,Connectivity,connectivity,True
TK-253548,Charging & Battery,App & Firmware,app_firmware,True
TK-253549,Other,Billing & Payments,dup_payment,True
TK-253550,Delivery & Shipping,Delivery & Shipping,not_delivered,False
TK-253551,Audio Quality,Audio Quality,audio,False
TK-253552,Product Enquiry,Product Enquiry,enquiry,False
TK-253554,Connectivity,Connectivity,connectivity,False
TK-253555,Connectivity,Connectivity,connectivity,False
TK-253556,Billing & Payments,Billing & Payments,dup_payment,False
TK-253557,Delivery & Shipping,Delivery & Shipping,not_delivered,False
TK-253559,Billing & Payments,Billing & Payments,invoice,False
TK-253560,Audio Quality,Delivery & Shipping,not_delivered,True
TK-253562,App & Firmware,App & Firmware,app_firmware,False
TK-253564,Connectivity,Connectivity,connectivity,False
TK-253565,Delivery & Shipping,Delivery & Shipping,not_delivered,False
TK-253567,Billing & Payments,Billing & Payments,coupon,False
TK-253569,App & Firmware,App & Firmware,app_firmware,False
TK-253570,Account & Login,Account & Login,login,False
TK-253571,Warranty & Repair,Warranty & Repair,warranty_repair,False
TK-253572,Billing & Payments,Billing & Payments,dup_payment,False
TK-253573,Other,Delivery & Shipping,not_delivered,True
TK-253574,App & Firmware,App & Firmware,app_firmware,False
TK-253575,Connectivity,Connectivity,connectivity,False
TK-253576,Returns & Refunds,Returns & Refunds,refund_status,False
TK-253577,Delivery & Shipping,Delivery & Shipping,not_delivered,False
TK-253578,Charging & Battery,Charging & Battery,battery,False
TK-253579,Product Enquiry,Product Enquiry,enquiry,False
TK-253580,Delivery & Shipping,Delivery & Shipping,not_delivered,False
TK-253581,Other,Connectivity,connectivity,True
TK-253582,App & Firmware,App & Firmware,app_firmware,False
TK-253583,App & Firmware,Connectivity,connectivity,True
TK-253585,Charging & Battery,Charging & Battery,battery,False
TK-253586,Charging & Battery,Billing & Payments,dup_payment,True
TK-253587,App & Firmware,App & Firmware,app_firmware,False
TK-253588,Product Enquiry,Product Enquiry,enquiry,False
TK-253589,Delivery & Shipping,Delivery & Shipping,not_delivered,False
TK-253590,Other,Charging & Battery,battery,True
TK-253591,Delivery & Shipping,Delivery & Shipping,not_delivered,False
TK-253593,Delivery & Shipping,Delivery & Shipping,damaged_wrong,False
TK-253594,Other,Connectivity,connectivity,True
TK-253595,Delivery & Shipping,Delivery & Shipping,not_delivered,False
TK-253597,Charging & Battery,Charging & Battery,battery,False
TK-253598,Other,Delivery & Shipping,not_delivered,True
TK-253599,Delivery & Shipping,Delivery & Shipping,damaged_wrong,False
TK-253600,Audio Quality,Audio Quality,audio,False
TK-253601,Returns & Refunds,Returns & Refunds,refund_status,False
TK-253602,Other,Billing & Payments,dup_payment,True
TK-253603,Product Enquiry,Product Enquiry,enquiry,False
TK-253604,Charging & Battery,Charging & Battery,battery,False
TK-253606,Billing & Payments,Billing & Payments,coupon,False
TK-253607,Product Enquiry,Product Enquiry,enquiry,False
TK-253608,Billing & Payments,Billing & Payments,invoice,False
TK-253609,Account & Login,Account & Login,login,False
TK-253610,Account & Login,Account & Login,login,False
TK-253611,Other,Connectivity,connectivity,True
TK-253612,Delivery & Shipping,Delivery & Shipping,not_delivered,False
TK-253613,Billing & Payments,Billing & Payments,dup_payment,False
TK-253614,Audio Quality,Audio Quality,mic_issue,False
TK-253615,Billing & Payments,Billing & Payments,dup_payment,False
TK-253616,Other,Charging & Battery,battery,True
TK-253617,Other,Delivery & Shipping,address_change,True
TK-253618,Delivery & Shipping,Delivery & Shipping,damaged_wrong,False
TK-253619,Product Enquiry,Product Enquiry,enquiry,False
TK-253620,Other,Billing & Payments,cancel,True
TK-253621,Billing & Payments,App & Firmware,app_firmware,True
TK-253622,Warranty & Repair,Delivery & Shipping,damaged_wrong,True
TK-253623,App & Firmware,App & Firmware,app_firmware,False
TK-253625,Delivery & Shipping,Delivery & Shipping,damaged_wrong,False
TK-253626,Audio Quality,Audio Quality,mic_issue,False
TK-253627,Charging & Battery,Audio Quality,audio,True
TK-253628,Delivery & Shipping,Delivery & Shipping,damaged_wrong,False
TK-253630,Delivery & Shipping,Billing & Payments,cancel,True
TK-253632,Warranty & Repair,Other,unclassified,False
TK-253633,Charging & Battery,Audio Quality,audio,True
TK-253635,App & Firmware,App & Firmware,app_firmware,False
TK-253636,Connectivity,Connectivity,connectivity,False
TK-253638,Connectivity,Connectivity,connectivity,False
TK-253640,Warranty & Repair,Other,unclassified,False
TK-253641,Delivery & Shipping,Delivery & Shipping,damaged_wrong,False
TK-253643,Delivery & Shipping,Delivery & Shipping,not_delivered,False
TK-253644,Delivery & Shipping,Delivery & Shipping,not_delivered,False
TK-253646,Other,Billing & Payments,cancel,True
TK-253648,Delivery & Shipping,Delivery & Shipping,not_delivered,False
TK-253649,Billing & Payments,Billing & Payments,dup_payment,False
TK-253650,Connectivity,Connectivity,connectivity,False
TK-253651,Other,Warranty & Repair,warranty_repair,True
TK-253653,Billing & Payments,Billing & Payments,dup_payment,False
TK-253654,Delivery & Shipping,Delivery & Shipping,not_delivered,False
TK-253655,App & Firmware,Connectivity,connectivity,True
TK-253656,Delivery & Shipping,Delivery & Shipping,not_delivered,False
TK-253657,App & Firmware,App & Firmware,app_firmware,False
TK-253658,Other,Delivery & Shipping,not_delivered,True
TK-253660,Other,Billing & Payments,cancel,True
TK-253662,Warranty & Repair,Other,unclassified,False
TK-253663,Delivery & Shipping,Delivery & Shipping,not_delivered,False
TK-253664,Connectivity,App & Firmware,app_firmware,True
TK-253665,Delivery & Shipping,Delivery & Shipping,not_delivered,False
TK-253666,Charging & Battery,Charging & Battery,battery,False
TK-253667,Charging & Battery,Charging & Battery,battery,False
TK-253668,Warranty & Repair,Other,unclassified,False
TK-253670,Billing & Payments,Connectivity,connectivity,True
TK-253672,Billing & Payments,Billing & Payments,dup_payment,False
TK-253673,Account & Login,Account & Login,login,False
TK-253674,Delivery & Shipping,Delivery & Shipping,not_delivered,False
TK-253675,Warranty & Repair,Other,unclassified,False
TK-253676,Delivery & Shipping,Delivery & Shipping,not_delivered,False
TK-253677,Other,Delivery & Shipping,not_delivered,True
TK-253679,Warranty & Repair,Warranty & Repair,warranty_repair,False
TK-253680,Connectivity,Connectivity,connectivity,False
TK-253682,Charging & Battery,Audio Quality,audio,True
TK-253683,App & Firmware,App & Firmware,app_firmware,False
TK-253684,Delivery & Shipping,Delivery & Shipping,not_delivered,False
TK-253685,Warranty & Repair,Delivery & Shipping,not_delivered,True
TK-253686,Delivery & Shipping,Delivery & Shipping,not_delivered,False
TK-253688,Charging & Battery,Charging & Battery,battery,False
TK-253689,Billing & Payments,Billing & Payments,coupon,False
TK-253691,App & Firmware,App & Firmware,app_firmware,False
TK-253692,Connectivity,Connectivity,connectivity,False
TK-253694,Other,Billing & Payments,cancel,True
TK-253696,Connectivity,Connectivity,connectivity,False
TK-253697,Billing & Payments,Billing & Payments,dup_payment,False
TK-253699,Audio Quality,Delivery & Shipping,damaged_wrong,True
TK-253700,Warranty & Repair,Warranty & Repair,warranty_repair,False
TK-253701,App & Firmware,App & Firmware,app_firmware,False
TK-253702,Connectivity,Connectivity,connectivity,False
TK-253703,Billing & Payments,Billing & Payments,invoice,False
TK-253704,Connectivity,Connectivity,connectivity,False
TK-253705,Billing & Payments,Billing & Payments,dup_payment,False
TK-253707,Charging & Battery,Billing & Payments,dup_payment,True
TK-253708,Account & Login,Account & Login,login,False
TK-253709,Delivery & Shipping,Delivery & Shipping,not_delivered,False
TK-253710,Billing & Payments,Billing & Payments,coupon,False
TK-253712,Other,Warranty & Repair,warranty_repair,True
TK-253714,Audio Quality,Audio Quality,audio,False
TK-253715,Warranty & Repair,Returns & Refunds,refund_generic,True
TK-253716,Product Enquiry,Product Enquiry,enquiry,False
TK-253718,Returns & Refunds,Returns & Refunds,refund_status,False
TK-253719,Audio Quality,Audio Quality,audio,False
TK-253721,Audio Quality,Audio Quality,audio,False
TK-253722,Warranty & Repair,Warranty & Repair,warranty_repair,False
TK-253723,Delivery & Shipping,Delivery & Shipping,not_delivered,False
TK-253725,Delivery & Shipping,Delivery & Shipping,not_delivered,False
TK-253726,Audio Quality,Returns & Refunds,return_pickup,True
TK-253727,Charging & Battery,Charging & Battery,battery,False
TK-253728,App & Firmware,App & Firmware,app_firmware,False
TK-253729,Audio Quality,Audio Quality,audio,False
TK-253730,Delivery & Shipping,Delivery & Shipping,damaged_wrong,False
TK-253731,Other,Delivery & Shipping,address_change,True
TK-253733,Audio Quality,Audio Quality,audio,False
TK-253734,Delivery & Shipping,Delivery & Shipping,not_delivered,False
TK-253735,Delivery & Shipping,Delivery & Shipping,not_delivered,False
TK-253736,Other,Warranty & Repair,warranty_repair,True
TK-253738,Delivery & Shipping,Delivery & Shipping,not_delivered,False
TK-253740,Delivery & Shipping,Billing & Payments,dup_payment,True
TK-253741,Account & Login,Account & Login,login,False
TK-253742,Connectivity,Delivery & Shipping,not_delivered,True
TK-253743,Other,Billing & Payments,coupon,True
TK-253744,Delivery & Shipping,Delivery & Shipping,not_delivered,False
TK-253746,Audio Quality,Audio Quality,audio,False
TK-253747,Connectivity,Connectivity,connectivity,False
TK-253748,Warranty & Repair,Warranty & Repair,warranty_repair,False
TK-253749,Returns & Refunds,Delivery & Shipping,damaged_wrong,True
TK-253750,Delivery & Shipping,Delivery & Shipping,address_change,False
TK-253751,App & Firmware,App & Firmware,app_firmware,False
TK-253752,Connectivity,Audio Quality,audio,True
TK-253753,App & Firmware,Connectivity,connectivity,True
TK-253755,Billing & Payments,Billing & Payments,invoice,False
TK-253756,Billing & Payments,Connectivity,connectivity,True
TK-253757,Charging & Battery,Charging & Battery,battery,False
TK-253759,App & Firmware,App & Firmware,app_firmware,False
TK-253760,Delivery & Shipping,Delivery & Shipping,not_delivered,False
TK-253761,Delivery & Shipping,Delivery & Shipping,damaged_wrong,False
TK-253763,Delivery & Shipping,Delivery & Shipping,not_delivered,False
TK-253764,Charging & Battery,Charging & Battery,battery,False
TK-253766,App & Firmware,App & Firmware,app_firmware,False
TK-253768,Charging & Battery,App & Firmware,app_firmware,True
TK-253770,Warranty & Repair,Other,unclassified,False
TK-253771,Warranty & Repair,Warranty & Repair,warranty_repair,False
TK-253772,Billing & Payments,Billing & Payments,coupon,False
TK-253773,App & Firmware,App & Firmware,app_firmware,False
TK-253775,Other,Product Enquiry,enquiry,True
TK-253776,App & Firmware,App & Firmware,app_firmware,False
TK-253777,Returns & Refunds,Returns & Refunds,return_pickup,False
TK-253778,Other,Connectivity,connectivity,True
TK-253780,Audio Quality,Audio Quality,audio,False
TK-253781,Delivery & Shipping,Delivery & Shipping,not_delivered,False
TK-253782,Product Enquiry,Product Enquiry,enquiry,False
TK-253783,Billing & Payments,Billing & Payments,dup_payment,False
TK-253784,Connectivity,Connectivity,connectivity,False
TK-253785,App & Firmware,App & Firmware,app_firmware,False
TK-253786,Connectivity,Connectivity,connectivity,False
TK-253787,Other,Delivery & Shipping,address_change,True
TK-253789,App & Firmware,App & Firmware,app_firmware,False
TK-253790,Delivery & Shipping,Delivery & Shipping,not_delivered,False
TK-253792,Returns & Refunds,Returns & Refunds,return_pickup,False
TK-253793,Connectivity,Connectivity,connectivity,False
TK-253794,Account & Login,Account & Login,login,False
TK-253796,Billing & Payments,Billing & Payments,invoice,False
TK-253797,App & Firmware,App & Firmware,app_firmware,False
TK-253798,Delivery & Shipping,Delivery & Shipping,not_delivered,False
TK-253799,Delivery & Shipping,Billing & Payments,dup_payment,True
TK-253800,Returns & Refunds,Returns & Refunds,refund_status,False
TK-253802,Charging & Battery,Charging & Battery,battery,False
TK-253803,Other,Connectivity,connectivity,True
TK-253804,Connectivity,Connectivity,connectivity,False
TK-253806,Warranty & Repair,Other,unclassified,False
TK-253807,App & Firmware,App & Firmware,app_firmware,False
TK-253808,Audio Quality,Audio Quality,mic_issue,False
TK-253810,Billing & Payments,Billing & Payments,coupon,False
TK-253811,Returns & Refunds,Returns & Refunds,return_pickup,False
TK-253813,Other,Delivery & Shipping,address_change,True
TK-253815,Account & Login,Account & Login,login,False
TK-253816,Returns & Refunds,Returns & Refunds,return_pickup,False
TK-253818,Delivery & Shipping,Delivery & Shipping,damaged_wrong,False
TK-253820,Charging & Battery,Charging & Battery,battery,False
TK-253821,Other,Warranty & Repair,warranty_repair,True
TK-253822,Connectivity,Connectivity,connectivity,False
TK-253823,Other,Billing & Payments,dup_payment,True
TK-253824,Billing & Payments,Billing & Payments,invoice,False
TK-253825,Delivery & Shipping,Delivery & Shipping,damaged_wrong,False
TK-253826,Delivery & Shipping,Billing & Payments,dup_payment,True
TK-253827,Billing & Payments,Billing & Payments,dup_payment,False
TK-253829,Other,Billing & Payments,cancel,True
TK-253831,Returns & Refunds,Returns & Refunds,refund_status,False
TK-253832,App & Firmware,Charging & Battery,battery,True
TK-253834,Charging & Battery,Charging & Battery,battery,False
TK-253836,Returns & Refunds,Returns & Refunds,refund_status,False
TK-253837,Billing & Payments,Billing & Payments,dup_payment,False
TK-253838,Delivery & Shipping,Delivery & Shipping,not_delivered,False
TK-253839,Returns & Refunds,Returns & Refunds,refund_status,False
TK-253840,Delivery & Shipping,Delivery & Shipping,not_delivered,False
TK-253842,Charging & Battery,Charging & Battery,battery,False
TK-253843,Other,Billing & Payments,cancel,True
TK-253845,Other,Billing & Payments,cancel,True
TK-253846,Other,Product Enquiry,enquiry,True
TK-253848,Connectivity,Connectivity,connectivity,False
TK-253850,Delivery & Shipping,Delivery & Shipping,not_delivered,False
TK-253851,Product Enquiry,Product Enquiry,enquiry,False
TK-253852,Delivery & Shipping,Delivery & Shipping,not_delivered,False
TK-253853,Delivery & Shipping,Delivery & Shipping,not_delivered,False
TK-253854,Audio Quality,Delivery & Shipping,not_delivered,True
TK-253855,Other,Delivery & Shipping,not_delivered,True
TK-253856,Warranty & Repair,Warranty & Repair,warranty_repair,False
TK-253857,Delivery & Shipping,Delivery & Shipping,not_delivered,False
TK-253858,Delivery & Shipping,Delivery & Shipping,damaged_wrong,False
TK-253859,Other,App & Firmware,app_firmware,True
TK-253860,Delivery & Shipping,Delivery & Shipping,damaged_wrong,False
TK-253861,Warranty & Repair,Audio Quality,audio,True
TK-253862,Product Enquiry,Product Enquiry,enquiry,False
TK-253864,App & Firmware,App & Firmware,app_firmware,False
TK-253865,Other,Warranty & Repair,warranty_repair,True
TK-253867,Other,Audio Quality,audio,True
TK-253868,Returns & Refunds,Returns & Refunds,return_pickup,False
TK-253869,Delivery & Shipping,Billing & Payments,dup_payment,True
TK-253870,App & Firmware,Account & Login,login,True
TK-253871,Charging & Battery,Charging & Battery,battery,False
TK-253872,App & Firmware,App & Firmware,app_firmware,False
TK-253873,Connectivity,Connectivity,connectivity,False
TK-253875,Billing & Payments,Billing & Payments,invoice,False
TK-253876,Returns & Refunds,Returns & Refunds,refund_status,False
TK-253877,Delivery & Shipping,Delivery & Shipping,damaged_wrong,False
TK-253879,Connectivity,Connectivity,connectivity,False
TK-253881,Product Enquiry,Product Enquiry,enquiry,False
TK-253883,App & Firmware,App & Firmware,app_firmware,False
TK-253884,Delivery & Shipping,Delivery & Shipping,not_delivered,False
TK-253886,Other,Billing & Payments,dup_payment,True
TK-253888,Delivery & Shipping,Delivery & Shipping,not_delivered,False
TK-253889,Delivery & Shipping,Delivery & Shipping,not_delivered,False
TK-253890,Billing & Payments,Billing & Payments,cancel,False
TK-253892,Billing & Payments,Returns & Refunds,refund_status,True
TK-253893,Other,Delivery & Shipping,not_delivered,True
TK-253894,Product Enquiry,Product Enquiry,enquiry,False
TK-253896,Billing & Payments,Billing & Payments,dup_payment,False
TK-253897,Billing & Payments,Billing & Payments,invoice,False
TK-253898,Audio Quality,Audio Quality,audio,False
TK-253899,Returns & Refunds,Returns & Refunds,return_pickup,False
TK-253900,Audio Quality,Audio Quality,mic_issue,False
TK-253901,Delivery & Shipping,Delivery & Shipping,not_delivered,False
TK-253902,Connectivity,Connectivity,connectivity,False
TK-253904,Returns & Refunds,Returns & Refunds,refund_status,False
TK-253905,Delivery & Shipping,Delivery & Shipping,not_delivered,False
TK-253906,Delivery & Shipping,Delivery & Shipping,not_delivered,False
TK-253907,Audio Quality,Audio Quality,audio,False
TK-253908,Other,Delivery & Shipping,not_delivered,True
TK-253909,Connectivity,Connectivity,connectivity,False
TK-253910,Delivery & Shipping,Delivery & Shipping,damaged_wrong,False
TK-253912,Product Enquiry,Product Enquiry,enquiry,False
TK-253914,Warranty & Repair,Warranty & Repair,warranty_repair,False
TK-253915,Returns & Refunds,Delivery & Shipping,damaged_wrong,True
TK-253916,Other,Returns & Refunds,refund_generic,True
TK-253918,Other,Billing & Payments,cancel,True
TK-253919,Product Enquiry,Product Enquiry,enquiry,False
TK-253920,Other,Delivery & Shipping,not_delivered,True
TK-253921,Connectivity,Connectivity,connectivity,False
TK-253922,App & Firmware,App & Firmware,app_firmware,False
TK-253923,Other,Warranty & Repair,warranty_repair,True
TK-253924,Audio Quality,Audio Quality,mic_issue,False
TK-253925,Delivery & Shipping,Delivery & Shipping,not_delivered,False
TK-253926,Delivery & Shipping,Delivery & Shipping,damaged_wrong,False
TK-253928,Returns & Refunds,Returns & Refunds,refund_status,False
TK-253929,Billing & Payments,Billing & Payments,dup_payment,False
TK-253931,Billing & Payments,Billing & Payments,dup_payment,False
TK-253932,Other,Billing & Payments,dup_payment,True
TK-253933,Delivery & Shipping,Delivery & Shipping,not_delivered,False
TK-253934,Other,Delivery & Shipping,address_change,True
TK-253936,Delivery & Shipping,Billing & Payments,dup_payment,True
TK-253937,Delivery & Shipping,Delivery & Shipping,not_delivered,False
TK-253938,Audio Quality,Delivery & Shipping,damaged_wrong,True
TK-253939,Audio Quality,Audio Quality,audio,False
TK-253940,Billing & Payments,Billing & Payments,invoice,False
TK-253942,Delivery & Shipping,Delivery & Shipping,damaged_wrong,False
TK-253943,App & Firmware,App & Firmware,app_firmware,False
TK-253944,Connectivity,Connectivity,connectivity,False
TK-253945,Billing & Payments,Billing & Payments,coupon,False
TK-253947,Connectivity,Connectivity,connectivity,False
TK-253949,Charging & Battery,Charging & Battery,battery,False
TK-253951,Charging & Battery,Charging & Battery,battery,False
TK-253953,Audio Quality,Audio Quality,audio,False
TK-253954,Returns & Refunds,Delivery & Shipping,not_delivered,True
TK-253956,Delivery & Shipping,Delivery & Shipping,damaged_wrong,False
TK-253957,Connectivity,Connectivity,connectivity,False
TK-253958,Delivery & Shipping,Delivery & Shipping,not_delivered,False
TK-253959,Warranty & Repair,Charging & Battery,battery,True
TK-253960,Connectivity,Connectivity,connectivity,False
TK-253961,Delivery & Shipping,Delivery & Shipping,damaged_wrong,False
TK-253962,Other,Billing & Payments,cancel,True
TK-253963,Account & Login,Account & Login,login,False
TK-253964,Billing & Payments,Billing & Payments,coupon,False
TK-253965,Audio Quality,Audio Quality,audio,False
TK-253966,Returns & Refunds,Returns & Refunds,refund_status,False
TK-253967,Delivery & Shipping,Delivery & Shipping,not_delivered,False
TK-253969,Billing & Payments,Billing & Payments,invoice,False
TK-253971,Other,Product Enquiry,enquiry,True
TK-253972,Delivery & Shipping,Delivery & Shipping,not_delivered,False
TK-253973,Other,Delivery & Shipping,not_delivered,True
TK-253974,Audio Quality,Returns & Refunds,refund_generic,True
TK-253976,App & Firmware,App & Firmware,app_firmware,False
TK-253977,Audio Quality,Audio Quality,audio,False
TK-253978,Audio Quality,Audio Quality,audio,False
TK-253980,Charging & Battery,App & Firmware,app_firmware,True
TK-253981,Returns & Refunds,Returns & Refunds,return_pickup,False
TK-253982,Billing & Payments,Billing & Payments,dup_payment,False
TK-253984,Charging & Battery,Charging & Battery,battery,False
TK-253985,Returns & Refunds,Returns & Refunds,return_pickup,False
TK-253986,Delivery & Shipping,Delivery & Shipping,not_delivered,False
TK-253988,Returns & Refunds,Returns & Refunds,return_pickup,False
TK-253989,Returns & Refunds,Returns & Refunds,return_pickup,False
TK-253990,Charging & Battery,Charging & Battery,battery,False
TK-253992,Other,Connectivity,connectivity,True
TK-253993,Audio Quality,Audio Quality,audio,False
TK-253995,Delivery & Shipping,Delivery & Shipping,damaged_wrong,False
TK-253996,Returns & Refunds,Returns & Refunds,refund_status,False
TK-253997,Other,Delivery & Shipping,not_delivered,True
TK-253998,Product Enquiry,Product Enquiry,enquiry,False
TK-253999,Billing & Payments,App & Firmware,app_firmware,True
TK-254000,Charging & Battery,Charging & Battery,battery,False
TK-254001,Returns & Refunds,Returns & Refunds,refund_status,False
TK-254003,Delivery & Shipping,Delivery & Shipping,damaged_wrong,False
TK-254004,Other,Product Enquiry,enquiry,True
TK-254005,Billing & Payments,Billing & Payments,invoice,False
TK-254006,Returns & Refunds,Returns & Refunds,return_pickup,False
TK-254007,Charging & Battery,Billing & Payments,dup_payment,True
TK-254008,Returns & Refunds,Returns & Refunds,refund_status,False
TK-254009,Charging & Battery,Charging & Battery,battery,False
TK-254010,App & Firmware,App & Firmware,app_firmware,False
TK-254011,Billing & Payments,Billing & Payments,cancel,False
TK-254012,Audio Quality,Audio Quality,audio,False
TK-254013,Delivery & Shipping,Delivery & Shipping,not_delivered,False
TK-254014,Warranty & Repair,Warranty & Repair,warranty_repair,False
TK-254015,Delivery & Shipping,Delivery & Shipping,damaged_wrong,False
TK-254016,Charging & Battery,App & Firmware,app_firmware,True
TK-254018,Delivery & Shipping,App & Firmware,app_firmware,True
TK-254019,Connectivity,Connectivity,connectivity,False
TK-254020,Other,Delivery & Shipping,not_delivered,True
TK-254022,Audio Quality,Audio Quality,audio,False
TK-254023,Billing & Payments,Billing & Payments,invoice,False
TK-254025,Billing & Payments,Billing & Payments,dup_payment,False
TK-254026,Product Enquiry,Billing & Payments,coupon,True
TK-254027,Charging & Battery,App & Firmware,app_firmware,True
TK-254028,Charging & Battery,Audio Quality,audio,True
TK-254029,Charging & Battery,App & Firmware,app_firmware,True
TK-254030,Connectivity,Connectivity,connectivity,False
TK-254031,Returns & Refunds,Returns & Refunds,return_pickup,False
TK-254033,Charging & Battery,Charging & Battery,battery,False
TK-254035,Warranty & Repair,Warranty & Repair,warranty_repair,False
TK-254036,Other,Charging & Battery,battery,True
TK-254038,Connectivity,Audio Quality,mic_issue,True
TK-254040,Delivery & Shipping,Delivery & Shipping,not_delivered,False
TK-254042,Other,Billing & Payments,cancel,True
TK-254043,Returns & Refunds,Returns & Refunds,return_pickup,False
TK-254044,Charging & Battery,Charging & Battery,battery,False
TK-254045,App & Firmware,App & Firmware,app_firmware,False
TK-254046,Warranty & Repair,Warranty & Repair,warranty_repair,False
TK-254047,Billing & Payments,Billing & Payments,dup_payment,False
TK-254048,Delivery & Shipping,Returns & Refunds,return_pickup,True
TK-254050,Audio Quality,Delivery & Shipping,not_delivered,True
TK-254052,Audio Quality,Other,unclassified,False
TK-254053,App & Firmware,App & Firmware,app_firmware,False
TK-254055,Billing & Payments,Other,unclassified,False
TK-254056,Returns & Refunds,Returns & Refunds,refund_status,False
TK-254057,Billing & Payments,Billing & Payments,invoice,False
TK-254058,Delivery & Shipping,Delivery & Shipping,not_delivered,False
TK-254059,Warranty & Repair,Warranty & Repair,warranty_repair,False
TK-254060,Warranty & Repair,Warranty & Repair,warranty_repair,False
TK-254061,Returns & Refunds,Delivery & Shipping,not_delivered,True
TK-254063,Billing & Payments,Billing & Payments,invoice,False
TK-254064,App & Firmware,Account & Login,login,True
TK-254065,Returns & Refunds,Returns & Refunds,refund_status,False
TK-254066,Charging & Battery,Charging & Battery,battery,False
TK-254067,Other,Charging & Battery,battery,True
TK-254068,Charging & Battery,Charging & Battery,battery,False
TK-254069,Returns & Refunds,Returns & Refunds,return_pickup,False
TK-254071,Billing & Payments,Billing & Payments,dup_payment,False
TK-254072,Other,Delivery & Shipping,not_delivered,True
TK-254074,Other,Delivery & Shipping,not_delivered,True
TK-254075,Delivery & Shipping,Delivery & Shipping,not_delivered,False
TK-254076,Account & Login,Account & Login,login,False
TK-254078,Audio Quality,Audio Quality,audio,False
TK-254079,Delivery & Shipping,Delivery & Shipping,not_delivered,False
TK-254080,Delivery & Shipping,Delivery & Shipping,not_delivered,False
TK-254081,Delivery & Shipping,Delivery & Shipping,damaged_wrong,False
TK-254082,Other,Product Enquiry,enquiry,True
TK-254084,Warranty & Repair,Warranty & Repair,warranty_repair,False
TK-254085,Returns & Refunds,Returns & Refunds,return_pickup,False
TK-254086,Charging & Battery,Charging & Battery,battery,False
TK-254088,Other,Warranty & Repair,warranty_repair,True
TK-254089,Connectivity,Connectivity,connectivity,False
TK-254090,Audio Quality,Audio Quality,audio,False
TK-254092,Warranty & Repair,Warranty & Repair,warranty_repair,False
TK-254093,Product Enquiry,Product Enquiry,enquiry,False
TK-254094,Other,Warranty & Repair,warranty_repair,True
TK-254095,Delivery & Shipping,Delivery & Shipping,not_delivered,False
TK-254096,Audio Quality,Audio Quality,mic_issue,False
TK-254097,App & Firmware,App & Firmware,app_firmware,False
TK-254098,Connectivity,Audio Quality,mic_issue,True
TK-254100,App & Firmware,Delivery & Shipping,not_delivered,True
TK-254102,Audio Quality,Audio Quality,audio,False
TK-254104,Other,Billing & Payments,dup_payment,True
TK-254105,Product Enquiry,Product Enquiry,enquiry,False
TK-254107,Other,Connectivity,connectivity,True
TK-254108,Delivery & Shipping,Delivery & Shipping,not_delivered,False
TK-254110,Charging & Battery,Delivery & Shipping,not_delivered,True
TK-254111,Product Enquiry,Product Enquiry,enquiry,False
TK-254113,Connectivity,Connectivity,connectivity,False
TK-254114,App & Firmware,App & Firmware,app_firmware,False
TK-254115,Audio Quality,Audio Quality,mic_issue,False
TK-254117,Returns & Refunds,Delivery & Shipping,damaged_wrong,True
TK-254118,Delivery & Shipping,Returns & Refunds,return_pickup,True
TK-254119,Returns & Refunds,Returns & Refunds,refund_status,False
TK-254120,Other,Connectivity,connectivity,True
TK-254121,Audio Quality,Audio Quality,mic_issue,False
TK-254122,Other,Delivery & Shipping,not_delivered,True
TK-254123,Charging & Battery,Charging & Battery,battery,False
TK-254124,Warranty & Repair,Warranty & Repair,warranty_repair,False
TK-254126,Other,Billing & Payments,dup_payment,True
TK-254128,App & Firmware,App & Firmware,app_firmware,False
TK-254129,Other,Other,unclassified,False
TK-254130,App & Firmware,App & Firmware,app_firmware,False
TK-254131,App & Firmware,App & Firmware,app_firmware,False
TK-254132,Audio Quality,Audio Quality,audio,False
TK-254133,Delivery & Shipping,Delivery & Shipping,not_delivered,False
TK-254134,App & Firmware,App & Firmware,app_firmware,False
TK-254136,Returns & Refunds,Returns & Refunds,refund_status,False
TK-254137,Delivery & Shipping,Delivery & Shipping,damaged_wrong,False
TK-254138,Warranty & Repair,Warranty & Repair,warranty_repair,False
TK-254140,Charging & Battery,Charging & Battery,battery,False
TK-254141,Delivery & Shipping,Delivery & Shipping,damaged_wrong,False
TK-254142,Delivery & Shipping,Delivery & Shipping,not_delivered,False
TK-254143,Delivery & Shipping,Delivery & Shipping,not_delivered,False
TK-254144,Delivery & Shipping,Delivery & Shipping,damaged_wrong,False
TK-254145,Billing & Payments,Billing & Payments,dup_payment,False
TK-254146,App & Firmware,App & Firmware,app_firmware,False
TK-254147,Audio Quality,Audio Quality,mic_issue,False
TK-254148,Delivery & Shipping,Delivery & Shipping,damaged_wrong,False
TK-254149,Warranty & Repair,App & Firmware,app_firmware,True
TK-254151,Delivery & Shipping,Billing & Payments,dup_payment,True
TK-254152,Billing & Payments,Billing & Payments,coupon,False
TK-254154,Connectivity,Audio Quality,audio,True
TK-254156,Delivery & Shipping,Delivery & Shipping,damaged_wrong,False
TK-254158,Other,Billing & Payments,cancel,True
TK-254159,Other,Connectivity,connectivity,True
TK-254160,Billing & Payments,App & Firmware,app_firmware,True
TK-254161,Other,Delivery & Shipping,not_delivered,True
TK-254162,Connectivity,Connectivity,connectivity,False
TK-254163,Audio Quality,Audio Quality,audio,False
TK-254165,Warranty & Repair,Warranty & Repair,warranty_repair,False
TK-254167,Warranty & Repair,Warranty & Repair,warranty_repair,False
TK-254168,Other,Billing & Payments,cancel,True
TK-254169,Connectivity,Delivery & Shipping,not_delivered,True
TK-254170,Charging & Battery,App & Firmware,app_firmware,True
TK-254171,Audio Quality,Audio Quality,mic_issue,False
TK-254172,Charging & Battery,Charging & Battery,battery,False
TK-254174,App & Firmware,App & Firmware,app_firmware,False
TK-254175,Connectivity,Connectivity,connectivity,False
TK-254176,Returns & Refunds,Returns & Refunds,refund_status,False
TK-254177,Billing & Payments,Billing & Payments,dup_payment,False
TK-254178,Warranty & Repair,Warranty & Repair,warranty_repair,False
TK-254179,Returns & Refunds,Returns & Refunds,refund_status,False
TK-254180,Connectivity,Connectivity,connectivity,False
TK-254181,Charging & Battery,Other,unclassified,False
TK-254182,Delivery & Shipping,Delivery & Shipping,not_delivered,False
TK-254183,Other,Delivery & Shipping,not_delivered,True
TK-254184,Billing & Payments,Returns & Refunds,refund_status,True
TK-254186,Delivery & Shipping,Delivery & Shipping,not_delivered,False
TK-254187,Delivery & Shipping,Delivery & Shipping,not_delivered,False
TK-254188,Billing & Payments,Billing & Payments,invoice,False
TK-254189,Warranty & Repair,Warranty & Repair,warranty_repair,False
TK-254191,Billing & Payments,Billing & Payments,dup_payment,False
TK-254193,Other,Billing & Payments,cancel,True
TK-254194,Delivery & Shipping,Delivery & Shipping,not_delivered,False
TK-254195,Other,Delivery & Shipping,not_delivered,True
TK-254196,Connectivity,Connectivity,connectivity,False
TK-254197,Delivery & Shipping,Delivery & Shipping,not_delivered,False
TK-254198,Returns & Refunds,Returns & Refunds,refund_status,False
TK-254199,Other,Audio Quality,mic_issue,True
TK-254200,Returns & Refunds,Returns & Refunds,refund_status,False
TK-254202,Audio Quality,Audio Quality,audio,False
TK-254203,Audio Quality,Audio Quality,audio,False
TK-254204,Account & Login,Account & Login,login,False
TK-254205,Other,Delivery & Shipping,not_delivered,True
TK-254206,Charging & Battery,Charging & Battery,battery,False
TK-254208,Other,Delivery & Shipping,damaged_wrong,True
TK-254209,App & Firmware,App & Firmware,app_firmware,False
TK-254210,Delivery & Shipping,Delivery & Shipping,damaged_wrong,False
TK-254212,App & Firmware,App & Firmware,app_firmware,False
TK-254213,Other,Account & Login,login,True
TK-254214,Other,Billing & Payments,cancel,True
TK-254216,Delivery & Shipping,Delivery & Shipping,damaged_wrong,False
TK-254217,Connectivity,Connectivity,connectivity,False
TK-254219,Other,Charging & Battery,battery,True
TK-254221,Charging & Battery,Charging & Battery,battery,False
TK-254223,App & Firmware,Returns & Refunds,refund_generic,True
TK-254224,Other,Connectivity,connectivity,True
TK-254225,Connectivity,Other,unclassified,False
TK-254226,Audio Quality,Audio Quality,audio,False
TK-254227,Warranty & Repair,Delivery & Shipping,damaged_wrong,True
TK-254229,Other,Billing & Payments,cancel,True
TK-254230,Other,Other,unclassified,False
TK-254232,Other,Billing & Payments,cancel,True
TK-254234,Returns & Refunds,Returns & Refunds,return_pickup,False
TK-254235,Delivery & Shipping,Delivery & Shipping,not_delivered,False
TK-254236,Connectivity,Connectivity,connectivity,False
TK-254237,Other,Warranty & Repair,warranty_repair,True
TK-254239,Connectivity,Connectivity,connectivity,False
TK-254240,Other,Delivery & Shipping,not_delivered,True
TK-254241,Returns & Refunds,Returns & Refunds,refund_status,False
TK-254242,Billing & Payments,Billing & Payments,coupon,False
TK-254244,Delivery & Shipping,Delivery & Shipping,not_delivered,False
TK-254245,Other,Billing & Payments,cancel,True
TK-254246,Audio Quality,Audio Quality,audio,False
TK-254247,Delivery & Shipping,Delivery & Shipping,not_delivered,False
TK-254249,Connectivity,Connectivity,connectivity,False
TK-254251,Connectivity,Connectivity,connectivity,False
TK-254252,Charging & Battery,App & Firmware,app_firmware,True
TK-254253,Delivery & Shipping,Delivery & Shipping,damaged_wrong,False
TK-254254,Delivery & Shipping,Delivery & Shipping,not_delivered,False
TK-254255,Warranty & Repair,Warranty & Repair,warranty_repair,False
TK-254256,Other,Billing & Payments,dup_payment,True
TK-254258,Delivery & Shipping,Billing & Payments,dup_payment,True
TK-254259,Billing & Payments,Billing & Payments,dup_payment,False
TK-254260,Connectivity,Connectivity,connectivity,False
TK-254261,Other,Billing & Payments,invoice,True
TK-254263,Connectivity,Connectivity,connectivity,False
TK-254264,Account & Login,Account & Login,login,False
TK-254266,Delivery & Shipping,Delivery & Shipping,not_delivered,False
TK-254267,Delivery & Shipping,Delivery & Shipping,not_delivered,False
TK-254269,Connectivity,Connectivity,connectivity,False
TK-254270,Returns & Refunds,Returns & Refunds,refund_status,False
TK-254271,Other,Delivery & Shipping,address_change,True
TK-254272,Delivery & Shipping,Delivery & Shipping,not_delivered,False
TK-254273,Warranty & Repair,Warranty & Repair,warranty_repair,False
TK-254274,Product Enquiry,Product Enquiry,enquiry,False
TK-254276,Product Enquiry,Product Enquiry,enquiry,False
TK-254277,Billing & Payments,Billing & Payments,dup_payment,False
TK-254278,Delivery & Shipping,Delivery & Shipping,damaged_wrong,False
TK-254279,Other,Delivery & Shipping,address_change,True
TK-254280,Connectivity,Connectivity,connectivity,False
TK-254281,Account & Login,Account & Login,login,False
TK-254282,Other,Delivery & Shipping,not_delivered,True
TK-254283,Charging & Battery,Billing & Payments,dup_payment,True
TK-254284,Delivery & Shipping,Delivery & Shipping,damaged_wrong,False
TK-254285,Returns & Refunds,Returns & Refunds,refund_status,False
TK-254286,Audio Quality,Audio Quality,audio,False
TK-254287,Charging & Battery,Charging & Battery,battery,False
TK-254288,Audio Quality,Audio Quality,audio,False
TK-254289,Billing & Payments,Billing & Payments,dup_payment,False
TK-254290,App & Firmware,Charging & Battery,battery,True
TK-254291,Delivery & Shipping,Delivery & Shipping,not_delivered,False
TK-254292,Audio Quality,Delivery & Shipping,not_delivered,True
TK-254293,Warranty & Repair,App & Firmware,app_firmware,True
TK-254295,Delivery & Shipping,Delivery & Shipping,damaged_wrong,False
TK-254296,Warranty & Repair,Warranty & Repair,warranty_repair,False
TK-254297,Warranty & Repair,Warranty & Repair,warranty_repair,False
TK-254298,Delivery & Shipping,Delivery & Shipping,damaged_wrong,False
TK-254299,Audio Quality,Audio Quality,audio,False
TK-254300,Account & Login,Account & Login,login,False
TK-254301,Warranty & Repair,App & Firmware,app_firmware,True
TK-254302,Audio Quality,Audio Quality,audio,False
TK-254304,Billing & Payments,Billing & Payments,dup_payment,False
TK-254306,Warranty & Repair,Warranty & Repair,warranty_repair,False
TK-254307,Warranty & Repair,Warranty & Repair,warranty_repair,False
TK-254309,Other,Connectivity,connectivity,True
TK-254311,Returns & Refunds,Returns & Refunds,return_pickup,False
TK-254313,Other,Connectivity,connectivity,True
TK-254314,Returns & Refunds,Delivery & Shipping,not_delivered,True
TK-254315,App & Firmware,Charging & Battery,battery,True
TK-254317,Connectivity,Connectivity,connectivity,False
TK-254318,Audio Quality,Delivery & Shipping,damaged_wrong,True
TK-254319,Audio Quality,Audio Quality,audio,False
TK-254320,Other,Delivery & Shipping,address_change,True
TK-254321,Billing & Payments,Billing & Payments,dup_payment,False
TK-254322,Product Enquiry,Product Enquiry,enquiry,False
TK-254323,App & Firmware,App & Firmware,app_firmware,False
TK-254325,App & Firmware,App & Firmware,app_firmware,False
TK-254326,Delivery & Shipping,Delivery & Shipping,damaged_wrong,False
TK-254327,Charging & Battery,Charging & Battery,battery,False
TK-254328,Delivery & Shipping,Delivery & Shipping,damaged_wrong,False
TK-254329,App & Firmware,App & Firmware,app_firmware,False
TK-254330,Warranty & Repair,Warranty & Repair,warranty_repair,False
TK-254331,Audio Quality,Audio Quality,audio,False
TK-254332,App & Firmware,App & Firmware,app_firmware,False
TK-254333,Delivery & Shipping,Delivery & Shipping,damaged_wrong,False
TK-254334,Returns & Refunds,Returns & Refunds,return_pickup,False
TK-254335,Charging & Battery,Charging & Battery,battery,False
TK-254336,Warranty & Repair,Warranty & Repair,warranty_repair,False
TK-254337,Delivery & Shipping,Delivery & Shipping,damaged_wrong,False
TK-254338,Product Enquiry,Product Enquiry,enquiry,False
TK-254339,Audio Quality,Audio Quality,audio,False
TK-254341,Audio Quality,Audio Quality,audio,False
TK-254342,Billing & Payments,Billing & Payments,invoice,False
TK-254344,Other,Product Enquiry,enquiry,True
TK-254345,Delivery & Shipping,Billing & Payments,cancel,True
TK-254346,Charging & Battery,Charging & Battery,battery,False
TK-254347,Charging & Battery,Charging & Battery,battery,False
TK-254349,Delivery & Shipping,Delivery & Shipping,not_delivered,False
TK-254350,Connectivity,Audio Quality,audio,True
TK-254351,Delivery & Shipping,Delivery & Shipping,not_delivered,False
TK-254352,Returns & Refunds,Returns & Refunds,return_pickup,False
TK-254354,Billing & Payments,Billing & Payments,dup_payment,False
TK-254355,Returns & Refunds,Delivery & Shipping,damaged_wrong,True
TK-254357,Delivery & Shipping,Delivery & Shipping,not_delivered,False
TK-254359,Other,Delivery & Shipping,not_delivered,True
TK-254360,Other,Connectivity,connectivity,True
TK-254361,Billing & Payments,Billing & Payments,dup_payment,False
TK-254362,Returns & Refunds,Returns & Refunds,refund_status,False
TK-254363,App & Firmware,Connectivity,connectivity,True
TK-254364,Returns & Refunds,Returns & Refunds,refund_status,False
TK-254365,Product Enquiry,Product Enquiry,enquiry,False
TK-254367,Delivery & Shipping,Delivery & Shipping,damaged_wrong,False
TK-254368,App & Firmware,App & Firmware,app_firmware,False
TK-254370,Account & Login,Account & Login,login,False
TK-254371,Connectivity,Connectivity,connectivity,False
TK-254373,Billing & Payments,Billing & Payments,dup_payment,False
TK-254374,Connectivity,Connectivity,connectivity,False
TK-254375,App & Firmware,Delivery & Shipping,not_delivered,True
TK-254377,Product Enquiry,Product Enquiry,enquiry,False
TK-254378,Other,Delivery & Shipping,not_delivered,True
TK-254379,Product Enquiry,Product Enquiry,enquiry,False
TK-254380,Other,Billing & Payments,dup_payment,True
TK-254381,Other,Billing & Payments,dup_payment,True
TK-254382,Billing & Payments,Billing & Payments,invoice,False
TK-254383,Connectivity,App & Firmware,app_firmware,True
TK-254384,Connectivity,Connectivity,connectivity,False
TK-254385,Billing & Payments,Billing & Payments,dup_payment,False
TK-254386,Connectivity,Connectivity,connectivity,False
TK-254387,Returns & Refunds,Returns & Refunds,refund_status,False
TK-254388,Billing & Payments,Returns & Refunds,refund_status,True
TK-254389,Charging & Battery,Charging & Battery,battery,False
TK-254390,Other,Billing & Payments,dup_payment,True
TK-254391,Connectivity,App & Firmware,app_firmware,True
TK-254393,Warranty & Repair,Returns & Refunds,refund_generic,True
TK-254394,Billing & Payments,Billing & Payments,cancel,False
TK-254395,Other,App & Firmware,app_firmware,True
TK-254396,Product Enquiry,Product Enquiry,enquiry,False
TK-254397,Account & Login,Account & Login,login,False
TK-254398,Delivery & Shipping,Delivery & Shipping,not_delivered,False
TK-254399,Other,Delivery & Shipping,address_change,True
TK-254400,Billing & Payments,Billing & Payments,coupon,False
TK-254401,Returns & Refunds,Returns & Refunds,refund_status,False
TK-254403,Delivery & Shipping,Delivery & Shipping,not_delivered,False
TK-254404,Product Enquiry,Product Enquiry,enquiry,False
TK-254406,Billing & Payments,Billing & Payments,dup_payment,False
TK-254407,Charging & Battery,Charging & Battery,battery,False
TK-254409,Product Enquiry,Returns & Refunds,refund_generic,True
TK-254411,Billing & Payments,Billing & Payments,coupon,False
TK-254412,Connectivity,Connectivity,connectivity,False
TK-254413,Audio Quality,Audio Quality,audio,False
TK-254415,Other,Billing & Payments,invoice,True
TK-254416,Billing & Payments,Billing & Payments,invoice,False
TK-254417,Delivery & Shipping,Delivery & Shipping,not_delivered,False
TK-254418,Billing & Payments,Billing & Payments,dup_payment,False
TK-254419,Charging & Battery,Charging & Battery,battery,False
TK-254421,Charging & Battery,Charging & Battery,battery,False
TK-254422,Other,Delivery & Shipping,not_delivered,True
TK-254423,Returns & Refunds,Returns & Refunds,return_pickup,False
TK-254424,Account & Login,Account & Login,login,False
TK-254425,Delivery & Shipping,Delivery & Shipping,damaged_wrong,False
TK-254427,Charging & Battery,Charging & Battery,battery,False
TK-254429,Other,App & Firmware,app_firmware,True
TK-254430,App & Firmware,App & Firmware,app_firmware,False
TK-254432,Delivery & Shipping,Billing & Payments,cancel,True
TK-254433,Connectivity,Connectivity,connectivity,False
TK-254434,Connectivity,Connectivity,connectivity,False
TK-254435,Billing & Payments,Billing & Payments,dup_payment,False
TK-254436,App & Firmware,App & Firmware,app_firmware,False
TK-254437,Connectivity,Connectivity,connectivity,False
TK-254438,Delivery & Shipping,Delivery & Shipping,damaged_wrong,False
TK-254440,Connectivity,Connectivity,connectivity,False
TK-254441,Account & Login,Account & Login,login,False
TK-254442,Delivery & Shipping,Delivery & Shipping,damaged_wrong,False
TK-254443,Other,Billing & Payments,cancel,True
TK-254444,Other,App & Firmware,app_firmware,True
TK-254445,Billing & Payments,Billing & Payments,dup_payment,False
TK-254446,Connectivity,Connectivity,connectivity,False
TK-254447,Delivery & Shipping,Delivery & Shipping,not_delivered,False
TK-254448,Charging & Battery,Charging & Battery,battery,False
TK-254450,Charging & Battery,Charging & Battery,battery,False
TK-254452,Audio Quality,Audio Quality,mic_issue,False
TK-254454,Other,Account & Login,login,True
TK-254455,Other,Billing & Payments,cancel,True
TK-254456,Returns & Refunds,Returns & Refunds,refund_status,False
TK-254457,Delivery & Shipping,Returns & Refunds,return_pickup,True
TK-254459,Billing & Payments,Billing & Payments,invoice,False
TK-254460,Other,Billing & Payments,coupon,True
TK-254461,Delivery & Shipping,Delivery & Shipping,not_delivered,False
TK-254463,Other,App & Firmware,app_firmware,True
TK-254464,Charging & Battery,Charging & Battery,battery,False
TK-254465,Account & Login,Billing & Payments,invoice,True
TK-254466,Delivery & Shipping,Delivery & Shipping,damaged_wrong,False
TK-254467,Audio Quality,Audio Quality,audio,False
TK-254468,Delivery & Shipping,Delivery & Shipping,damaged_wrong,False
TK-254469,Billing & Payments,Billing & Payments,dup_payment,False
TK-254470,Other,Billing & Payments,cancel,True
TK-254471,Returns & Refunds,Returns & Refunds,refund_status,False
TK-254472,App & Firmware,Delivery & Shipping,not_delivered,True
TK-254473,Other,Billing & Payments,cancel,True
TK-254474,Warranty & Repair,Warranty & Repair,warranty_repair,False
TK-254475,Account & Login,Account & Login,login,False
TK-254476,Other,Billing & Payments,cancel,True
TK-254478,Delivery & Shipping,Delivery & Shipping,not_delivered,False
TK-254479,Other,Billing & Payments,dup_payment,True
TK-254480,Other,Warranty & Repair,warranty_repair,True
TK-254481,Billing & Payments,Billing & Payments,coupon,False
TK-254482,Audio Quality,Audio Quality,audio,False
TK-254483,Warranty & Repair,Warranty & Repair,warranty_repair,False
TK-254484,Connectivity,Connectivity,connectivity,False
TK-254485,Account & Login,Account & Login,login,False
TK-254486,Billing & Payments,Billing & Payments,invoice,False
TK-254487,Delivery & Shipping,Delivery & Shipping,not_delivered,False
TK-254488,App & Firmware,Account & Login,login,True
TK-254489,Delivery & Shipping,Delivery & Shipping,address_change,False
TK-254490,Billing & Payments,Billing & Payments,dup_payment,False
TK-254491,Returns & Refunds,Returns & Refunds,refund_status,False
TK-254492,Audio Quality,Audio Quality,audio,False
TK-254494,Product Enquiry,Product Enquiry,enquiry,False
TK-254495,Warranty & Repair,Warranty & Repair,warranty_repair,False
TK-254496,Delivery & Shipping,Delivery & Shipping,damaged_wrong,False
TK-254497,Charging & Battery,App & Firmware,app_firmware,True
TK-254499,App & Firmware,App & Firmware,app_firmware,False
TK-254501,Delivery & Shipping,Delivery & Shipping,damaged_wrong,False
TK-254502,Delivery & Shipping,Delivery & Shipping,not_delivered,False
TK-254503,Billing & Payments,Billing & Payments,coupon,False
TK-254504,Returns & Refunds,Delivery & Shipping,damaged_wrong,True
TK-254506,Returns & Refunds,Returns & Refunds,refund_status,False
TK-254507,Audio Quality,Audio Quality,audio,False
TK-254509,Delivery & Shipping,Delivery & Shipping,damaged_wrong,False
TK-254510,Connectivity,Connectivity,connectivity,False
TK-254511,Product Enquiry,Product Enquiry,enquiry,False
TK-254512,Charging & Battery,Charging & Battery,battery,False
TK-254514,Warranty & Repair,Warranty & Repair,warranty_repair,False
TK-254516,Charging & Battery,Charging & Battery,battery,False
TK-254517,Returns & Refunds,Returns & Refunds,return_pickup,False
TK-254519,Returns & Refunds,Delivery & Shipping,damaged_wrong,True
TK-254520,Audio Quality,Audio Quality,audio,False
TK-254521,Charging & Battery,Audio Quality,audio,True
TK-254522,Charging & Battery,Charging & Battery,battery,False
TK-254523,Account & Login,Account & Login,login,False
TK-254524,Delivery & Shipping,Billing & Payments,dup_payment,True
TK-254526,Returns & Refunds,Returns & Refunds,refund_status,False
TK-254527,App & Firmware,Charging & Battery,battery,True
TK-254529,Connectivity,Connectivity,connectivity,False
TK-254530,Product Enquiry,Product Enquiry,enquiry,False
TK-254531,App & Firmware,Billing & Payments,dup_payment,True
TK-254532,Delivery & Shipping,Delivery & Shipping,not_delivered,False
TK-254533,App & Firmware,Charging & Battery,battery,True
TK-254534,Returns & Refunds,Returns & Refunds,refund_status,False
TK-254535,Delivery & Shipping,Delivery & Shipping,damaged_wrong,False
TK-254537,Delivery & Shipping,Delivery & Shipping,not_delivered,False
TK-254538,Other,Connectivity,connectivity,True
TK-254539,Delivery & Shipping,Billing & Payments,dup_payment,True
TK-254540,Other,Billing & Payments,cancel,True
TK-254541,Billing & Payments,Billing & Payments,coupon,False
TK-254542,Delivery & Shipping,Delivery & Shipping,not_delivered,False
TK-254543,Connectivity,Connectivity,connectivity,False
TK-254544,Billing & Payments,Billing & Payments,invoice,False
TK-254546,Product Enquiry,Product Enquiry,enquiry,False
TK-254548,Connectivity,Connectivity,connectivity,False
TK-254550,Connectivity,Delivery & Shipping,not_delivered,True
TK-254551,Connectivity,Connectivity,connectivity,False
TK-254553,Connectivity,Connectivity,connectivity,False
TK-254555,Delivery & Shipping,Delivery & Shipping,not_delivered,False
TK-254556,Billing & Payments,Billing & Payments,coupon,False
TK-254557,Other,Billing & Payments,cancel,True
TK-254558,Delivery & Shipping,Delivery & Shipping,damaged_wrong,False
TK-254559,Account & Login,Account & Login,login,False
TK-254560,Delivery & Shipping,Delivery & Shipping,not_delivered,False
TK-254562,Other,App & Firmware,app_firmware,True
TK-254564,Audio Quality,Delivery & Shipping,not_delivered,True
TK-254565,App & Firmware,App & Firmware,app_firmware,False
TK-254566,Other,Billing & Payments,cancel,True
TK-254568,Connectivity,Connectivity,connectivity,False
TK-254570,Delivery & Shipping,Delivery & Shipping,damaged_wrong,False
TK-254571,Connectivity,Connectivity,connectivity,False
TK-254572,Delivery & Shipping,Delivery & Shipping,damaged_wrong,False
TK-254574,Charging & Battery,Charging & Battery,battery,False
TK-254575,Delivery & Shipping,Delivery & Shipping,not_delivered,False
TK-254577,Billing & Payments,Billing & Payments,invoice,False
TK-254578,Audio Quality,Audio Quality,audio,False
TK-254579,Returns & Refunds,Returns & Refunds,refund_status,False
TK-254580,Other,Delivery & Shipping,not_delivered,True
TK-254581,Product Enquiry,Product Enquiry,enquiry,False
TK-254582,Charging & Battery,Charging & Battery,battery,False
TK-254583,Connectivity,Connectivity,connectivity,False
TK-254584,Other,Billing & Payments,coupon,True
TK-254585,Charging & Battery,Audio Quality,audio,True
TK-254587,App & Firmware,App & Firmware,app_firmware,False
TK-254588,Other,Account & Login,login,True
TK-254590,Delivery & Shipping,Delivery & Shipping,not_delivered,False
TK-254591,Delivery & Shipping,Delivery & Shipping,damaged_wrong,False
TK-254592,Account & Login,Account & Login,login,False
TK-254593,Delivery & Shipping,Delivery & Shipping,not_delivered,False
TK-254594,Billing & Payments,Billing & Payments,invoice,False
TK-254595,Connectivity,Connectivity,connectivity,False
TK-254596,Delivery & Shipping,Delivery & Shipping,damaged_wrong,False
TK-254597,Delivery & Shipping,Delivery & Shipping,damaged_wrong,False
TK-254598,Other,Warranty & Repair,warranty_repair,True
TK-254599,Other,Audio Quality,audio,True
TK-254601,Charging & Battery,Audio Quality,audio,True
TK-254602,Returns & Refunds,Returns & Refunds,refund_status,False
TK-254603,Connectivity,Connectivity,connectivity,False
TK-254604,Delivery & Shipping,Returns & Refunds,return_pickup,True
TK-254605,Other,App & Firmware,app_firmware,True
TK-254606,Returns & Refunds,Returns & Refunds,refund_status,False
TK-254607,Returns & Refunds,Returns & Refunds,refund_status,False
TK-254608,Returns & Refunds,Returns & Refunds,refund_status,False
TK-254610,Billing & Payments,Billing & Payments,dup_payment,False
TK-254611,Returns & Refunds,Returns & Refunds,refund_status,False
TK-254612,Other,Billing & Payments,dup_payment,True
TK-254613,Returns & Refunds,Delivery & Shipping,damaged_wrong,True
TK-254614,Billing & Payments,Billing & Payments,invoice,False
TK-254615,Audio Quality,Audio Quality,audio,False
TK-254617,Charging & Battery,Charging & Battery,battery,False
TK-254619,Audio Quality,Audio Quality,audio,False
TK-254620,Billing & Payments,Billing & Payments,dup_payment,False
TK-254621,Other,Warranty & Repair,warranty_repair,True
TK-254623,Account & Login,Account & Login,login,False
TK-254625,Warranty & Repair,Returns & Refunds,refund_generic,True
TK-254626,Returns & Refunds,Returns & Refunds,return_pickup,False
TK-254628,Product Enquiry,Product Enquiry,enquiry,False
TK-254630,Charging & Battery,Charging & Battery,battery,False
TK-254631,Delivery & Shipping,Delivery & Shipping,not_delivered,False
TK-254632,Other,Billing & Payments,dup_payment,True
TK-254633,Delivery & Shipping,Delivery & Shipping,damaged_wrong,False
TK-254634,Delivery & Shipping,Delivery & Shipping,not_delivered,False
TK-254636,Other,Delivery & Shipping,not_delivered,True
TK-254637,Product Enquiry,Product Enquiry,enquiry,False
TK-254639,Returns & Refunds,Returns & Refunds,return_pickup,False
TK-254640,Charging & Battery,Charging & Battery,battery,False
TK-254641,App & Firmware,App & Firmware,app_firmware,False
TK-254642,Connectivity,Warranty & Repair,warranty_repair,True
TK-254644,Other,Billing & Payments,cancel,True
TK-254645,Connectivity,Connectivity,connectivity,False
TK-254646,Billing & Payments,Billing & Payments,coupon,False
TK-254647,Warranty & Repair,Warranty & Repair,warranty_repair,False
TK-254648,Product Enquiry,Product Enquiry,enquiry,False
TK-254649,Billing & Payments,Billing & Payments,dup_payment,False
TK-254651,Audio Quality,Audio Quality,audio,False
TK-254652,Charging & Battery,Delivery & Shipping,not_delivered,True
TK-254653,Audio Quality,Audio Quality,audio,False
TK-254654,Returns & Refunds,Returns & Refunds,refund_status,False
TK-254655,Charging & Battery,Charging & Battery,battery,False
TK-254656,Charging & Battery,Billing & Payments,dup_payment,True
TK-254657,Connectivity,App & Firmware,app_firmware,True
TK-254658,Returns & Refunds,Returns & Refunds,refund_status,False
TK-254660,Charging & Battery,Charging & Battery,battery,False
TK-254661,Returns & Refunds,Returns & Refunds,refund_status,False
TK-254662,Delivery & Shipping,Delivery & Shipping,not_delivered,False
TK-254664,Connectivity,Connectivity,connectivity,False
TK-254666,Returns & Refunds,Returns & Refunds,refund_status,False
TK-254668,Audio Quality,Audio Quality,audio,False
TK-254669,App & Firmware,Charging & Battery,battery,True
TK-254670,Charging & Battery,App & Firmware,app_firmware,True
TK-254672,Charging & Battery,Charging & Battery,battery,False
TK-254674,Other,Charging & Battery,battery,True
TK-254675,Billing & Payments,Billing & Payments,coupon,False
TK-254676,Other,Product Enquiry,enquiry,True
TK-254677,Delivery & Shipping,Delivery & Shipping,not_delivered,False
TK-254678,Audio Quality,Delivery & Shipping,damaged_wrong,True
TK-254679,Delivery & Shipping,Billing & Payments,dup_payment,True
TK-254681,Delivery & Shipping,Delivery & Shipping,not_delivered,False
TK-254682,Delivery & Shipping,Delivery & Shipping,damaged_wrong,False
TK-254683,Billing & Payments,Billing & Payments,dup_payment,False
TK-254684,Delivery & Shipping,Delivery & Shipping,not_delivered,False
TK-254685,Delivery & Shipping,Delivery & Shipping,not_delivered,False
TK-254686,Other,Billing & Payments,invoice,True
TK-254687,Other,Delivery & Shipping,not_delivered,True
TK-254689,Product Enquiry,Product Enquiry,enquiry,False
TK-254690,Other,Billing & Payments,cancel,True
TK-254691,Delivery & Shipping,Delivery & Shipping,damaged_wrong,False
TK-254692,App & Firmware,App & Firmware,app_firmware,False
TK-254694,Charging & Battery,Charging & Battery,battery,False
TK-254695,Product Enquiry,Product Enquiry,enquiry,False
TK-254696,Billing & Payments,Connectivity,connectivity,True
TK-254697,App & Firmware,App & Firmware,app_firmware,False
TK-254698,Connectivity,Connectivity,connectivity,False
TK-254699,Billing & Payments,Billing & Payments,invoice,False
TK-254700,Warranty & Repair,Warranty & Repair,warranty_repair,False
TK-254701,Delivery & Shipping,Delivery & Shipping,not_delivered,False
TK-254702,Product Enquiry,Product Enquiry,enquiry,False
TK-254703,Returns & Refunds,Returns & Refunds,refund_status,False
TK-254704,Connectivity,Connectivity,connectivity,False
TK-254705,Account & Login,Account & Login,login,False
TK-254707,Other,Warranty & Repair,warranty_repair,True
TK-254708,Charging & Battery,Charging & Battery,battery,False
TK-254710,Audio Quality,Audio Quality,mic_issue,False
TK-254711,App & Firmware,App & Firmware,app_firmware,False
TK-254713,Audio Quality,Audio Quality,mic_issue,False
TK-254714,Other,Warranty & Repair,warranty_repair,True
TK-254715,Other,Account & Login,login,True
TK-254716,Account & Login,Account & Login,login,False
TK-254717,Charging & Battery,Delivery & Shipping,not_delivered,True
TK-254718,Charging & Battery,Charging & Battery,battery,False
TK-254720,Charging & Battery,Charging & Battery,battery,False
TK-254721,Delivery & Shipping,Delivery & Shipping,damaged_wrong,False
TK-254723,Connectivity,Connectivity,connectivity,False
TK-254724,Returns & Refunds,Returns & Refunds,return_pickup,False
TK-254725,Account & Login,Account & Login,login,False
TK-254726,Delivery & Shipping,Delivery & Shipping,damaged_wrong,False
TK-254727,Returns & Refunds,Returns & Refunds,refund_status,False
TK-254728,Connectivity,Connectivity,connectivity,False
TK-254729,Product Enquiry,Product Enquiry,enquiry,False
TK-254730,Returns & Refunds,Returns & Refunds,return_pickup,False
TK-254731,Connectivity,Connectivity,connectivity,False
TK-254733,Delivery & Shipping,Delivery & Shipping,damaged_wrong,False
TK-254734,Returns & Refunds,Returns & Refunds,return_pickup,False
TK-254735,Other,Billing & Payments,cancel,True
TK-254736,Billing & Payments,Connectivity,connectivity,True
TK-254737,Returns & Refunds,Returns & Refunds,refund_status,False
TK-254739,App & Firmware,App & Firmware,app_firmware,False
TK-254740,Charging & Battery,Billing & Payments,dup_payment,True
TK-254741,Other,Billing & Payments,cancel,True
TK-254742,Connectivity,Connectivity,connectivity,False
TK-254743,Delivery & Shipping,Returns & Refunds,return_pickup,True
TK-254745,Audio Quality,Audio Quality,mic_issue,False
TK-254746,Audio Quality,Audio Quality,audio,False
TK-254747,Returns & Refunds,Returns & Refunds,refund_status,False
TK-254748,Charging & Battery,App & Firmware,app_firmware,True
TK-254749,Audio Quality,Audio Quality,mic_issue,False
TK-254751,App & Firmware,App & Firmware,app_firmware,False
TK-254752,Connectivity,Connectivity,connectivity,False
TK-254754,Other,Billing & Payments,cancel,True
TK-254755,Delivery & Shipping,Delivery & Shipping,not_delivered,False
TK-254757,Billing & Payments,Billing & Payments,invoice,False
TK-254758,Charging & Battery,Other,unclassified,False
TK-254759,Billing & Payments,Billing & Payments,invoice,False
TK-254761,Charging & Battery,Charging & Battery,battery,False
TK-254763,Warranty & Repair,Warranty & Repair,warranty_repair,False
TK-254764,Returns & Refunds,Delivery & Shipping,not_delivered,True
TK-254766,Delivery & Shipping,Delivery & Shipping,not_delivered,False
TK-254767,Charging & Battery,Charging & Battery,battery,False
TK-254769,Delivery & Shipping,Delivery & Shipping,not_delivered,False
TK-254771,Other,Charging & Battery,battery,True
TK-254772,Billing & Payments,Billing & Payments,coupon,False
TK-254774,Billing & Payments,Billing & Payments,dup_payment,False
TK-254776,Product Enquiry,Other,unclassified,False
TK-254777,Audio Quality,Audio Quality,audio,False
TK-254778,Billing & Payments,Billing & Payments,dup_payment,False
TK-254779,Warranty & Repair,Warranty & Repair,warranty_repair,False
TK-254781,Other,Billing & Payments,cancel,True
TK-254782,Product Enquiry,Product Enquiry,enquiry,False
TK-254783,Audio Quality,Audio Quality,audio,False
TK-254784,Charging & Battery,Billing & Payments,dup_payment,True
TK-254786,Delivery & Shipping,Delivery & Shipping,damaged_wrong,False
TK-254787,Charging & Battery,App & Firmware,app_firmware,True
TK-254788,Charging & Battery,Charging & Battery,battery,False
TK-254789,Delivery & Shipping,Delivery & Shipping,not_delivered,False
TK-254790,Connectivity,Delivery & Shipping,not_delivered,True
TK-254792,Charging & Battery,Charging & Battery,battery,False
TK-254794,Connectivity,Audio Quality,mic_issue,True
TK-254796,Other,Billing & Payments,cancel,True
TK-254797,App & Firmware,App & Firmware,app_firmware,False
TK-254798,Other,Product Enquiry,enquiry,True
TK-254800,Billing & Payments,Billing & Payments,dup_payment,False
TK-254801,App & Firmware,Charging & Battery,battery,True
TK-254802,App & Firmware,App & Firmware,app_firmware,False
TK-254803,Delivery & Shipping,Delivery & Shipping,not_delivered,False
TK-254804,Connectivity,Connectivity,connectivity,False
TK-254806,Connectivity,Connectivity,connectivity,False
TK-254807,Returns & Refunds,Returns & Refunds,return_pickup,False
TK-254808,Returns & Refunds,Returns & Refunds,refund_status,False
TK-254809,Other,Other,unclassified,False
TK-254811,Delivery & Shipping,Delivery & Shipping,not_delivered,False
TK-254813,Delivery & Shipping,Delivery & Shipping,not_delivered,False
TK-254815,Billing & Payments,Billing & Payments,invoice,False
TK-254816,Charging & Battery,Delivery & Shipping,not_delivered,True
TK-254818,Account & Login,Account & Login,login,False
TK-254819,Charging & Battery,Charging & Battery,battery,False
TK-254821,Delivery & Shipping,Delivery & Shipping,not_delivered,False
TK-254823,Connectivity,Connectivity,connectivity,False
TK-254825,Delivery & Shipping,Delivery & Shipping,not_delivered,False
TK-254826,Other,Delivery & Shipping,not_delivered,True
TK-254828,Connectivity,Connectivity,connectivity,False
TK-254829,Billing & Payments,Billing & Payments,dup_payment,False
TK-254831,Delivery & Shipping,Returns & Refunds,return_pickup,True
TK-254832,Other,Warranty & Repair,warranty_repair,True
TK-254833,Returns & Refunds,Returns & Refunds,return_pickup,False
TK-254834,Audio Quality,Audio Quality,mic_issue,False
TK-254836,Connectivity,App & Firmware,app_firmware,True
TK-254837,Returns & Refunds,Delivery & Shipping,not_delivered,True
TK-254839,Billing & Payments,Billing & Payments,coupon,False
TK-254840,Other,Connectivity,connectivity,True
TK-254841,Other,Billing & Payments,cancel,True
TK-254842,Delivery & Shipping,Delivery & Shipping,damaged_wrong,False
TK-254843,Product Enquiry,Product Enquiry,enquiry,False
TK-254844,Charging & Battery,Charging & Battery,battery,False
TK-254845,Billing & Payments,Billing & Payments,invoice,False
TK-254846,Returns & Refunds,Returns & Refunds,refund_status,False
TK-254847,Other,Product Enquiry,enquiry,True
TK-254849,Billing & Payments,Billing & Payments,coupon,False
TK-254850,Connectivity,Connectivity,connectivity,False
TK-254852,Billing & Payments,Billing & Payments,dup_payment,False
TK-254854,Product Enquiry,Product Enquiry,enquiry,False
TK-254855,Returns & Refunds,Returns & Refunds,refund_status,False
TK-254857,Delivery & Shipping,Billing & Payments,dup_payment,True
TK-254859,Returns & Refunds,Returns & Refunds,return_pickup,False
TK-254860,Product Enquiry,Product Enquiry,enquiry,False
TK-254861,Billing & Payments,Billing & Payments,dup_payment,False
TK-254862,Delivery & Shipping,Delivery & Shipping,not_delivered,False
TK-254863,App & Firmware,App & Firmware,app_firmware,False
TK-254864,Account & Login,Account & Login,login,False
TK-254865,Audio Quality,Audio Quality,audio,False
TK-254867,Other,Billing & Payments,cancel,True
TK-254868,App & Firmware,Account & Login,login,True
TK-254869,Returns & Refunds,Returns & Refunds,return_pickup,False
TK-254871,Audio Quality,Audio Quality,audio,False
TK-254872,App & Firmware,Charging & Battery,battery,True
TK-254873,Delivery & Shipping,Delivery & Shipping,not_delivered,False
TK-254874,Charging & Battery,Charging & Battery,battery,False
TK-254876,Other,Charging & Battery,battery,True
TK-254877,Other,Billing & Payments,cancel,True
TK-254878,Other,Billing & Payments,cancel,True
TK-254880,Connectivity,Connectivity,connectivity,False
TK-254882,Charging & Battery,Charging & Battery,battery,False
TK-254883,Warranty & Repair,Warranty & Repair,warranty_repair,False
TK-254884,Delivery & Shipping,Delivery & Shipping,damaged_wrong,False
TK-254886,Billing & Payments,Billing & Payments,dup_payment,False
TK-254888,App & Firmware,App & Firmware,app_firmware,False
TK-254889,Warranty & Repair,Charging & Battery,battery,True
TK-254890,Billing & Payments,Connectivity,connectivity,True
TK-254892,Delivery & Shipping,Delivery & Shipping,damaged_wrong,False
